project_id,state,district,latitude,longitude,project_type,implementing_department,land_area_hectares,families_affected,compensation_assessed_inr,compensation_disbursed_pct,legal_disputes_count,notification_date,approval_stage,rr_progress_pct,stakeholder_responsiveness,historical_dept_avg_delay_days,last_activity_date,risk_score_raw,delayed,delay_days,project_budget,status,actual_end_date,action_taken,final_outcome,created_by
LA-2021-0000,Andhra Pradesh,Visakhapatnam,16.4538,80.0184,Irrigation/Water Res.,State Water Resources Dept,13.3,45,118966000,61.2,3,2021-07-29,Stage 4 of 5,47.7,Medium,173,2026-06-12,0.439,Y,717,415880000,Completed,2023-02-11,False,Delayed - Unresolved,seed_officer_018
LA-2025-0001,West Bengal,Howrah,23.3569,87.6205,Highway,NHAI,9.6,118,63070000,28.0,4,2025-09-05,Stage 3 of 5,20.2,Medium,20,2026-07-30,0.51,Y,38,248140000,Ongoing,,False,,seed_officer_009
LA-2021-0002,Rajasthan,Jaipur,27.3206,74.2655,Irrigation/Water Res.,State Water Resources Dept,22.0,91,95497000,98.4,0,2021-01-25,Stage 5 of 5,89.4,Medium,259,2026-08-24,0.021,N,29,441750000,Completed,2023-09-25,,On Time,seed_officer_038
LA-2023-0003,Andhra Pradesh,Kurnool,16.1155,79.9391,Irrigation/Water Res.,State Water Resources Dept,12.4,68,133087000,65.5,0,2023-06-01,Stage 4 of 5,89.4,Medium,106,2026-08-30,0.176,N,5,401450000,Completed,2026-01-13,,On Time,seed_officer_002
LA-2024-0004,Bihar,Patna,25.4028,84.9877,Highway,NHAI,12.6,27,103098000,47.0,2,2024-06-17,Stage 3 of 5,36.5,Low,292,2026-07-24,0.449,Y,376,686840000,Ongoing,,False,,seed_officer_015
LA-2022-0005,Andhra Pradesh,Anantapur,15.5105,79.7809,Railway,Ministry of Railways,6.1,47,24634000,78.9,0,2022-02-06,Stage 4 of 5,50.3,Medium,203,2026-08-09,0.361,Y,250,70960000,Completed,2024-05-18,True,Delayed - Resolved,seed_officer_036
LA-2025-0006,Andhra Pradesh,Vijayawada,15.6035,80.1038,Railway,State Railway Infra Corp,21.6,81,173494000,36.7,2,2025-09-26,Stage 2 of 5,15.7,Medium,204,2026-05-06,0.505,Y,152,977410000,Stalled,,True,Delayed - Unresolved,seed_officer_015
LA-2022-0007,Maharashtra,Aurangabad,20.2611,76.1667,Highway,State PWD,42.1,231,270248000,93.8,0,2022-07-25,Stage 5 of 5,81.6,Low,291,2026-08-29,0.111,N,29,825050000,Completed,2024-12-12,,On Time,seed_officer_001
LA-2025-0008,Maharashtra,Satara,19.3455,76.1922,Irrigation/Water Res.,State Water Resources Dept,19.2,27,127199000,27.3,0,2025-10-06,Stage 1 of 5,12.1,Medium,107,2026-08-27,0.468,Y,272,474670000,Ongoing,,False,,seed_officer_028
LA-2022-0009,Bihar,Bhagalpur,25.5834,85.2344,Railway,State Railway Infra Corp,258.5,2348,1420454000,40.4,0,2022-01-11,Stage 1 of 5,33.1,High,291,2026-09-02,0.282,N,28,7724120000,Completed,2025-02-12,,On Time,seed_officer_010
LA-2022-0010,Karnataka,Mysuru,15.4014,75.2305,Irrigation/Water Res.,State Water Resources Dept,4.2,36,39443000,79.4,0,2022-12-20,Stage 4 of 5,52.0,Medium,120,2026-08-29,0.095,N,1,246280000,Completed,2025-05-18,,On Time,seed_officer_007
LA-2025-0011,Maharashtra,Pune,19.8461,75.6401,Irrigation/Water Res.,State Water Resources Dept,25.7,47,217086000,27.4,0,2025-05-28,Stage 1 of 5,14.3,Medium,172,2026-09-03,0.319,Y,381,1353940000,Ongoing,,False,,seed_officer_007
LA-2020-0012,Gujarat,Vadodara,22.4236,71.4637,Urban Infra/Metro,Urban Dev. Authority,2.7,16,13241000,55.3,1,2020-10-20,Stage 2 of 5,40.2,Low,161,2026-05-08,0.376,Y,181,47690000,Completed,2024-09-27,False,Delayed - Unresolved,seed_officer_039
LA-2022-0013,Tamil Nadu,Madurai,11.0306,78.3542,Railway,Ministry of Railways,13.7,46,82197000,78.0,0,2022-08-08,Stage 3 of 5,63.0,Low,238,2026-08-21,0.16,N,11,300900000,Completed,2025-09-30,,On Time,seed_officer_030
LA-2021-0014,Tamil Nadu,Tiruchirappalli,10.5589,78.7598,Urban Infra/Metro,State Metro Rail Corp,32.5,20,165723000,89.2,0,2021-10-10,Stage 4 of 5,64.4,Low,244,2026-08-22,0.075,N,0,762610000,Completed,2026-06-03,,On Time,seed_officer_025
LA-2022-0015,Andhra Pradesh,Visakhapatnam,16.3268,79.1679,Industrial Corridor,DMIC/NICDC,5.3,16,38762000,60.2,0,2022-04-09,Stage 3 of 5,29.0,Medium,335,2026-08-26,0.356,Y,700,145660000,Ongoing,,False,,seed_officer_040
LA-2023-0016,Uttar Pradesh,Meerut,27.0625,81.2341,Highway,State PWD,29.1,12,130956000,30.8,5,2023-05-22,Stage 3 of 5,20.1,High,226,2026-07-22,0.688,Y,219,460300000,Ongoing,,False,,seed_officer_037
LA-2024-0017,Odisha,Cuttack,21.2992,84.6079,Railway,Ministry of Railways,108.1,425,969098000,89.6,0,2024-05-28,Stage 5 of 5,77.0,High,206,2026-08-04,0.0,N,7,5404260000,Ongoing,,,,seed_officer_003
LA-2022-0018,Gujarat,Surat,21.9386,71.29,Power Transmission,State Electricity Board,11.6,37,76482000,34.7,0,2022-10-09,Stage 1 of 5,9.1,High,305,2026-08-29,0.287,N,0,474280000,Completed,2025-05-13,,On Time,seed_officer_006
LA-2023-0019,Odisha,Cuttack,21.339,85.3916,Industrial Corridor,State Industrial Dev. Corp,6.7,20,19386000,35.6,8,2023-02-02,Stage 5 of 5,32.5,Low,199,2026-05-13,0.893,Y,481,67040000,Stalled,,False,Shelved,seed_officer_025
LA-2025-0020,Tamil Nadu,Madurai,11.2283,79.1383,Highway,State PWD,14.9,112,70868000,46.4,1,2025-12-17,Stage 3 of 5,31.7,Medium,352,2026-08-31,0.201,N,4,428880000,Ongoing,,,,seed_officer_024
LA-2022-0021,Madhya Pradesh,Indore,22.8734,78.7543,Power Transmission,State Electricity Board,5.4,27,46184000,49.7,0,2022-10-08,Stage 2 of 5,41.4,High,173,2026-06-10,0.301,Y,47,147750000,Ongoing,,False,,seed_officer_023
LA-2022-0022,Gujarat,Surat,22.5815,71.7261,Power Transmission,State Electricity Board,9.6,32,92111000,82.2,0,2022-03-22,Stage 5 of 5,69.9,Medium,134,2026-07-18,0.049,N,25,549320000,Completed,2024-07-30,,On Time,seed_officer_005
LA-2024-0023,Bihar,Darbhanga,24.6569,84.7476,Industrial Corridor,State Industrial Dev. Corp,36.7,362,130366000,86.0,0,2024-01-10,Stage 4 of 5,64.4,Medium,224,2026-08-31,0.0,N,36,511800000,Completed,2026-06-12,,On Time,seed_officer_035
LA-2021-0024,Madhya Pradesh,Indore,22.5499,79.1688,Railway,Ministry of Railways,96.1,286,556011000,65.7,0,2021-06-02,Stage 4 of 5,34.1,Medium,370,2026-07-18,0.358,Y,261,2393170000,Ongoing,,False,,seed_officer_030
LA-2024-0025,West Bengal,Nadia,23.1091,87.5236,Power Transmission,State Electricity Board,5.2,10,31803000,62.7,0,2024-10-14,Stage 2 of 5,53.7,Low,244,2026-08-05,0.272,N,1,95170000,Ongoing,,,,seed_officer_036
LA-2020-0026,Maharashtra,Nagpur,19.4838,76.0813,Industrial Corridor,DMIC/NICDC,10.2,28,60359000,66.2,0,2020-09-17,Stage 3 of 5,48.4,High,169,2026-08-31,0.242,N,7,202900000,Completed,2020-12-25,,On Time,seed_officer_004
LA-2025-0027,Maharashtra,Nagpur,19.538,75.3676,Railway,Ministry of Railways,75.1,514,458201000,90.8,0,2025-12-13,Stage 4 of 5,97.1,Medium,280,2026-09-02,0.056,N,14,1835380000,Ongoing,,,,seed_officer_021
LA-2021-0028,Andhra Pradesh,Kurnool,16.4333,79.149,Highway,State PWD,13.7,62,45431000,54.3,0,2021-10-10,Stage 2 of 5,47.1,Medium,272,2026-09-04,0.28,N,3,193250000,Completed,2026-01-19,,On Time,seed_officer_005
LA-2023-0029,Karnataka,Mysuru,15.3531,75.9626,Industrial Corridor,DMIC/NICDC,8.3,35,42146000,50.0,1,2023-10-16,Stage 3 of 5,36.5,Medium,223,2026-08-17,0.354,Y,819,191770000,Ongoing,,False,,seed_officer_014
LA-2023-0030,Rajasthan,Alwar,27.5818,73.7671,Industrial Corridor,DMIC/NICDC,17.8,62,147884000,75.5,0,2023-11-09,Stage 4 of 5,68.7,Low,246,2026-08-23,0.162,N,5,516000000,Completed,2024-05-14,,On Time,seed_officer_030
LA-2020-0031,Bihar,Gaya,24.9484,85.2683,Highway,State PWD,16.7,185,177528000,4.1,2,2020-10-13,Stage 1 of 5,0.0,Medium,118,2026-05-26,0.587,Y,211,507890000,Stalled,,False,Shelved,seed_officer_009
LA-2024-0032,Karnataka,Mysuru,15.6516,75.2857,Highway,State PWD,42.5,154,136740000,97.7,2,2024-01-09,Stage 5 of 5,78.6,Low,192,2026-08-23,0.282,N,15,528880000,Completed,2024-06-12,,On Time,seed_officer_038
LA-2021-0033,Tamil Nadu,Salem,11.5193,79.2078,Railway,State Railway Infra Corp,39.5,108,281773000,51.4,0,2021-10-06,Stage 3 of 5,44.8,Medium,257,2026-08-26,0.26,N,2,1038440000,Completed,2023-11-22,,On Time,seed_officer_024
LA-2023-0034,Maharashtra,Nagpur,19.2766,76.1224,Power Transmission,Power Grid Corp,24.5,73,96628000,91.2,0,2023-06-16,Stage 5 of 5,60.6,Low,365,2026-09-02,0.182,N,0,420790000,Completed,2025-03-13,,On Time,seed_officer_033
LA-2026-0035,Rajasthan,Alwar,27.5314,74.1767,Railway,Ministry of Railways,9.7,45,88804000,69.2,0,2026-02-18,Stage 3 of 5,56.5,Medium,242,2026-08-31,0.097,N,48,381260000,Ongoing,,,,seed_officer_004
LA-2025-0036,Maharashtra,Satara,20.3477,75.7165,Irrigation/Water Res.,State Water Resources Dept,26.2,102,232245000,78.8,0,2025-06-19,Stage 4 of 5,70.0,Low,327,2026-08-28,0.198,N,11,931210000,Ongoing,,,,seed_officer_010
LA-2026-0037,Odisha,Cuttack,20.4753,84.8997,Highway,State PWD,84.5,155,513204000,54.4,0,2026-02-03,Stage 2 of 5,45.3,Low,200,2026-09-03,0.281,N,0,1655590000,Ongoing,,,,seed_officer_039
LA-2025-0038,Uttar Pradesh,Lucknow,27.03,80.632,Highway,State PWD,6.0,43,55784000,33.5,1,2025-10-25,Stage 2 of 5,30.8,Medium,138,2026-05-21,0.378,Y,370,202890000,Ongoing,,True,,seed_officer_025
LA-2022-0039,Rajasthan,Alwar,26.8595,73.659,Power Transmission,State Electricity Board,47.8,104,397642000,56.8,5,2022-01-23,Stage 4 of 5,47.9,High,147,2026-08-24,0.523,Y,315,2235560000,Ongoing,,False,,seed_officer_036
LA-2021-0040,Gujarat,Ahmedabad,21.8647,70.9192,Highway,NHAI,3.5,7,24792000,45.4,1,2021-10-02,Stage 2 of 5,47.7,Low,92,2026-08-09,0.3,N,12,107380000,Completed,2024-09-29,,On Time,seed_officer_035
LA-2022-0041,Gujarat,Vadodara,21.7151,70.7919,Industrial Corridor,DMIC/NICDC,130.1,554,678386000,89.0,0,2022-01-23,Stage 5 of 5,81.0,Medium,182,2026-08-31,0.0,N,11,2131240000,Completed,2024-01-17,,On Time,seed_officer_008
LA-2026-0042,West Bengal,Hooghly,22.5724,88.003,Railway,State Railway Infra Corp,14.7,21,105637000,36.4,0,2026-03-04,Stage 2 of 5,37.2,Low,288,2026-08-02,0.16,N,1,595600000,Ongoing,,,,seed_officer_011
LA-2024-0043,West Bengal,Nadia,22.922,87.4772,Irrigation/Water Res.,State Water Resources Dept,46.0,228,366432000,99.9,0,2024-04-14,Stage 5 of 5,98.5,Low,294,2026-06-11,0.063,N,13,1403090000,Ongoing,,,,seed_officer_017
LA-2025-0044,Bihar,Darbhanga,24.8715,84.8577,Industrial Corridor,State Industrial Dev. Corp,18.2,62,155922000,69.8,4,2025-03-08,Stage 5 of 5,60.3,Low,163,2026-09-03,0.366,Y,553,731830000,Ongoing,,False,,seed_officer_033
LA-2024-0045,Odisha,Khordha,20.7342,85.2496,Power Transmission,State Electricity Board,4.9,32,42730000,67.8,0,2024-02-11,Stage 2 of 5,51.1,Low,118,2026-08-27,0.151,N,6,144140000,Completed,2024-10-12,,On Time,seed_officer_033
LA-2026-0046,Maharashtra,Thane,19.577,75.4586,Highway,NHAI,2.9,8,12177000,53.7,0,2026-01-14,Stage 2 of 5,47.7,High,196,2026-08-13,0.196,N,7,62090000,Ongoing,,,,seed_officer_010
LA-2023-0047,Rajasthan,Udaipur,26.5682,73.6742,Railway,Ministry of Railways,25.1,138,113629000,89.4,2,2023-05-15,Stage 5 of 5,86.4,Low,130,2026-08-27,0.29,N,3,423060000,Completed,2024-01-23,,On Time,seed_officer_035
LA-2023-0048,Uttar Pradesh,Meerut,26.4021,81.4127,Urban Infra/Metro,State Metro Rail Corp,21.3,105,133190000,29.4,3,2023-07-02,Stage 2 of 5,18.7,High,220,2026-06-05,0.607,Y,455,412480000,Ongoing,,False,,seed_officer_039
LA-2021-0049,Gujarat,Vadodara,22.7005,70.8867,Highway,State PWD,35.7,94,314966000,41.4,5,2021-08-21,Stage 4 of 5,33.5,Medium,183,2026-02-05,0.554,Y,461,1252380000,Stalled,,True,Delayed - Unresolved,seed_officer_002
LA-2025-0050,Uttar Pradesh,Lucknow,26.987,81.5236,Irrigation/Water Res.,State Water Resources Dept,32.4,37,242990000,28.2,0,2025-02-04,Stage 1 of 5,35.0,Low,299,2026-08-29,0.41,Y,661,798790000,Ongoing,,False,,seed_officer_020
LA-2023-0051,Bihar,Gaya,24.5656,84.8027,Power Transmission,Power Grid Corp,9.4,126,56225000,57.1,0,2023-04-27,Stage 3 of 5,55.8,Medium,327,2026-08-17,0.062,N,2,194730000,Completed,2024-03-31,,On Time,seed_officer_016
LA-2022-0052,Rajasthan,Jaipur,27.3512,73.894,Highway,NHAI,2.3,6,17889000,26.5,0,2022-12-09,Stage 1 of 5,32.0,Medium,149,2026-06-16,0.323,Y,285,59190000,Ongoing,,True,,seed_officer_032
LA-2021-0053,Maharashtra,Satara,20.2565,75.8539,Industrial Corridor,State Industrial Dev. Corp,6.5,27,49357000,36.1,3,2021-07-12,Stage 2 of 5,13.5,Medium,410,2026-07-19,0.489,Y,863,163750000,Ongoing,,False,,seed_officer_035
LA-2023-0054,Karnataka,Mysuru,15.6163,75.289,Highway,NHAI,15.4,48,57178000,31.4,0,2023-08-27,Stage 1 of 5,17.9,Medium,165,2026-08-19,0.226,N,12,184380000,Completed,2023-12-12,,On Time,seed_officer_031
LA-2024-0055,Maharashtra,Thane,19.956,76.2558,Highway,NHAI,12.8,60,89422000,100.0,0,2024-03-28,Stage 5 of 5,79.2,High,319,2026-08-24,0.136,N,9,350290000,Ongoing,,,,seed_officer_017
LA-2021-0056,Karnataka,Hubballi-Dharwad,14.8153,75.1863,Highway,NHAI,19.6,33,134462000,26.8,0,2021-10-21,Stage 1 of 5,27.8,Medium,20,2026-08-30,0.288,N,3,705040000,Completed,2024-03-12,,On Time,seed_officer_035
LA-2021-0057,Bihar,Gaya,25.538,85.5857,Industrial Corridor,DMIC/NICDC,8.3,9,74939000,55.8,0,2021-07-16,Stage 3 of 5,46.6,Medium,172,2026-03-12,0.316,Y,323,362430000,Completed,2022-02-07,False,Delayed - Unresolved,seed_officer_026
LA-2021-0058,Tamil Nadu,Madurai,11.4068,78.2148,Industrial Corridor,DMIC/NICDC,22.0,68,98356000,73.5,0,2021-09-19,Stage 4 of 5,65.2,Medium,106,2026-09-03,0.011,N,29,367440000,Completed,2025-05-29,,On Time,seed_officer_034
LA-2021-0059,Maharashtra,Aurangabad,20.3153,75.6584,Highway,NHAI,2.5,16,14623000,100.0,1,2021-07-25,Stage 5 of 5,68.9,Medium,361,2026-08-29,0.141,N,18,45290000,Completed,2024-12-20,,On Time,seed_officer_016
LA-2024-0060,Gujarat,Surat,21.6997,71.7764,Highway,NHAI,5.4,36,16402000,0.0,12,2024-05-17,Stage 1 of 5,4.5,High,256,2026-08-09,1.0,Y,2200,77520000,Ongoing,,False,,seed_officer_022
LA-2025-0061,Uttar Pradesh,Lucknow,27.0548,81.5101,Highway,NHAI,14.5,36,52095000,100.0,1,2025-05-15,Stage 5 of 5,91.7,High,160,2026-07-30,0.049,N,23,192860000,Ongoing,,,,seed_officer_038
LA-2023-0062,Madhya Pradesh,Indore,23.3656,78.8573,Irrigation/Water Res.,State Water Resources Dept,21.1,36,94949000,91.5,0,2023-03-03,Stage 5 of 5,93.9,High,225,2026-08-14,0.0,N,16,313930000,Completed,2023-12-05,,On Time,seed_officer_005
LA-2020-0063,Andhra Pradesh,Visakhapatnam,16.3556,79.5908,Highway,NHAI,7.1,12,46352000,72.3,0,2020-12-01,Stage 3 of 5,55.1,Low,67,2026-08-26,0.173,N,16,190990000,Completed,2023-11-09,,On Time,seed_officer_005
LA-2025-0064,Gujarat,Ahmedabad,22.8005,71.609,Power Transmission,State Electricity Board,8.8,39,53176000,85.5,0,2025-04-02,Stage 5 of 5,80.3,Low,195,2026-08-31,0.064,N,1,264090000,Ongoing,,,,seed_officer_005
LA-2022-0065,Uttar Pradesh,Agra,26.6154,81.3098,Irrigation/Water Res.,State Water Resources Dept,27.1,193,139305000,20.4,5,2022-06-12,Stage 3 of 5,12.0,Low,271,2026-07-01,0.72,Y,808,832130000,Ongoing,,False,,seed_officer_018
LA-2023-0066,Andhra Pradesh,Kurnool,15.9447,79.2748,Highway,NHAI,20.5,302,241571000,60.8,0,2023-07-28,Stage 3 of 5,59.2,Low,126,2026-08-31,0.263,N,25,852070000,Completed,2026-04-08,,On Time,seed_officer_035
LA-2024-0067,Odisha,Cuttack,20.5313,85.0072,Highway,State PWD,25.9,75,154358000,66.7,0,2024-01-05,Stage 4 of 5,59.4,Medium,189,2026-07-12,0.363,Y,135,535060000,Ongoing,,False,,seed_officer_016
LA-2024-0068,Maharashtra,Satara,19.2764,75.9831,Irrigation/Water Res.,State Water Resources Dept,71.9,198,621239000,61.4,0,2024-06-23,Stage 3 of 5,41.9,High,422,2026-09-01,0.201,N,15,2313200000,Ongoing,,,,seed_officer_027
LA-2025-0069,Karnataka,Mysuru,14.9943,75.6621,Highway,NHAI,19.8,69,193668000,26.8,0,2025-11-24,Stage 1 of 5,12.8,Medium,212,2026-08-20,0.317,Y,130,684380000,Ongoing,,False,,seed_officer_007
LA-2021-0070,Madhya Pradesh,Gwalior,22.655,78.5361,Highway,State PWD,49.0,205,328649000,85.1,0,2021-05-25,Stage 5 of 5,72.6,Low,156,2026-09-01,0.075,N,6,1498870000,Completed,2024-08-01,,On Time,seed_officer_028
LA-2026-0071,Gujarat,Rajkot,22.0253,71.0688,Railway,State Railway Infra Corp,23.3,108,112338000,63.0,0,2026-02-17,Stage 3 of 5,57.3,Medium,342,2026-09-01,0.166,N,25,726740000,Ongoing,,,,seed_officer_004
LA-2023-0072,Maharashtra,Raigad,19.4198,76.2627,Irrigation/Water Res.,State Water Resources Dept,11.0,49,56196000,84.7,0,2023-12-22,Stage 4 of 5,72.1,Medium,71,2026-09-02,0.117,N,1,317430000,Completed,2025-01-29,,On Time,seed_officer_004
LA-2024-0073,Maharashtra,Aurangabad,20.0836,75.2603,Irrigation/Water Res.,State Water Resources Dept,6.7,46,23854000,19.3,4,2024-06-14,Stage 2 of 5,9.5,High,200,2026-08-04,0.683,Y,300,133670000,Ongoing,,True,,seed_officer_007
LA-2023-0074,Andhra Pradesh,Vijayawada,15.4342,79.9706,Highway,NHAI,19.0,74,130368000,86.0,0,2023-12-19,Stage 4 of 5,79.8,Medium,71,2026-08-28,0.185,N,11,703260000,Completed,2025-01-11,,On Time,seed_officer_013
LA-2023-0075,West Bengal,Nadia,22.6851,87.4156,Railway,Ministry of Railways,23.3,216,129807000,0.0,12,2023-05-21,Stage 1 of 5,0.0,Medium,310,2026-07-24,1.27,Y,895,436370000,Ongoing,,False,,seed_officer_028
LA-2023-0076,Andhra Pradesh,Vijayawada,15.7863,79.6913,Industrial Corridor,DMIC/NICDC,7.1,19,37304000,79.3,4,2023-05-18,Stage 5 of 5,67.2,Medium,327,2026-08-30,0.281,N,33,114260000,Completed,2025-01-28,,On Time,seed_officer_030
LA-2021-0077,Karnataka,Mysuru,15.332,75.9302,Highway,NHAI,12.8,61,32362000,59.4,0,2021-08-19,Stage 3 of 5,52.8,High,160,2026-08-12,0.086,N,11,197640000,Completed,2026-04-16,,On Time,seed_officer_029
LA-2022-0078,Maharashtra,Satara,19.2501,76.2753,Highway,NHAI,3.3,23,13178000,9.5,8,2022-05-23,Stage 2 of 5,17.7,Medium,201,2026-06-22,0.915,Y,180,39450000,Ongoing,,False,,seed_officer_004
LA-2021-0079,Tamil Nadu,Tiruchirappalli,10.7151,78.1094,Highway,NHAI,7.8,38,52111000,90.7,1,2021-09-03,Stage 5 of 5,75.4,Medium,270,2026-08-10,0.095,N,29,156120000,Completed,2022-05-31,,On Time,seed_officer_006
LA-2022-0080,Tamil Nadu,Coimbatore,10.7924,79.231,Industrial Corridor,State Industrial Dev. Corp,5.1,27,28693000,92.2,1,2022-07-01,Stage 5 of 5,71.9,High,191,2026-08-19,0.021,N,27,111020000,Completed,2022-11-24,,On Time,seed_officer_027
LA-2021-0081,Gujarat,Rajkot,22.0158,71.2704,Industrial Corridor,DMIC/NICDC,22.1,156,96883000,92.2,0,2021-08-13,Stage 5 of 5,84.4,Low,199,2026-08-19,0.146,N,5,309510000,Completed,2021-11-11,,On Time,seed_officer_014
LA-2023-0082,Uttar Pradesh,Meerut,26.6732,81.2868,Irrigation/Water Res.,State Water Resources Dept,4.5,11,21057000,56.7,0,2023-03-02,Stage 2 of 5,54.4,Low,258,2026-09-03,0.185,N,0,135140000,Completed,2024-02-02,,On Time,seed_officer_004
LA-2023-0083,Andhra Pradesh,Vijayawada,16.2659,79.2516,Irrigation/Water Res.,State Water Resources Dept,120.6,353,800257000,43.8,0,2023-09-28,Stage 1 of 5,52.9,Low,305,2026-08-20,0.187,N,2,2674790000,Completed,2023-12-08,,On Time,seed_officer_001
LA-2024-0084,Uttar Pradesh,Varanasi,27.2369,80.9706,Railway,State Railway Infra Corp,22.8,56,104364000,80.5,0,2024-11-26,Stage 4 of 5,74.2,Medium,347,2026-08-31,0.171,N,1,328230000,Ongoing,,,,seed_officer_030
LA-2024-0085,Andhra Pradesh,Guntur,15.9991,79.8453,Highway,State PWD,4.6,10,11230000,11.3,8,2024-04-15,Stage 3 of 5,0.0,High,161,2026-08-06,0.962,Y,336,67600000,Ongoing,,False,,seed_officer_036
LA-2024-0086,Gujarat,Rajkot,22.1829,71.4678,Industrial Corridor,State Industrial Dev. Corp,57.5,279,493168000,16.2,1,2024-10-04,Stage 1 of 5,22.6,High,111,2026-08-22,0.327,Y,19,2720530000,Ongoing,,False,,seed_officer_013
LA-2022-0087,Maharashtra,Nashik,19.8951,75.7883,Railway,Ministry of Railways,43.1,89,169647000,82.5,0,2022-11-20,Stage 5 of 5,64.8,Medium,92,2026-08-31,0.18,N,12,492590000,Completed,2025-08-13,,On Time,seed_officer_004
LA-2024-0088,West Bengal,Kolkata,22.6064,87.2814,Industrial Corridor,DMIC/NICDC,7.8,30,55413000,96.4,0,2024-08-25,Stage 5 of 5,78.3,Medium,186,2026-09-01,0.0,N,9,163390000,Ongoing,,,,seed_officer_004
LA-2021-0089,Rajasthan,Jaipur,27.2266,74.1727,Railway,State Railway Infra Corp,28.7,382,283980000,77.9,0,2021-08-09,Stage 5 of 5,65.9,High,322,2026-09-03,0.164,N,21,1620420000,Completed,2026-06-14,,On Time,seed_officer_033
LA-2022-0090,Rajasthan,Jodhpur,27.4685,73.9045,Railway,Ministry of Railways,36.4,130,207616000,62.0,0,2022-03-15,Stage 3 of 5,43.9,Low,294,2026-08-31,0.174,N,4,745390000,Completed,2026-01-06,,On Time,seed_officer_033
LA-2023-0091,Gujarat,Ahmedabad,21.8482,71.4275,Industrial Corridor,State Industrial Dev. Corp,34.8,94,161607000,79.3,1,2023-09-06,Stage 4 of 5,73.0,Medium,97,2026-08-31,0.277,N,60,926180000,Completed,2024-10-31,,On Time,seed_officer_005
LA-2024-0092,Tamil Nadu,Tiruchirappalli,10.7262,79.1152,Railway,Ministry of Railways,47.9,820,493209000,91.2,1,2024-06-24,Stage 5 of 5,84.9,Medium,258,2026-08-28,0.132,N,31,2480080000,Ongoing,,,,seed_officer_016
LA-2023-0093,Maharashtra,Aurangabad,19.2561,75.9768,Railway,Ministry of Railways,20.6,107,150408000,66.2,0,2023-10-18,Stage 3 of 5,56.1,Medium,245,2026-08-20,0.126,N,5,917520000,Completed,2025-06-04,,On Time,seed_officer_037
LA-2025-0094,Rajasthan,Jodhpur,26.6964,74.6223,Highway,NHAI,56.7,422,284004000,81.7,0,2025-08-11,Stage 4 of 5,71.7,Low,205,2026-09-01,0.184,N,31,1545040000,Ongoing,,,,seed_officer_040
LA-2025-0095,Andhra Pradesh,Visakhapatnam,15.7683,79.4121,Railway,State Railway Infra Corp,13.3,24,70267000,84.7,0,2025-01-27,Stage 4 of 5,67.6,Low,217,2026-08-31,0.161,N,24,205120000,Ongoing,,,,seed_officer_038
LA-2022-0096,Karnataka,Belagavi,15.083,76.1092,Highway,State PWD,22.9,274,104315000,68.2,0,2022-06-05,Stage 3 of 5,73.3,Low,64,2026-08-22,0.049,N,60,407060000,Completed,2023-09-11,,On Time,seed_officer_014
LA-2020-0097,Odisha,Sundargarh,20.3933,85.1979,Urban Infra/Metro,State Metro Rail Corp,17.5,145,175923000,70.0,0,2020-11-22,Stage 4 of 5,58.4,Medium,163,2026-08-30,0.139,N,44,571620000,Completed,2026-03-06,,On Time,seed_officer_017
LA-2021-0098,Uttar Pradesh,Varanasi,26.8615,80.4713,Railway,Ministry of Railways,116.0,374,817398000,47.8,0,2021-04-20,Stage 2 of 5,36.0,High,196,2026-08-27,0.134,N,8,2977730000,Completed,2026-04-12,,On Time,seed_officer_020
LA-2022-0099,Tamil Nadu,Salem,10.8639,78.3053,Railway,State Railway Infra Corp,12.4,28,78907000,13.8,4,2022-06-16,Stage 1 of 5,6.0,Medium,207,2026-08-08,0.752,Y,410,346120000,Ongoing,,False,,seed_officer_005
LA-2025-0100,Rajasthan,Jaipur,27.2289,73.9277,Irrigation/Water Res.,State Water Resources Dept,9.7,78,95023000,23.2,0,2025-09-24,Stage 1 of 5,21.1,Medium,124,2026-08-17,0.356,Y,80,545470000,Ongoing,,True,,seed_officer_040
LA-2022-0101,Odisha,Khordha,20.4369,84.5947,Railway,Ministry of Railways,19.1,101,108583000,54.6,1,2022-08-31,Stage 3 of 5,43.2,Medium,218,2026-08-13,0.442,Y,512,650670000,Completed,2022-11-20,True,Delayed - Resolved,seed_officer_035
LA-2020-0102,Gujarat,Surat,22.0705,71.4674,Irrigation/Water Res.,State Water Resources Dept,37.6,199,282517000,100.0,0,2020-10-28,Stage 5 of 5,79.4,Medium,57,2026-08-07,0.222,N,1,1853030000,Completed,2023-07-17,,On Time,seed_officer_009
LA-2021-0103,Karnataka,Belagavi,15.5434,75.5634,Highway,NHAI,24.8,38,107094000,61.3,0,2021-08-08,Stage 3 of 5,56.5,Low,269,2026-08-26,0.194,N,27,408850000,Completed,2023-10-12,,On Time,seed_officer_016
LA-2025-0104,Karnataka,Belagavi,14.886,75.6966,Highway,State PWD,48.3,268,115865000,63.1,0,2025-01-12,Stage 3 of 5,45.2,Medium,126,2026-08-29,0.197,N,6,473300000,Ongoing,,,,seed_officer_011
LA-2023-0105,Bihar,Muzaffarpur,25.6899,85.3676,Highway,State PWD,15.7,26,146488000,49.6,0,2023-03-22,Stage 2 of 5,57.9,High,238,2026-09-01,0.043,N,4,906880000,Completed,2024-02-02,,On Time,seed_officer_040
LA-2023-0106,Karnataka,Bengaluru Rural,14.9993,76.1107,Irrigation/Water Res.,State Water Resources Dept,10.1,51,44148000,53.5,0,2023-06-25,Stage 3 of 5,48.4,Medium,234,2026-08-31,0.162,N,7,180120000,Completed,2026-03-21,,On Time,seed_officer_007
LA-2022-0107,Madhya Pradesh,Indore,22.5322,78.7685,Irrigation/Water Res.,State Water Resources Dept,25.7,62,198732000,62.2,0,2022-01-09,Stage 4 of 5,51.6,High,75,2026-08-19,0.312,Y,97,959330000,Completed,2023-04-10,True,Delayed - Resolved,seed_officer_008
LA-2023-0108,Tamil Nadu,Chennai,11.6296,78.4916,Industrial Corridor,State Industrial Dev. Corp,14.9,110,120153000,87.4,1,2023-09-23,Stage 5 of 5,85.7,High,176,2026-08-22,0.214,N,10,358370000,Completed,2024-09-11,,On Time,seed_officer_018
LA-2021-0109,Odisha,Sundargarh,21.4668,84.5352,Power Transmission,Power Grid Corp,123.4,638,1071437000,54.6,0,2021-12-11,Stage 2 of 5,51.6,Low,248,2026-08-18,0.277,N,2,3526960000,Completed,2023-07-07,,On Time,seed_officer_022
LA-2023-0110,Odisha,Cuttack,21.413,85.3385,Highway,State PWD,65.7,137,451976000,39.2,4,2023-03-21,Stage 3 of 5,39.4,Low,198,2026-09-02,0.484,Y,520,1960220000,Ongoing,,False,,seed_officer_033
LA-2022-0111,Uttar Pradesh,Varanasi,26.5839,81.3104,Urban Infra/Metro,Urban Dev. Authority,38.2,255,236590000,39.4,1,2022-10-07,Stage 2 of 5,48.3,Low,164,2026-06-21,0.399,Y,331,906710000,Ongoing,,False,,seed_officer_004
LA-2020-0112,Bihar,Patna,24.7777,85.0769,Highway,State PWD,6.6,32,52626000,40.0,3,2020-11-23,Stage 3 of 5,34.1,Low,177,2026-08-31,0.495,Y,523,237000000,Completed,2021-05-03,False,Delayed - Unresolved,seed_officer_018
LA-2020-0113,Gujarat,Ahmedabad,22.7473,71.724,Railway,Ministry of Railways,7.5,47,23073000,61.6,0,2020-11-23,Stage 3 of 5,57.6,Medium,101,2026-09-03,0.203,N,5,75310000,Completed,2022-01-29,,On Time,seed_officer_022
LA-2023-0114,West Bengal,Howrah,22.5126,87.8533,Railway,State Railway Infra Corp,19.6,72,146509000,39.9,0,2023-10-31,Stage 1 of 5,46.3,High,163,2026-06-05,0.306,Y,76,758530000,Ongoing,,True,,seed_officer_011
LA-2022-0115,Tamil Nadu,Salem,10.8815,78.2208,Irrigation/Water Res.,State Water Resources Dept,7.5,64,53570000,81.0,1,2022-03-20,Stage 4 of 5,74.0,High,101,2026-09-01,0.219,N,17,161250000,Completed,2024-04-16,,On Time,seed_officer_036
LA-2023-0116,Madhya Pradesh,Bhopal,22.4111,78.9403,Railway,Ministry of Railways,13.1,71,113866000,56.0,4,2023-11-18,Stage 4 of 5,63.0,High,245,2026-08-25,0.518,Y,311,373790000,Ongoing,,True,,seed_officer_005
LA-2025-0117,Andhra Pradesh,Vijayawada,15.759,79.1416,Highway,NHAI,9.8,45,33065000,73.4,1,2025-08-21,Stage 4 of 5,65.5,Medium,212,2026-08-25,0.143,N,16,95000000,Ongoing,,,,seed_officer_024
LA-2022-0118,Uttar Pradesh,Agra,26.8836,81.1273,Irrigation/Water Res.,State Water Resources Dept,15.8,157,154576000,81.6,0,2022-04-01,Stage 4 of 5,58.2,High,242,2026-09-04,0.063,N,16,705700000,Completed,2025-02-14,,On Time,seed_officer_028
LA-2025-0119,Andhra Pradesh,Vijayawada,16.1829,79.7866,Highway,NHAI,68.1,538,447115000,55.9,0,2025-08-03,Stage 2 of 5,31.4,Medium,216,2026-08-15,0.199,N,4,1848090000,Ongoing,,,,seed_officer_020
LA-2025-0120,Gujarat,Vadodara,22.1781,70.6451,Highway,NHAI,20.1,23,166400000,60.9,0,2025-05-06,Stage 3 of 5,44.1,Medium,197,2026-08-29,0.0,N,45,858510000,Ongoing,,,,seed_officer_023
LA-2023-0121,Bihar,Gaya,25.5994,84.9244,Highway,NHAI,15.7,89,125228000,100.0,0,2023-11-23,Stage 5 of 5,84.2,Medium,80,2026-08-31,0.094,N,16,476120000,Completed,2024-04-30,,On Time,seed_officer_007
LA-2023-0122,Rajasthan,Udaipur,27.1475,74.6204,Industrial Corridor,DMIC/NICDC,5.1,39,22766000,78.1,0,2023-11-17,Stage 5 of 5,64.8,Low,101,2026-08-21,0.309,Y,111,99170000,Ongoing,,False,,seed_officer_040
LA-2024-0123,West Bengal,Howrah,22.4407,88.1682,Railway,Ministry of Railways,59.0,135,546159000,89.0,0,2024-04-03,Stage 4 of 5,56.5,Medium,116,2026-09-01,0.192,N,46,1910250000,Ongoing,,,,seed_officer_011
LA-2025-0124,Uttar Pradesh,Meerut,26.7644,81.2092,Irrigation/Water Res.,State Water Resources Dept,3.2,11,10771000,100.0,0,2025-05-11,Stage 5 of 5,90.4,High,62,2026-09-04,0.084,N,4,40080000,Ongoing,,,,seed_officer_027
LA-2022-0125,Maharashtra,Pune,19.9148,75.5511,Highway,NHAI,14.9,116,127997000,71.4,0,2022-12-08,Stage 4 of 5,64.9,High,22,2026-09-02,0.151,N,8,729020000,Completed,2024-10-20,,On Time,seed_officer_022
LA-2023-0126,Maharashtra,Satara,19.6514,75.7409,Highway,State PWD,6.2,13,13513000,52.3,0,2023-11-17,Stage 2 of 5,49.1,Medium,97,2026-08-15,0.11,N,18,72520000,Completed,2025-08-15,,On Time,seed_officer_016
LA-2023-0127,Andhra Pradesh,Guntur,16.5124,79.6269,Highway,NHAI,20.7,215,138385000,59.5,4,2023-08-28,Stage 4 of 5,51.7,Low,262,2026-09-01,0.363,Y,774,547470000,Ongoing,,False,,seed_officer_007
LA-2021-0128,Andhra Pradesh,Kurnool,16.4324,80.133,Industrial Corridor,State Industrial Dev. Corp,6.7,23,52283000,71.4,1,2021-08-24,Stage 3 of 5,57.0,Medium,152,2026-08-28,0.286,N,8,246160000,Completed,2022-07-26,,On Time,seed_officer_031
LA-2023-0129,Uttar Pradesh,Noida,27.1901,81.2275,Railway,Ministry of Railways,45.9,165,368450000,66.6,0,2023-10-09,Stage 3 of 5,38.9,Medium,145,2026-08-24,0.249,N,24,1339790000,Completed,2023-10-21,,On Time,seed_officer_030
LA-2023-0130,Karnataka,Belagavi,15.6733,75.4145,Irrigation/Water Res.,State Water Resources Dept,12.5,108,52528000,37.1,2,2023-01-28,Stage 2 of 5,27.9,High,58,2026-08-25,0.542,Y,86,237500000,Completed,2026-08-13,True,Delayed - Resolved,seed_officer_015
LA-2022-0131,Maharashtra,Nagpur,19.398,75.5716,Urban Infra/Metro,State Metro Rail Corp,30.9,211,298153000,42.9,0,2022-02-27,Stage 2 of 5,19.8,High,210,2026-07-19,0.222,N,2,1726810000,Completed,2022-12-29,,On Time,seed_officer_013
LA-2021-0132,Gujarat,Rajkot,21.8865,71.291,Highway,State PWD,8.0,35,54279000,63.7,0,2021-12-26,Stage 3 of 5,58.1,Low,124,2026-08-22,0.156,N,13,194060000,Completed,2022-09-24,,On Time,seed_officer_018
LA-2025-0133,Tamil Nadu,Chennai,11.3717,78.5048,Irrigation/Water Res.,State Water Resources Dept,95.0,223,556094000,93.3,0,2025-07-14,Stage 5 of 5,82.1,Medium,287,2026-09-01,0.21,N,7,2085990000,Ongoing,,,,seed_officer_023
LA-2025-0134,Uttar Pradesh,Kanpur,26.787,81.4953,Railway,State Railway Infra Corp,11.6,62,110495000,51.1,5,2025-03-18,Stage 4 of 5,46.4,Medium,244,2026-07-24,0.468,Y,894,352260000,Ongoing,,True,,seed_officer_035
LA-2021-0135,Madhya Pradesh,Jabalpur,22.4088,78.4841,Highway,NHAI,41.8,69,269102000,80.0,0,2021-10-12,Stage 5 of 5,73.0,High,226,2026-08-17,0.0,N,14,904290000,Completed,2021-10-23,,On Time,seed_officer_008
LA-2021-0136,Uttar Pradesh,Ghaziabad,27.1716,80.8592,Highway,NHAI,19.8,48,182797000,87.6,0,2021-02-08,Stage 4 of 5,61.1,Medium,290,2026-07-26,0.0,N,15,1122820000,Completed,2021-06-29,,On Time,seed_officer_038
LA-2023-0137,Gujarat,Vadodara,22.6008,71.311,Highway,NHAI,2.6,6,5430000,92.0,0,2023-02-08,Stage 4 of 5,65.6,Low,240,2026-08-15,0.138,N,32,18920000,Completed,2024-06-20,,On Time,seed_officer_007
LA-2021-0138,Odisha,Ganjam,20.3613,85.608,Railway,State Railway Infra Corp,6.5,9,16742000,65.8,0,2021-05-03,Stage 3 of 5,54.7,Medium,230,2026-09-04,0.245,N,31,73250000,Completed,2023-11-25,,On Time,seed_officer_021
LA-2024-0139,Rajasthan,Alwar,26.8425,74.2438,Industrial Corridor,State Industrial Dev. Corp,16.6,51,81810000,53.4,0,2024-12-08,Stage 2 of 5,51.0,Low,97,2026-08-31,0.233,N,2,531840000,Ongoing,,,,seed_officer_025
LA-2025-0140,Uttar Pradesh,Agra,27.3157,80.636,Railway,Ministry of Railways,79.1,248,522253000,38.5,1,2025-07-22,Stage 2 of 5,37.2,High,384,2026-07-20,0.468,Y,408,2247480000,Ongoing,,False,,seed_officer_017
LA-2026-0141,Uttar Pradesh,Lucknow,26.6398,81.0022,Irrigation/Water Res.,State Water Resources Dept,15.8,200,154559000,45.9,0,2026-02-28,Stage 2 of 5,40.8,Medium,183,2026-08-31,0.292,N,23,631240000,Ongoing,,,,seed_officer_001
LA-2023-0142,Gujarat,Bharuch,22.4128,71.4188,Highway,NHAI,50.4,209,445693000,73.7,0,2023-08-31,Stage 3 of 5,63.0,Medium,143,2026-08-23,0.137,N,7,2911090000,Completed,2025-08-13,,On Time,seed_officer_024
LA-2023-0143,Uttar Pradesh,Varanasi,26.3271,81.399,Railway,Ministry of Railways,25.7,102,175981000,62.5,0,2023-12-17,Stage 3 of 5,47.4,Low,292,2026-09-04,0.343,Y,188,799950000,Ongoing,,False,,seed_officer_022
LA-2022-0144,Andhra Pradesh,Anantapur,16.3105,80.1508,Railway,State Railway Infra Corp,61.0,120,146677000,81.0,0,2022-11-14,Stage 4 of 5,76.4,Medium,259,2026-08-18,0.155,N,14,797260000,Completed,2023-02-20,,On Time,seed_officer_008
LA-2021-0145,Andhra Pradesh,Guntur,15.7818,79.3304,Highway,State PWD,7.6,13,63410000,62.9,0,2021-11-20,Stage 2 of 5,43.6,Low,290,2026-08-31,0.113,N,3,191240000,Completed,2025-11-05,,On Time,seed_officer_027
LA-2025-0146,Karnataka,Belagavi,15.3868,75.8155,Highway,State PWD,8.1,7,47342000,85.6,0,2025-08-31,Stage 5 of 5,63.8,Low,79,2026-09-01,0.169,N,13,167650000,Ongoing,,,,seed_officer_019
LA-2024-0147,Odisha,Cuttack,21.2853,85.4115,Highway,NHAI,20.8,53,104441000,54.8,0,2024-08-19,Stage 2 of 5,50.2,High,63,2026-08-20,0.161,N,10,440150000,Ongoing,,,,seed_officer_027
LA-2024-0148,Tamil Nadu,Salem,10.6403,78.9545,Industrial Corridor,State Industrial Dev. Corp,149.1,189,652768000,48.5,0,2024-12-30,Stage 3 of 5,47.6,Medium,247,2026-07-23,0.34,Y,460,2021660000,Ongoing,,False,,seed_officer_040
LA-2021-0149,Tamil Nadu,Tiruchirappalli,11.7159,78.965,Railway,State Railway Infra Corp,43.9,83,293775000,75.3,0,2021-09-27,Stage 3 of 5,58.8,Medium,398,2026-07-27,0.253,N,9,1171350000,Completed,2025-11-17,,On Time,seed_officer_026
LA-2021-0150,Bihar,Darbhanga,25.3058,85.5261,Railway,Ministry of Railways,16.2,208,141088000,79.0,0,2021-02-15,Stage 4 of 5,53.8,Low,171,2026-09-04,0.07,N,44,491460000,Completed,2021-04-27,,On Time,seed_officer_020
LA-2024-0151,Tamil Nadu,Madurai,11.3667,79.0627,Industrial Corridor,State Industrial Dev. Corp,123.1,471,624509000,99.5,0,2024-01-15,Stage 5 of 5,86.3,Low,160,2026-09-02,0.2,N,1,1874650000,Completed,2025-09-26,,On Time,seed_officer_028
LA-2025-0152,Rajasthan,Udaipur,27.4833,74.4088,Highway,State PWD,32.5,192,321034000,40.6,0,2025-08-23,Stage 2 of 5,50.7,High,306,2026-09-01,0.191,N,6,1400720000,Ongoing,,,,seed_officer_029
LA-2024-0153,Tamil Nadu,Salem,11.5974,78.4242,Irrigation/Water Res.,State Water Resources Dept,22.1,63,119217000,51.9,1,2024-04-01,Stage 2 of 5,43.5,Low,234,2026-08-29,0.305,Y,645,677620000,Ongoing,,False,,seed_officer_033
LA-2022-0154,Andhra Pradesh,Kurnool,16.1217,79.2151,Highway,NHAI,11.7,59,102066000,37.8,0,2022-02-27,Stage 1 of 5,47.1,Low,347,2026-09-01,0.25,N,5,677600000,Completed,2022-08-23,,On Time,seed_officer_006
LA-2024-0155,Rajasthan,Udaipur,26.9539,74.799,Railway,State Railway Infra Corp,6.7,53,30452000,75.7,0,2024-10-23,Stage 4 of 5,72.4,Medium,154,2026-08-27,0.207,N,3,102080000,Ongoing,,,,seed_officer_006
LA-2023-0156,Gujarat,Surat,22.2385,71.5983,Railway,State Railway Infra Corp,12.9,102,96804000,95.3,0,2023-12-18,Stage 5 of 5,94.5,Medium,264,2026-07-18,0.061,N,7,287710000,Completed,2024-05-09,,On Time,seed_officer_015
LA-2023-0157,Tamil Nadu,Coimbatore,10.6966,78.742,Highway,NHAI,7.3,19,59686000,89.0,0,2023-06-03,Stage 4 of 5,70.0,Low,306,2026-09-03,0.026,N,12,171660000,Completed,2023-07-08,,On Time,seed_officer_002
LA-2024-0158,Uttar Pradesh,Lucknow,26.5085,81.3951,Highway,NHAI,21.5,109,169102000,74.1,1,2024-12-03,Stage 4 of 5,68.8,High,262,2026-08-15,0.292,N,0,582110000,Ongoing,,,,seed_officer_031
LA-2024-0159,Tamil Nadu,Tiruchirappalli,11.4396,78.6724,Industrial Corridor,State Industrial Dev. Corp,14.1,85,97151000,66.3,0,2024-07-18,Stage 2 of 5,58.6,High,237,2026-09-01,0.471,Y,1157,405120000,Ongoing,,True,,seed_officer_030
LA-2025-0160,Maharashtra,Aurangabad,20.021,75.2478,Irrigation/Water Res.,State Water Resources Dept,7.9,23,64341000,81.2,0,2025-10-24,Stage 4 of 5,54.8,High,58,2026-08-31,0.083,N,20,384100000,Ongoing,,,,seed_officer_025
LA-2021-0161,Uttar Pradesh,Varanasi,26.749,80.6972,Railway,State Railway Infra Corp,48.8,538,245104000,87.9,0,2021-11-21,Stage 5 of 5,84.3,Low,323,2026-06-28,0.202,N,14,1154100000,Completed,2022-11-22,,On Time,seed_officer_016
LA-2020-0162,Maharashtra,Nagpur,19.5273,76.1333,Highway,NHAI,16.7,77,160819000,16.2,1,2020-11-08,Stage 1 of 5,16.8,High,215,2026-08-27,0.165,N,4,569510000,Completed,2023-02-03,,On Time,seed_officer_007
LA-2020-0163,Tamil Nadu,Salem,10.8547,78.2695,Highway,NHAI,13.8,138,90008000,92.8,0,2020-09-10,Stage 5 of 5,84.9,Medium,111,2026-09-01,0.007,N,3,381400000,Completed,2022-09-05,,On Time,seed_officer_012
LA-2023-0164,Rajasthan,Alwar,26.6318,74.2009,Highway,NHAI,21.9,93,180330000,44.8,0,2023-07-14,Stage 2 of 5,45.2,Medium,228,2026-08-27,0.249,N,25,640820000,Completed,2026-04-16,,On Time,seed_officer_036
LA-2021-0165,Andhra Pradesh,Vijayawada,15.3259,80.1319,Industrial Corridor,State Industrial Dev. Corp,19.3,36,60323000,52.6,0,2021-02-07,Stage 2 of 5,54.6,Medium,161,2026-08-14,0.246,N,30,201320000,Completed,2024-01-15,,On Time,seed_officer_030
LA-2021-0166,Madhya Pradesh,Indore,23.3559,79.2372,Highway,State PWD,15.5,84,38833000,0.0,12,2021-10-22,Stage 3 of 5,2.2,Medium,208,2026-06-02,1.285,Y,412,214300000,Ongoing,,False,,seed_officer_034
LA-2023-0167,Andhra Pradesh,Anantapur,16.4084,79.8188,Highway,State PWD,24.0,109,196588000,38.4,8,2023-06-26,Stage 5 of 5,36.0,Low,391,2026-04-30,0.637,Y,423,571090000,Stalled,,False,Shelved,seed_officer_029
LA-2021-0168,Karnataka,Hubballi-Dharwad,14.7994,75.6151,Highway,State PWD,28.5,122,84347000,78.1,0,2021-09-21,Stage 4 of 5,63.4,Medium,291,2026-08-28,0.095,N,11,410210000,Completed,2025-05-26,,On Time,seed_officer_011
LA-2024-0169,Andhra Pradesh,Kurnool,15.531,79.3282,Power Transmission,State Electricity Board,15.1,40,132919000,56.0,0,2024-02-18,Stage 3 of 5,36.4,High,193,2026-09-03,0.143,N,7,641690000,Completed,2024-06-25,,On Time,seed_officer_017
LA-2021-0170,Odisha,Cuttack,20.9893,85.3114,Railway,State Railway Infra Corp,33.0,185,304137000,0.3,4,2021-09-19,Stage 2 of 5,0.4,Low,27,2026-06-01,0.761,Y,50,963380000,Ongoing,,False,,seed_officer_034
LA-2024-0171,Karnataka,Hubballi-Dharwad,15.1065,75.3946,Highway,NHAI,19.7,93,69078000,49.4,0,2024-02-20,Stage 2 of 5,42.7,Medium,134,2026-09-03,0.167,N,41,251600000,Completed,2026-03-10,,On Time,seed_officer_018
LA-2022-0172,Bihar,Muzaffarpur,25.0924,85.8134,Industrial Corridor,State Industrial Dev. Corp,22.8,101,202567000,48.6,1,2022-01-17,Stage 3 of 5,51.8,Low,388,2026-08-01,0.277,N,30,865950000,Completed,2026-07-09,,On Time,seed_officer_019
LA-2020-0173,Uttar Pradesh,Noida,26.7507,80.3578,Power Transmission,State Electricity Board,10.4,26,75462000,100.0,0,2020-12-25,Stage 5 of 5,94.5,Low,105,2026-09-03,0.002,N,11,320810000,Completed,2021-10-07,,On Time,seed_officer_022
LA-2022-0174,Uttar Pradesh,Ghaziabad,26.5128,80.7273,Highway,NHAI,33.2,35,142927000,69.9,0,2022-12-15,Stage 3 of 5,49.0,Medium,39,2026-08-17,0.183,N,24,790610000,Completed,2025-11-24,,On Time,seed_officer_009
LA-2024-0175,Uttar Pradesh,Noida,26.68,80.8363,Irrigation/Water Res.,State Water Resources Dept,5.7,62,47007000,56.1,0,2024-10-18,Stage 3 of 5,56.3,High,252,2026-09-04,0.241,N,1,167120000,Ongoing,,,,seed_officer_025
LA-2023-0176,Gujarat,Surat,21.7571,70.6343,Urban Infra/Metro,State Metro Rail Corp,6.0,26,18196000,75.3,0,2023-01-10,Stage 4 of 5,59.9,Medium,231,2026-09-02,0.043,N,8,69230000,Completed,2026-04-10,,On Time,seed_officer_005
LA-2023-0177,Tamil Nadu,Salem,10.5553,78.5724,Highway,State PWD,80.6,446,516050000,58.4,4,2023-07-12,Stage 3 of 5,55.5,Low,151,2026-04-26,0.56,Y,371,1919480000,Stalled,,False,Shelved,seed_officer_022
LA-2022-0178,Karnataka,Hubballi-Dharwad,15.4077,75.6288,Highway,State PWD,8.5,57,44018000,58.1,3,2022-05-30,Stage 4 of 5,46.7,Medium,191,2026-07-24,0.308,Y,104,141380000,Ongoing,,False,,seed_officer_004
LA-2022-0179,Odisha,Cuttack,21.1591,85.3676,Railway,State Railway Infra Corp,13.3,112,131438000,83.1,0,2022-07-03,Stage 4 of 5,53.9,High,302,2026-08-31,0.052,N,18,515250000,Completed,2024-05-06,,On Time,seed_officer_025
LA-2023-0180,West Bengal,Kolkata,23.1134,87.6245,Power Transmission,State Electricity Board,12.8,117,106375000,93.7,0,2023-08-11,Stage 4 of 5,77.3,Medium,198,2026-08-31,0.147,N,12,601280000,Completed,2024-10-20,,On Time,seed_officer_031
LA-2022-0181,Bihar,Patna,25.0949,85.095,Power Transmission,State Electricity Board,5.4,10,45235000,70.4,0,2022-06-21,Stage 3 of 5,60.1,High,180,2026-09-02,0.128,N,10,174130000,Completed,2024-05-17,,On Time,seed_officer_020
LA-2021-0182,Andhra Pradesh,Kurnool,15.6013,79.254,Highway,State PWD,27.1,101,258479000,53.2,2,2021-11-28,Stage 3 of 5,44.0,High,20,2026-07-07,0.475,Y,56,912310000,Completed,2026-02-01,False,Delayed - Unresolved,seed_officer_035
LA-2020-0183,Odisha,Cuttack,21.3991,85.0985,Industrial Corridor,DMIC/NICDC,5.7,34,28633000,82.9,1,2020-10-20,Stage 4 of 5,97.3,Low,93,2026-08-24,0.074,N,22,90470000,Completed,2024-07-13,,On Time,seed_officer_015
LA-2022-0184,Bihar,Bhagalpur,24.5761,84.7708,Highway,State PWD,17.1,112,108156000,81.8,0,2022-06-10,Stage 4 of 5,82.4,Medium,361,2026-09-03,0.0,N,9,372510000,Completed,2024-11-18,,On Time,seed_officer_032
LA-2025-0185,Andhra Pradesh,Visakhapatnam,16.4065,79.1651,Highway,State PWD,6.5,59,48338000,45.8,2,2025-03-12,Stage 3 of 5,49.3,Medium,303,2026-08-31,0.322,Y,206,193460000,Ongoing,,True,,seed_officer_022
LA-2025-0186,Maharashtra,Raigad,20.2808,76.1611,Railway,State Railway Infra Corp,15.5,157,106544000,100.0,0,2025-08-18,Stage 5 of 5,100.0,Medium,150,2026-08-31,0.0,N,2,583700000,Ongoing,,,,seed_officer_011
LA-2020-0187,Karnataka,Hubballi-Dharwad,14.9679,75.1842,Irrigation/Water Res.,State Water Resources Dept,6.5,52,44319000,65.0,0,2020-10-17,Stage 3 of 5,44.4,Low,185,2026-09-03,0.263,N,30,162410000,Completed,2025-11-01,,On Time,seed_officer_040
LA-2025-0188,Andhra Pradesh,Anantapur,15.8768,79.743,Highway,NHAI,41.2,311,232717000,59.8,5,2025-07-25,Stage 5 of 5,55.2,Medium,20,2026-02-20,0.553,Y,49,684250000,Stalled,,True,Delayed - Unresolved,seed_officer_026
LA-2025-0189,West Bengal,Kolkata,22.4902,88.2323,Highway,NHAI,14.0,24,63793000,49.9,0,2025-06-30,Stage 2 of 5,44.7,High,168,2026-09-04,0.097,N,3,254450000,Ongoing,,,,seed_officer_028
LA-2025-0190,Maharashtra,Nagpur,19.4133,76.2364,Railway,State Railway Infra Corp,12.5,49,107285000,36.7,0,2025-08-04,Stage 2 of 5,34.1,Low,351,2026-09-03,0.351,Y,108,450080000,Ongoing,,True,,seed_officer_012
LA-2025-0191,Uttar Pradesh,Lucknow,26.4895,80.8102,Highway,State PWD,18.5,89,112167000,37.0,1,2025-04-24,Stage 3 of 5,42.0,High,513,2026-08-03,0.263,N,1,367080000,Ongoing,,,,seed_officer_025
LA-2022-0192,Rajasthan,Udaipur,27.5071,74.2478,Railway,Ministry of Railways,8.0,60,61959000,21.1,2,2022-06-14,Stage 2 of 5,10.8,High,64,2026-08-17,0.521,Y,120,237440000,Completed,2022-08-25,True,Delayed - Resolved,seed_officer_030
LA-2023-0193,Maharashtra,Nashik,19.5489,76.0331,Railway,State Railway Infra Corp,38.8,459,397470000,71.6,0,2023-09-23,Stage 4 of 5,44.9,Low,271,2026-08-28,0.3,N,11,1188300000,Completed,2025-04-24,,On Time,seed_officer_025
LA-2024-0194,Bihar,Bhagalpur,25.2494,85.49,Power Transmission,State Electricity Board,48.2,68,353076000,67.0,0,2024-05-03,Stage 3 of 5,51.6,Medium,153,2026-08-10,0.285,N,12,1135900000,Ongoing,,,,seed_officer_017
LA-2024-0195,Rajasthan,Jaipur,26.4953,74.4484,Highway,State PWD,52.0,19,288229000,83.1,0,2024-10-14,Stage 4 of 5,86.9,Medium,158,2026-09-04,0.0,N,6,973170000,Ongoing,,,,seed_officer_002
LA-2023-0196,Karnataka,Bengaluru Rural,15.4241,76.2403,Railway,State Railway Infra Corp,32.1,42,131019000,75.6,1,2023-03-06,Stage 4 of 5,78.8,Low,211,2026-08-09,0.354,Y,480,741740000,Completed,2024-12-11,True,Delayed - Resolved,seed_officer_015
LA-2024-0197,Karnataka,Bengaluru Rural,14.9366,75.4968,Railway,Ministry of Railways,34.6,113,149448000,49.6,0,2024-02-27,Stage 2 of 5,44.5,Medium,100,2026-09-02,0.295,N,34,967220000,Completed,2025-04-11,,On Time,seed_officer_002
LA-2024-0198,Maharashtra,Nagpur,19.8572,75.4932,Irrigation/Water Res.,State Water Resources Dept,2.0,15,9810000,50.8,1,2024-11-24,Stage 2 of 5,48.4,Medium,20,2026-08-31,0.49,Y,15,53210000,Ongoing,,False,,seed_officer_002
LA-2021-0199,Uttar Pradesh,Agra,26.5866,80.8266,Industrial Corridor,State Industrial Dev. Corp,43.0,248,107236000,80.4,0,2021-02-27,Stage 4 of 5,69.8,High,173,2026-08-31,0.085,N,15,664310000,Completed,2023-12-16,,On Time,seed_officer_016
LA-2023-0200,Uttar Pradesh,Noida,26.5115,80.512,Power Transmission,State Electricity Board,104.0,386,873880000,88.7,0,2023-02-09,Stage 4 of 5,80.2,Low,49,2026-08-31,0.0,N,32,4844740000,Completed,2024-07-05,,On Time,seed_officer_008
LA-2023-0201,Andhra Pradesh,Anantapur,15.4698,79.9461,Industrial Corridor,State Industrial Dev. Corp,4.8,27,24601000,69.6,0,2023-10-20,Stage 3 of 5,59.6,High,245,2026-08-17,0.188,N,5,137720000,Completed,2024-04-14,,On Time,seed_officer_030
LA-2022-0202,Tamil Nadu,Madurai,10.5578,79.0025,Power Transmission,State Electricity Board,33.8,80,222447000,66.3,0,2022-09-08,Stage 3 of 5,61.8,Low,220,2026-09-03,0.168,N,17,889380000,Completed,2023-06-13,,On Time,seed_officer_011
LA-2025-0203,Uttar Pradesh,Agra,26.539,80.7135,Highway,NHAI,7.8,31,37359000,68.2,5,2025-10-01,Stage 5 of 5,50.8,Medium,92,2026-04-08,0.58,Y,157,152430000,Stalled,,False,Shelved,seed_officer_011
LA-2022-0204,Andhra Pradesh,Guntur,15.5148,80.1437,Irrigation/Water Res.,State Water Resources Dept,17.6,104,130949000,88.2,0,2022-05-02,Stage 5 of 5,73.5,Medium,264,2026-09-01,0.174,N,2,736290000,Completed,2023-09-23,,On Time,seed_officer_038
LA-2021-0205,Andhra Pradesh,Visakhapatnam,15.7042,79.2251,Railway,State Railway Infra Corp,20.0,58,145269000,83.2,0,2021-01-22,Stage 4 of 5,74.9,Medium,201,2026-08-29,0.007,N,11,445630000,Completed,2021-04-29,,On Time,seed_officer_037
LA-2023-0206,Maharashtra,Raigad,19.6505,75.1897,Railway,State Railway Infra Corp,5.3,10,28784000,39.0,0,2023-05-14,Stage 2 of 5,51.5,Medium,295,2026-09-03,0.194,N,10,106920000,Completed,2023-12-07,,On Time,seed_officer_026
LA-2025-0207,Rajasthan,Jodhpur,26.7353,73.6199,Railway,Ministry of Railways,8.0,37,41710000,21.4,3,2025-11-01,Stage 2 of 5,17.0,Low,246,2026-07-24,0.405,Y,424,141990000,Ongoing,,True,,seed_officer_038
LA-2025-0208,Maharashtra,Raigad,20.3447,75.3932,Highway,NHAI,50.8,133,285690000,94.2,0,2025-02-01,Stage 5 of 5,80.5,Medium,273,2026-08-16,0.0,N,4,872870000,Ongoing,,,,seed_officer_007
LA-2024-0209,Andhra Pradesh,Guntur,16.3484,79.4605,Irrigation/Water Res.,State Water Resources Dept,11.3,80,35718000,82.7,1,2024-10-18,Stage 5 of 5,62.7,Low,221,2026-08-28,0.143,N,5,158480000,Ongoing,,,,seed_officer_037
LA-2023-0210,Rajasthan,Jaipur,27.5102,74.2094,Railway,State Railway Infra Corp,14.4,45,62921000,87.3,0,2023-02-16,Stage 5 of 5,62.2,Low,171,2026-09-03,0.034,N,20,264360000,Completed,2023-09-19,,On Time,seed_officer_035
LA-2025-0211,Maharashtra,Aurangabad,19.7656,76.0372,Urban Infra/Metro,Urban Dev. Authority,14.2,66,66141000,92.1,0,2025-01-11,Stage 4 of 5,85.9,Low,336,2026-08-31,0.065,N,15,233980000,Ongoing,,,,seed_officer_005
LA-2024-0212,Maharashtra,Thane,19.6333,76.0657,Highway,State PWD,8.9,20,68589000,66.2,0,2024-08-31,Stage 3 of 5,50.8,Low,202,2026-08-31,0.196,N,22,248930000,Ongoing,,,,seed_officer_001
LA-2025-0213,Uttar Pradesh,Meerut,26.4219,81.4719,Power Transmission,State Electricity Board,21.1,146,71839000,88.1,0,2025-06-15,Stage 4 of 5,79.1,Medium,46,2026-07-18,0.091,N,8,255150000,Ongoing,,,,seed_officer_032
LA-2024-0214,Gujarat,Ahmedabad,22.7782,71.2962,Irrigation/Water Res.,State Water Resources Dept,33.8,248,230132000,57.4,0,2024-06-18,Stage 2 of 5,37.7,Low,76,2026-08-17,0.378,Y,123,1385370000,Ongoing,,True,,seed_officer_024
LA-2025-0215,Uttar Pradesh,Kanpur,26.3544,81.4392,Highway,State PWD,9.8,18,85439000,78.6,0,2025-04-02,Stage 4 of 5,63.5,Low,48,2026-09-01,0.057,N,13,260450000,Ongoing,,,,seed_officer_010
LA-2025-0216,Maharashtra,Aurangabad,19.1561,75.7163,Irrigation/Water Res.,State Water Resources Dept,43.0,98,241659000,79.9,0,2025-07-14,Stage 4 of 5,49.5,High,114,2026-07-31,0.136,N,6,916100000,Ongoing,,,,seed_officer_034
LA-2025-0217,Odisha,Sundargarh,21.3259,84.9087,Railway,State Railway Infra Corp,2.0,10,19985000,47.0,4,2025-05-15,Stage 3 of 5,36.3,Low,193,2026-05-13,0.663,Y,56,81220000,Stalled,,False,Shelved,seed_officer_030
LA-2022-0218,Uttar Pradesh,Varanasi,26.3821,81.0619,Railway,State Railway Infra Corp,15.4,49,95190000,63.5,0,2022-01-21,Stage 3 of 5,63.5,Medium,178,2026-09-02,0.054,N,1,633800000,Completed,2022-04-13,,On Time,seed_officer_021
LA-2021-0219,Maharashtra,Satara,19.5811,75.5143,Railway,Ministry of Railways,23.9,56,217986000,64.1,0,2021-03-22,Stage 4 of 5,63.1,Medium,170,2026-08-27,0.12,N,25,953040000,Completed,2023-09-02,,On Time,seed_officer_006
LA-2024-0220,Gujarat,Vadodara,22.3594,70.8408,Power Transmission,State Electricity Board,13.3,32,58439000,69.7,0,2024-08-13,Stage 4 of 5,64.4,Low,163,2026-08-08,0.124,N,12,206220000,Ongoing,,,,seed_officer_016
LA-2023-0221,Bihar,Muzaffarpur,25.6398,85.5762,Urban Infra/Metro,Urban Dev. Authority,3.6,20,27732000,100.0,0,2023-08-20,Stage 5 of 5,95.1,High,106,2026-08-19,0.038,N,1,148490000,Completed,2024-12-03,,On Time,seed_officer_022
LA-2023-0222,Tamil Nadu,Chennai,11.2752,78.7799,Railway,State Railway Infra Corp,2.6,17,13559000,88.3,0,2023-05-29,Stage 4 of 5,75.3,Medium,155,2026-08-07,0.125,N,1,59580000,Completed,2024-03-10,,On Time,seed_officer_021
LA-2023-0223,Andhra Pradesh,Vijayawada,16.1975,79.1841,Railway,State Railway Infra Corp,28.1,90,187654000,54.8,0,2023-09-15,Stage 3 of 5,41.4,Low,46,2026-08-17,0.041,N,22,777470000,Completed,2025-11-22,,On Time,seed_officer_014
LA-2021-0224,Uttar Pradesh,Ghaziabad,27.2403,80.7998,Urban Infra/Metro,Urban Dev. Authority,60.6,199,326799000,27.2,0,2021-03-30,Stage 1 of 5,30.0,Medium,209,2026-08-28,0.275,N,12,1509570000,Completed,2026-06-05,,On Time,seed_officer_022
LA-2025-0225,Tamil Nadu,Madurai,11.5889,78.3345,Railway,State Railway Infra Corp,31.1,574,370746000,56.5,0,2025-08-30,Stage 3 of 5,57.6,Medium,271,2026-08-28,0.224,N,14,1854200000,Ongoing,,,,seed_officer_036
LA-2025-0226,Andhra Pradesh,Visakhapatnam,16.3354,79.8111,Railway,Ministry of Railways,15.0,78,55253000,91.3,0,2025-06-26,Stage 5 of 5,81.7,Medium,258,2026-09-04,0.018,N,4,173210000,Ongoing,,,,seed_officer_006
LA-2023-0227,Bihar,Gaya,25.2998,85.1959,Highway,State PWD,6.4,36,30748000,15.9,2,2023-08-03,Stage 1 of 5,10.5,Low,169,2026-06-28,0.626,Y,235,98130000,Ongoing,,False,,seed_officer_032
LA-2025-0228,Maharashtra,Thane,19.7975,76.2098,Railway,Ministry of Railways,17.2,59,145295000,84.3,2,2025-03-14,Stage 5 of 5,59.2,Medium,265,2026-09-02,0.208,N,4,426200000,Ongoing,,,,seed_officer_031
LA-2022-0229,Madhya Pradesh,Gwalior,22.4298,78.4635,Railway,State Railway Infra Corp,3.8,27,38640000,36.4,0,2022-01-22,Stage 2 of 5,25.1,Medium,313,2026-09-04,0.438,Y,361,184010000,Completed,2023-05-29,False,Delayed - Unresolved,seed_officer_002
LA-2025-0230,Maharashtra,Pune,20.2962,76.1526,Irrigation/Water Res.,State Water Resources Dept,44.4,103,188996000,28.7,0,2025-08-25,Stage 1 of 5,25.4,Medium,201,2026-07-31,0.385,Y,552,610530000,Ongoing,,False,,seed_officer_015
LA-2022-0231,Bihar,Muzaffarpur,25.0662,85.1764,Urban Infra/Metro,State Metro Rail Corp,16.5,44,89527000,32.9,0,2022-08-09,Stage 1 of 5,24.9,Low,257,2026-08-13,0.251,N,10,319550000,Completed,2026-07-18,,On Time,seed_officer_020
LA-2025-0232,Uttar Pradesh,Kanpur,26.4016,80.7036,Industrial Corridor,DMIC/NICDC,3.8,8,18239000,29.7,0,2025-05-06,Stage 1 of 5,21.4,Medium,200,2026-08-27,0.252,N,18,104260000,Ongoing,,,,seed_officer_031
LA-2022-0233,West Bengal,Hooghly,23.1499,88.174,Highway,State PWD,5.2,19,29180000,20.8,0,2022-08-04,Stage 1 of 5,16.1,Medium,285,2026-08-04,0.144,N,32,134370000,Completed,2026-06-01,,On Time,seed_officer_036
LA-2022-0234,Madhya Pradesh,Jabalpur,23.5279,78.6677,Railway,State Railway Infra Corp,10.5,51,49018000,70.3,0,2022-12-05,Stage 4 of 5,49.3,Medium,20,2026-09-02,0.142,N,1,151320000,Completed,2023-05-12,,On Time,seed_officer_030
LA-2024-0235,West Bengal,Hooghly,23.5204,87.6569,Irrigation/Water Res.,State Water Resources Dept,14.0,58,61680000,53.5,5,2024-07-08,Stage 4 of 5,44.7,Low,180,2026-08-09,0.586,Y,263,192530000,Ongoing,,False,,seed_officer_017
LA-2021-0236,Maharashtra,Nagpur,20.2264,75.1486,Highway,NHAI,15.5,54,126735000,36.3,2,2021-08-02,Stage 2 of 5,52.8,Medium,214,2026-07-14,0.419,Y,676,564750000,Completed,2023-10-05,True,Delayed - Resolved,seed_officer_013
LA-2022-0237,Tamil Nadu,Madurai,11.3889,78.2062,Irrigation/Water Res.,State Water Resources Dept,19.7,132,179274000,86.2,0,2022-04-25,Stage 3 of 5,62.0,Medium,276,2026-08-27,0.035,N,5,837160000,Completed,2026-03-07,,On Time,seed_officer_035
LA-2022-0238,Maharashtra,Satara,20.0681,75.7308,Industrial Corridor,State Industrial Dev. Corp,5.5,83,33328000,65.8,0,2022-09-15,Stage 3 of 5,55.9,High,181,2026-08-14,0.104,N,17,142750000,Completed,2022-09-22,,On Time,seed_officer_013
LA-2022-0239,Uttar Pradesh,Noida,26.4072,81.4902,Highway,State PWD,4.2,14,25389000,46.0,4,2022-10-30,Stage 4 of 5,27.7,High,219,2026-08-20,0.503,Y,738,86560000,Completed,2023-09-17,True,Delayed - Resolved,seed_officer_018
LA-2025-0240,Odisha,Sundargarh,21.3817,85.5123,Railway,Ministry of Railways,6.0,52,45924000,8.2,5,2025-10-08,Stage 2 of 5,5.3,High,310,2026-05-27,0.946,Y,53,305310000,Stalled,,True,Delayed - Unresolved,seed_officer_013
LA-2023-0241,Gujarat,Vadodara,22.5254,70.8014,Irrigation/Water Res.,State Water Resources Dept,7.2,23,39406000,61.0,0,2023-03-25,Stage 2 of 5,40.3,Medium,98,2026-08-15,0.285,N,1,126470000,Completed,2026-01-30,,On Time,seed_officer_024
LA-2022-0242,Tamil Nadu,Coimbatore,11.0535,78.1034,Railway,State Railway Infra Corp,31.3,63,127930000,38.0,0,2022-05-14,Stage 1 of 5,36.3,Low,20,2026-09-03,0.38,Y,46,714280000,Ongoing,,False,,seed_officer_001
LA-2025-0243,Bihar,Darbhanga,24.6242,85.4926,Power Transmission,Power Grid Corp,24.1,192,78506000,60.6,0,2025-11-04,Stage 3 of 5,41.6,High,207,2026-08-25,0.218,N,10,233320000,Ongoing,,,,seed_officer_018
LA-2023-0244,Rajasthan,Jaipur,26.6285,74.142,Railway,Ministry of Railways,25.1,226,253243000,98.9,0,2023-07-20,Stage 5 of 5,94.8,Medium,211,2026-07-31,0.0,N,60,1064820000,Completed,2024-09-28,,On Time,seed_officer_036
LA-2023-0245,Andhra Pradesh,Guntur,16.3046,79.9818,Railway,Ministry of Railways,15.0,37,137779000,68.1,0,2023-03-30,Stage 3 of 5,55.4,High,300,2026-08-22,0.213,N,20,651790000,Completed,2023-10-17,,On Time,seed_officer_032
LA-2025-0246,Andhra Pradesh,Visakhapatnam,15.4632,79.9266,Highway,NHAI,40.5,186,241374000,100.0,0,2025-11-06,Stage 5 of 5,85.4,Low,180,2026-08-20,0.093,N,8,1113450000,Ongoing,,,,seed_officer_037
LA-2021-0247,Uttar Pradesh,Ghaziabad,27.004,80.3762,Industrial Corridor,DMIC/NICDC,151.1,711,1019284000,75.0,0,2021-10-20,Stage 4 of 5,58.8,Low,229,2026-09-02,0.13,N,27,6378460000,Completed,2024-10-23,,On Time,seed_officer_031
LA-2024-0248,Uttar Pradesh,Varanasi,27.4447,80.9958,Highway,State PWD,3.8,15,30686000,44.1,1,2024-09-20,Stage 2 of 5,29.4,High,227,2026-07-02,0.345,Y,406,105580000,Ongoing,,False,,seed_officer_012
LA-2024-0249,Maharashtra,Pune,20.0485,76.1349,Highway,State PWD,52.2,55,106452000,87.4,0,2024-11-26,Stage 4 of 5,79.8,Low,74,2026-07-16,0.059,N,38,547430000,Ongoing,,,,seed_officer_031
LA-2021-0250,Uttar Pradesh,Lucknow,27.1512,80.6503,Power Transmission,Power Grid Corp,16.3,13,89624000,70.4,0,2021-02-27,Stage 3 of 5,49.6,Medium,103,2026-09-01,0.023,N,37,272280000,Completed,2021-06-26,,On Time,seed_officer_026
LA-2024-0251,Madhya Pradesh,Gwalior,22.6201,78.7933,Highway,NHAI,23.8,295,199690000,60.8,1,2024-09-18,Stage 3 of 5,49.9,High,99,2026-09-01,0.159,N,1,596540000,Ongoing,,,,seed_officer_037
LA-2021-0252,Rajasthan,Jaipur,26.8487,74.4049,Irrigation/Water Res.,State Water Resources Dept,26.8,223,118596000,72.2,0,2021-10-16,Stage 3 of 5,59.1,Medium,82,2026-08-30,0.359,Y,88,362230000,Completed,2023-01-19,False,Delayed - Unresolved,seed_officer_010
LA-2021-0253,Madhya Pradesh,Jabalpur,22.8328,78.8137,Railway,Ministry of Railways,3.2,12,31855000,85.5,3,2021-01-31,Stage 5 of 5,71.9,Low,61,2026-08-21,0.249,N,23,151750000,Completed,2024-08-08,,On Time,seed_officer_016
LA-2025-0254,Maharashtra,Pune,20.1391,75.3959,Irrigation/Water Res.,State Water Resources Dept,71.2,57,137085000,21.8,4,2025-07-06,Stage 2 of 5,11.0,Medium,185,2026-07-20,0.665,Y,561,844370000,Ongoing,,False,,seed_officer_039
LA-2021-0255,Gujarat,Bharuch,21.9145,71.5305,Highway,NHAI,52.4,142,279360000,45.1,0,2021-07-11,Stage 2 of 5,32.6,Low,242,2026-06-17,0.324,Y,368,1168000000,Ongoing,,False,,seed_officer_034
LA-2023-0256,Uttar Pradesh,Varanasi,26.6802,81.111,Highway,State PWD,26.9,246,269563000,94.1,0,2023-12-27,Stage 5 of 5,83.4,Low,193,2026-09-03,0.046,N,15,1123480000,Completed,2025-04-28,,On Time,seed_officer_029
LA-2024-0257,Karnataka,Belagavi,15.1013,75.7212,Highway,State PWD,17.7,57,51497000,87.3,0,2024-09-12,Stage 4 of 5,60.0,High,171,2026-09-02,0.041,N,31,148640000,Ongoing,,,,seed_officer_020
LA-2021-0258,Andhra Pradesh,Anantapur,15.5264,79.5621,Railway,Ministry of Railways,24.4,103,183026000,57.3,0,2021-09-19,Stage 3 of 5,53.9,Medium,77,2026-08-25,0.214,N,9,549050000,Completed,2025-02-20,,On Time,seed_officer_040
LA-2022-0259,Madhya Pradesh,Bhopal,22.3743,78.7699,Industrial Corridor,State Industrial Dev. Corp,19.3,43,80216000,96.6,0,2022-09-17,Stage 5 of 5,89.2,Low,381,2026-08-31,0.0,N,14,262490000,Completed,2025-12-24,,On Time,seed_officer_014
LA-2022-0260,Maharashtra,Nashik,19.7135,76.1377,Urban Infra/Metro,State Metro Rail Corp,13.2,42,67469000,46.4,0,2022-04-21,Stage 2 of 5,44.2,Low,97,2026-07-29,0.331,Y,225,205390000,Completed,2023-07-05,True,Delayed - Resolved,seed_officer_011
LA-2025-0261,Bihar,Gaya,24.7609,85.3531,Urban Infra/Metro,State Metro Rail Corp,24.6,125,64823000,36.5,3,2025-06-12,Stage 3 of 5,21.9,High,183,2026-05-14,0.588,Y,418,366640000,Stalled,,True,Delayed - Unresolved,seed_officer_036
LA-2025-0262,Rajasthan,Jaipur,26.591,74.2422,Highway,NHAI,7.4,37,36145000,50.4,4,2025-07-26,Stage 4 of 5,38.2,High,249,2026-08-08,0.687,Y,1096,105660000,Ongoing,,True,,seed_officer_001
LA-2022-0263,Maharashtra,Aurangabad,19.1683,75.7941,Urban Infra/Metro,Urban Dev. Authority,40.7,222,279307000,97.7,0,2022-10-06,Stage 5 of 5,78.3,Low,308,2026-08-10,0.04,N,11,1450140000,Completed,2024-02-23,,On Time,seed_officer_039
LA-2022-0264,Maharashtra,Aurangabad,19.9232,76.0289,Irrigation/Water Res.,State Water Resources Dept,21.3,40,77764000,40.1,0,2022-12-20,Stage 2 of 5,35.0,Medium,267,2026-08-21,0.284,N,2,456810000,Completed,2024-10-01,,On Time,seed_officer_003
LA-2023-0265,Andhra Pradesh,Vijayawada,16.2596,79.4204,Irrigation/Water Res.,State Water Resources Dept,33.2,56,101532000,22.9,0,2023-02-23,Stage 1 of 5,18.2,Medium,223,2026-08-05,0.471,Y,28,380440000,Ongoing,,True,,seed_officer_019
LA-2021-0266,Odisha,Ganjam,20.758,84.565,Irrigation/Water Res.,State Water Resources Dept,11.4,72,122390000,64.1,0,2021-09-13,Stage 3 of 5,51.8,High,158,2026-09-03,0.146,N,9,779400000,Completed,2023-02-13,,On Time,seed_officer_015
LA-2022-0267,Rajasthan,Udaipur,26.7722,73.7163,Highway,NHAI,10.3,17,33935000,70.6,3,2022-08-30,Stage 4 of 5,59.5,High,149,2026-07-08,0.403,Y,29,211490000,Ongoing,,True,,seed_officer_028
LA-2024-0268,Rajasthan,Jaipur,26.8468,74.4851,Highway,NHAI,16.0,21,55563000,48.6,1,2024-11-08,Stage 4 of 5,37.1,Low,199,2026-06-19,0.456,Y,266,171990000,Ongoing,,False,,seed_officer_010
LA-2025-0269,Karnataka,Belagavi,14.8555,75.8197,Irrigation/Water Res.,State Water Resources Dept,14.2,69,74431000,61.2,0,2025-07-11,Stage 3 of 5,63.7,Medium,205,2026-08-17,0.154,N,31,405350000,Ongoing,,,,seed_officer_005
LA-2025-0270,Gujarat,Ahmedabad,22.2435,71.3425,Urban Infra/Metro,State Metro Rail Corp,12.7,108,41912000,65.7,0,2025-05-21,Stage 2 of 5,64.1,Low,169,2026-08-30,0.225,N,0,219500000,Ongoing,,,,seed_officer_020
LA-2025-0271,Gujarat,Bharuch,22.4382,70.9555,Railway,State Railway Infra Corp,22.0,44,183649000,29.7,1,2025-02-12,Stage 2 of 5,11.9,Low,207,2026-09-03,0.473,Y,522,1025250000,Ongoing,,False,,seed_officer_029
LA-2025-0272,Tamil Nadu,Chennai,11.4664,79.1819,Industrial Corridor,DMIC/NICDC,10.8,28,36563000,17.3,0,2025-02-24,Stage 1 of 5,16.3,High,186,2026-05-30,0.404,Y,570,126730000,Ongoing,,True,,seed_officer_020
LA-2020-0273,Madhya Pradesh,Gwalior,22.4992,78.3784,Irrigation/Water Res.,State Water Resources Dept,9.1,31,45209000,45.3,3,2020-11-19,Stage 3 of 5,33.3,Medium,305,2026-08-19,0.522,Y,945,141890000,Ongoing,,False,,seed_officer_033
LA-2025-0274,Rajasthan,Alwar,27.4966,74.7217,Highway,State PWD,73.5,343,496165000,16.4,2,2025-08-08,Stage 1 of 5,19.9,Medium,156,2026-08-31,0.418,Y,225,2046820000,Ongoing,,False,,seed_officer_006
LA-2025-0275,Maharashtra,Thane,20.1878,75.523,Power Transmission,Power Grid Corp,41.4,177,264747000,82.5,0,2025-07-29,Stage 4 of 5,80.4,Low,165,2026-08-20,0.111,N,21,1382470000,Ongoing,,,,seed_officer_028
LA-2021-0276,Gujarat,Vadodara,22.7,71.1109,Urban Infra/Metro,Urban Dev. Authority,50.8,70,452513000,77.8,0,2021-10-14,Stage 4 of 5,78.2,Medium,259,2026-08-24,0.119,N,2,1804400000,Completed,2025-09-18,,On Time,seed_officer_002
LA-2022-0277,Andhra Pradesh,Visakhapatnam,15.944,80.1106,Railway,Ministry of Railways,14.1,189,122323000,81.3,0,2022-11-17,Stage 4 of 5,70.0,Medium,164,2026-09-04,0.0,N,1,359620000,Completed,2026-02-18,,On Time,seed_officer_037
LA-2025-0278,Karnataka,Bengaluru Rural,15.7631,75.3989,Urban Infra/Metro,Urban Dev. Authority,30.4,32,71529000,41.3,0,2025-02-24,Stage 2 of 5,25.3,Medium,94,2026-09-04,0.369,Y,194,349380000,Ongoing,,False,,seed_officer_037
LA-2025-0279,Tamil Nadu,Chennai,11.3788,78.0657,Railway,Ministry of Railways,17.6,47,166553000,100.0,1,2025-08-15,Stage 5 of 5,92.0,Low,238,2026-09-02,0.226,N,10,499880000,Ongoing,,,,seed_officer_031
LA-2023-0280,Tamil Nadu,Tiruchirappalli,10.7583,78.7846,Irrigation/Water Res.,State Water Resources Dept,83.2,363,758356000,96.5,0,2023-12-17,Stage 4 of 5,75.1,Medium,106,2026-09-01,0.2,N,12,3258480000,Completed,2025-01-06,,On Time,seed_officer_018
LA-2025-0281,Tamil Nadu,Coimbatore,10.6957,78.5884,Irrigation/Water Res.,State Water Resources Dept,13.9,117,97721000,37.3,0,2025-06-30,Stage 2 of 5,20.5,Medium,277,2026-08-15,0.314,Y,114,293380000,Ongoing,,False,,seed_officer_032
LA-2025-0282,Gujarat,Ahmedabad,22.8447,71.1507,Highway,State PWD,11.1,33,106427000,32.0,3,2025-12-20,Stage 3 of 5,26.6,Low,27,2025-08-31,0.637,Y,108,327640000,Stalled,,False,Shelved,seed_officer_023
LA-2023-0283,Karnataka,Hubballi-Dharwad,15.0202,75.9021,Highway,State PWD,6.1,81,46084000,36.6,5,2023-10-16,Stage 3 of 5,19.0,Medium,152,2026-08-01,0.615,Y,525,147570000,Ongoing,,True,,seed_officer_021
LA-2022-0284,Gujarat,Ahmedabad,21.7434,71.7132,Industrial Corridor,State Industrial Dev. Corp,6.0,49,67998000,83.0,0,2022-08-05,Stage 4 of 5,86.9,Medium,193,2026-07-18,0.0,N,7,394240000,Completed,2023-03-17,,On Time,seed_officer_022
LA-2025-0285,West Bengal,Nadia,22.8471,87.7642,Industrial Corridor,DMIC/NICDC,54.6,46,188979000,100.0,0,2025-05-31,Stage 5 of 5,85.8,High,81,2026-08-31,0.046,N,27,670900000,Ongoing,,,,seed_officer_019
LA-2025-0286,Uttar Pradesh,Kanpur,26.9182,80.6814,Railway,State Railway Infra Corp,17.1,158,145275000,52.7,0,2025-09-16,Stage 2 of 5,40.5,High,330,2026-09-01,0.308,Y,488,880010000,Ongoing,,True,,seed_officer_036
LA-2022-0287,Tamil Nadu,Chennai,11.593,78.6088,Irrigation/Water Res.,State Water Resources Dept,26.2,66,108477000,85.4,0,2022-12-23,Stage 4 of 5,64.1,High,172,2026-09-01,0.0,N,5,699040000,Completed,2024-06-24,,On Time,seed_officer_006
LA-2021-0288,Andhra Pradesh,Guntur,15.3764,80.0459,Urban Infra/Metro,Urban Dev. Authority,8.3,15,50561000,86.8,3,2021-08-01,Stage 5 of 5,65.9,Medium,73,2026-09-03,0.305,Y,114,224470000,Ongoing,,False,,seed_officer_021
LA-2025-0289,Tamil Nadu,Chennai,11.6222,79.1055,Railway,State Railway Infra Corp,17.4,13,65826000,45.0,2,2025-03-22,Stage 3 of 5,42.6,Low,247,2026-07-29,0.385,Y,238,256440000,Ongoing,,False,,seed_officer_033
LA-2022-0290,Andhra Pradesh,Visakhapatnam,16.2814,79.7679,Highway,State PWD,18.1,29,79474000,77.5,3,2022-11-24,Stage 4 of 5,69.8,Medium,64,2026-08-28,0.295,N,5,283460000,Completed,2024-08-23,,On Time,seed_officer_027
LA-2021-0291,Gujarat,Ahmedabad,22.6407,70.7984,Industrial Corridor,State Industrial Dev. Corp,26.5,316,166359000,94.4,0,2021-03-13,Stage 5 of 5,72.7,Medium,121,2026-08-31,0.0,N,16,615240000,Completed,2026-02-15,,On Time,seed_officer_034
LA-2022-0292,Madhya Pradesh,Jabalpur,22.6946,78.5496,Power Transmission,State Electricity Board,21.7,132,94452000,68.1,0,2022-05-29,Stage 3 of 5,83.4,Low,194,2026-08-30,0.103,N,12,303050000,Completed,2023-04-13,,On Time,seed_officer_029
LA-2022-0293,Karnataka,Bengaluru Rural,15.7895,76.022,Railway,Ministry of Railways,9.1,51,54697000,46.5,0,2022-03-02,Stage 1 of 5,52.4,Medium,208,2026-09-03,0.213,N,20,215850000,Completed,2024-05-05,,On Time,seed_officer_018
LA-2022-0294,Maharashtra,Thane,19.5987,75.536,Irrigation/Water Res.,State Water Resources Dept,30.2,46,187389000,50.9,0,2022-06-09,Stage 3 of 5,34.1,Low,319,2026-09-04,0.278,N,24,942090000,Completed,2026-03-17,,On Time,seed_officer_019
LA-2025-0295,Andhra Pradesh,Kurnool,15.9107,79.6664,Highway,State PWD,25.2,51,140513000,46.3,0,2025-03-29,Stage 1 of 5,25.0,Low,132,2026-08-15,0.25,N,48,580810000,Ongoing,,,,seed_officer_008
LA-2024-0296,Uttar Pradesh,Lucknow,27.3668,80.7597,Highway,NHAI,29.6,121,143429000,86.8,0,2024-10-10,Stage 4 of 5,77.6,Medium,197,2026-06-08,0.16,N,20,486220000,Ongoing,,,,seed_officer_011
LA-2023-0297,Maharashtra,Nashik,19.7735,75.8187,Highway,NHAI,8.6,35,55895000,76.2,0,2023-07-12,Stage 4 of 5,72.5,Low,241,2026-08-28,0.198,N,2,269440000,Completed,2025-07-02,,On Time,seed_officer_036
LA-2022-0298,Maharashtra,Aurangabad,19.5268,75.8197,Highway,NHAI,64.1,26,233794000,96.3,0,2022-07-02,Stage 5 of 5,93.5,High,121,2026-08-28,0.0,N,5,1128810000,Completed,2024-08-27,,On Time,seed_officer_015
LA-2021-0299,West Bengal,Kolkata,22.6123,87.4327,Highway,State PWD,87.5,708,720871000,81.6,1,2021-10-31,Stage 4 of 5,62.2,Low,87,2026-07-29,0.213,N,4,2239420000,Completed,2025-12-10,,On Time,seed_officer_008
LA-2026-0300,Odisha,Cuttack,21.3119,85.6171,Industrial Corridor,DMIC/NICDC,7.8,54,49395000,63.2,0,2026-03-30,Stage 3 of 5,44.9,High,331,2026-07-17,0.063,N,2,148360000,Ongoing,,,,seed_officer_019
LA-2024-0301,Uttar Pradesh,Agra,26.3921,80.4487,Power Transmission,State Electricity Board,11.9,17,73378000,70.0,0,2024-08-03,Stage 3 of 5,75.6,Low,403,2026-08-26,0.13,N,60,327490000,Ongoing,,,,seed_officer_027
LA-2021-0302,Uttar Pradesh,Meerut,27.2941,81.3237,Highway,State PWD,29.4,53,119382000,52.3,3,2021-10-26,Stage 3 of 5,40.4,Medium,159,2026-08-27,0.389,Y,121,556980000,Completed,2026-04-16,True,Delayed - Resolved,seed_officer_031
LA-2020-0303,Madhya Pradesh,Indore,22.5009,79.0673,Railway,State Railway Infra Corp,36.2,152,330644000,100.0,0,2020-11-16,Stage 5 of 5,70.4,Low,144,2026-09-02,0.105,N,4,1685280000,Completed,2022-01-27,,On Time,seed_officer_036
LA-2021-0304,Rajasthan,Jodhpur,27.0035,74.1172,Urban Infra/Metro,Urban Dev. Authority,12.1,31,40456000,33.9,4,2021-07-28,Stage 3 of 5,27.1,High,197,2026-07-13,0.579,Y,720,196050000,Ongoing,,False,,seed_officer_013
LA-2022-0305,Rajasthan,Jodhpur,27.2087,74.2318,Highway,NHAI,15.3,37,96229000,66.1,0,2022-05-14,Stage 3 of 5,64.5,Low,316,2026-09-02,0.192,N,2,294730000,Completed,2024-12-16,,On Time,seed_officer_018
LA-2023-0306,Odisha,Ganjam,20.6432,85.5885,Highway,State PWD,40.4,143,212796000,99.2,0,2023-08-12,Stage 5 of 5,83.2,Medium,127,2026-08-30,0.011,N,27,754340000,Completed,2024-08-16,,On Time,seed_officer_033
LA-2023-0307,Tamil Nadu,Madurai,10.5999,78.5529,Irrigation/Water Res.,State Water Resources Dept,68.2,184,517333000,52.2,0,2023-04-07,Stage 3 of 5,32.9,Medium,141,2026-07-16,0.385,Y,268,2843640000,Ongoing,,False,,seed_officer_019
LA-2025-0308,Bihar,Bhagalpur,25.0429,85.56,Power Transmission,State Electricity Board,23.7,150,147138000,53.5,0,2025-03-08,Stage 3 of 5,38.8,High,129,2026-08-08,0.132,N,10,742110000,Ongoing,,,,seed_officer_010
LA-2025-0309,Maharashtra,Aurangabad,19.5792,76.0111,Irrigation/Water Res.,State Water Resources Dept,9.5,53,38056000,17.4,4,2025-01-23,Stage 1 of 5,22.4,Medium,68,2026-06-14,0.636,Y,204,247760000,Ongoing,,False,,seed_officer_023
LA-2024-0310,Maharashtra,Nashik,19.9774,76.0559,Industrial Corridor,DMIC/NICDC,14.3,24,59680000,42.2,4,2024-11-03,Stage 3 of 5,33.3,High,210,2026-05-21,0.588,Y,800,380470000,Stalled,,True,Delayed - Unresolved,seed_officer_030
LA-2024-0311,Maharashtra,Nashik,19.371,75.552,Railway,Ministry of Railways,30.6,68,106322000,96.5,0,2024-03-08,Stage 5 of 5,72.1,Low,20,2026-09-02,0.107,N,11,674650000,Ongoing,,,,seed_officer_016
LA-2024-0312,West Bengal,Nadia,22.9652,88.1622,Railway,Ministry of Railways,11.1,43,99182000,87.5,1,2024-03-22,Stage 5 of 5,75.5,Low,239,2026-08-21,0.226,N,8,297260000,Ongoing,,,,seed_officer_027
LA-2020-0313,Bihar,Patna,24.7256,85.3336,Power Transmission,State Electricity Board,12.3,77,49785000,69.1,4,2020-11-25,Stage 4 of 5,58.4,Low,130,2026-08-05,0.46,Y,241,164420000,Completed,2025-09-01,False,Delayed - Unresolved,seed_officer_031
LA-2024-0314,Tamil Nadu,Salem,10.6786,79.1918,Highway,State PWD,8.4,61,77852000,47.3,1,2024-01-27,Stage 3 of 5,47.4,Low,219,2026-08-25,0.404,Y,36,261760000,Ongoing,,True,,seed_officer_010
LA-2025-0315,Rajasthan,Alwar,27.0233,74.1441,Irrigation/Water Res.,State Water Resources Dept,17.9,33,76152000,97.6,0,2025-05-21,Stage 5 of 5,79.0,Medium,201,2026-09-01,0.104,N,3,248850000,Ongoing,,,,seed_officer_009
LA-2021-0316,Odisha,Sundargarh,20.6254,85.6052,Irrigation/Water Res.,State Water Resources Dept,4.3,21,29671000,59.9,0,2021-06-28,Stage 4 of 5,47.6,Low,250,2026-08-22,0.12,N,19,91300000,Completed,2022-03-08,,On Time,seed_officer_029
LA-2021-0317,Maharashtra,Pune,20.2723,75.3342,Highway,State PWD,13.1,13,66449000,20.0,0,2021-11-09,Stage 1 of 5,14.3,Low,226,2026-08-02,0.387,Y,345,193390000,Completed,2023-04-05,False,Delayed - Unresolved,seed_officer_001
LA-2023-0318,Maharashtra,Raigad,20.2884,75.6219,Highway,NHAI,9.7,38,48377000,55.5,4,2023-10-07,Stage 4 of 5,44.1,Medium,492,2026-06-17,0.362,Y,464,144030000,Ongoing,,False,,seed_officer_027
LA-2024-0319,Andhra Pradesh,Vijayawada,15.6177,80.3186,Urban Infra/Metro,State Metro Rail Corp,7.0,56,45769000,42.6,0,2024-01-12,Stage 2 of 5,14.1,Medium,175,2026-08-15,0.307,Y,301,140830000,Ongoing,,True,,seed_officer_031
LA-2022-0320,Maharashtra,Satara,20.0616,75.8411,Irrigation/Water Res.,State Water Resources Dept,5.4,33,36274000,79.4,0,2022-03-16,Stage 4 of 5,72.9,Low,320,2026-04-08,0.313,Y,539,116890000,Ongoing,,False,,seed_officer_022
LA-2025-0321,Andhra Pradesh,Anantapur,16.1169,79.2264,Highway,State PWD,32.4,108,110520000,71.6,1,2025-02-03,Stage 3 of 5,53.6,High,393,2026-08-18,0.228,N,9,675540000,Ongoing,,,,seed_officer_006
LA-2024-0322,Uttar Pradesh,Meerut,26.5042,81.232,Highway,State PWD,3.8,8,34597000,97.9,0,2024-08-29,Stage 5 of 5,96.1,Medium,219,2026-08-25,0.0,N,1,121350000,Ongoing,,,,seed_officer_035
LA-2026-0323,Odisha,Ganjam,21.0197,85.2734,Highway,State PWD,13.6,64,113460000,74.8,0,2026-01-26,Stage 4 of 5,75.3,Medium,211,2026-09-03,0.102,N,12,343630000,Ongoing,,,,seed_officer_032
LA-2024-0324,Karnataka,Bengaluru Rural,15.4772,75.2333,Irrigation/Water Res.,State Water Resources Dept,2.0,5,5485000,84.5,0,2024-07-05,Stage 4 of 5,90.4,Low,262,2026-09-04,0.235,N,1,20480000,Ongoing,,,,seed_officer_016
LA-2025-0325,Gujarat,Vadodara,22.5454,71.5675,Highway,NHAI,7.4,56,51206000,35.3,0,2025-08-03,Stage 2 of 5,15.4,Medium,330,2026-08-05,0.358,Y,299,242740000,Ongoing,,True,,seed_officer_006
LA-2020-0326,Maharashtra,Aurangabad,20.0084,75.3494,Industrial Corridor,State Industrial Dev. Corp,4.7,7,20923000,23.2,0,2020-10-23,Stage 1 of 5,26.7,Low,339,2026-09-01,0.313,Y,485,133240000,Ongoing,,False,,seed_officer_007
LA-2022-0327,Bihar,Muzaffarpur,25.4004,85.8599,Industrial Corridor,State Industrial Dev. Corp,49.4,260,424158000,49.9,3,2022-08-16,Stage 3 of 5,27.7,Low,389,2026-05-18,0.473,Y,113,1896450000,Completed,2025-10-03,False,Delayed - Unresolved,seed_officer_020
LA-2021-0328,Rajasthan,Jaipur,27.4234,74.4557,Highway,NHAI,5.3,12,34823000,33.1,5,2021-11-28,Stage 4 of 5,21.4,Low,164,2026-04-15,0.426,Y,742,129040000,Ongoing,,True,,seed_officer_021
LA-2023-0329,Andhra Pradesh,Visakhapatnam,15.7171,79.8234,Power Transmission,State Electricity Board,7.3,24,49069000,50.9,0,2023-09-20,Stage 2 of 5,50.4,Low,91,2026-09-02,0.223,N,3,197250000,Completed,2024-06-24,,On Time,seed_officer_023
LA-2025-0330,Uttar Pradesh,Ghaziabad,26.5338,81.2906,Highway,State PWD,40.1,164,313139000,30.5,5,2025-03-08,Stage 4 of 5,9.5,Medium,159,2026-06-16,0.656,Y,364,1990380000,Ongoing,,True,,seed_officer_010
LA-2026-0331,Rajasthan,Jodhpur,27.4207,73.9688,Power Transmission,State Electricity Board,11.1,110,122827000,49.1,0,2026-01-02,Stage 2 of 5,42.9,Medium,139,2026-08-08,0.381,Y,100,480320000,Ongoing,,False,,seed_officer_037
LA-2025-0332,Karnataka,Mysuru,15.5138,75.25,Industrial Corridor,State Industrial Dev. Corp,109.4,792,483540000,31.0,0,2025-04-16,Stage 1 of 5,41.1,Low,232,2026-08-27,0.207,N,40,1751390000,Ongoing,,,,seed_officer_012
LA-2023-0333,Karnataka,Bengaluru Rural,15.1626,75.978,Irrigation/Water Res.,State Water Resources Dept,11.0,42,49412000,22.0,4,2023-04-20,Stage 1 of 5,24.1,Low,186,2026-05-26,0.743,Y,123,149370000,Stalled,,False,Shelved,seed_officer_040
LA-2020-0334,Karnataka,Mysuru,14.9428,75.8637,Railway,State Railway Infra Corp,9.0,18,78324000,71.8,0,2020-12-12,Stage 3 of 5,59.1,Medium,200,2026-08-25,0.098,N,10,238840000,Completed,2025-04-30,,On Time,seed_officer_038
LA-2021-0335,Bihar,Gaya,24.6313,85.4054,Highway,NHAI,40.7,162,391531000,57.3,1,2021-05-16,Stage 4 of 5,42.8,Medium,135,2026-08-28,0.237,N,17,2060360000,Completed,2023-04-25,,On Time,seed_officer_030
LA-2026-0336,Karnataka,Belagavi,15.6521,75.138,Power Transmission,State Electricity Board,53.3,247,188707000,63.9,0,2026-01-03,Stage 3 of 5,50.1,High,20,2026-08-25,0.161,N,4,653960000,Ongoing,,,,seed_officer_017
LA-2023-0337,Rajasthan,Jaipur,26.8346,74.5416,Irrigation/Water Res.,State Water Resources Dept,17.6,135,146527000,74.7,0,2023-01-09,Stage 3 of 5,84.5,Medium,20,2026-08-22,0.155,N,2,498730000,Completed,2025-10-06,,On Time,seed_officer_019
LA-2023-0338,Karnataka,Mysuru,14.8871,76.1729,Irrigation/Water Res.,State Water Resources Dept,14.9,25,127137000,84.3,0,2023-03-14,Stage 5 of 5,85.0,Low,166,2026-08-26,0.102,N,21,399600000,Completed,2023-09-20,,On Time,seed_officer_029
LA-2022-0339,Andhra Pradesh,Guntur,15.8375,79.4754,Irrigation/Water Res.,State Water Resources Dept,8.1,45,25472000,29.7,0,2022-09-12,Stage 1 of 5,16.5,High,360,2026-04-30,0.558,Y,1049,153690000,Stalled,,True,Delayed - Unresolved,seed_officer_028
LA-2022-0340,Uttar Pradesh,Kanpur,27.1298,80.7077,Railway,State Railway Infra Corp,20.2,30,85111000,65.8,0,2022-09-16,Stage 3 of 5,56.5,Medium,323,2026-08-28,0.206,N,13,556620000,Completed,2025-06-02,,On Time,seed_officer_030
LA-2025-0341,Gujarat,Vadodara,22.7822,71.6324,Urban Infra/Metro,State Metro Rail Corp,17.8,176,148698000,80.1,0,2025-01-08,Stage 4 of 5,56.4,Low,64,2026-08-29,0.246,N,34,616750000,Ongoing,,,,seed_officer_025
LA-2024-0342,Maharashtra,Satara,20.2065,75.1295,Urban Infra/Metro,Urban Dev. Authority,9.8,37,67228000,87.1,0,2024-12-27,Stage 5 of 5,79.7,Low,184,2026-09-01,0.213,N,16,297150000,Ongoing,,,,seed_officer_007
LA-2026-0343,West Bengal,Howrah,22.6839,87.8627,Power Transmission,State Electricity Board,10.7,14,57995000,47.5,0,2026-03-04,Stage 3 of 5,49.3,Medium,347,2026-08-09,0.159,N,9,171170000,Ongoing,,,,seed_officer_037
LA-2024-0344,Andhra Pradesh,Guntur,15.9857,79.2541,Highway,State PWD,4.9,18,17428000,75.3,0,2024-03-26,Stage 5 of 5,56.0,Low,134,2026-08-12,0.183,N,17,89060000,Ongoing,,,,seed_officer_019
LA-2025-0345,Rajasthan,Jaipur,26.4638,74.7132,Highway,State PWD,5.2,37,32981000,45.2,1,2025-08-05,Stage 3 of 5,48.6,High,130,2026-08-31,0.195,N,6,103770000,Ongoing,,,,seed_officer_018
LA-2025-0346,Maharashtra,Pune,20.2797,76.1844,Irrigation/Water Res.,State Water Resources Dept,104.5,588,730708000,64.9,2,2025-10-23,Stage 4 of 5,83.7,Medium,264,2026-08-22,0.325,Y,1760,4427450000,Ongoing,,False,,seed_officer_039
LA-2025-0347,Bihar,Muzaffarpur,25.5719,85.8923,Railway,State Railway Infra Corp,8.9,10,68805000,18.3,0,2025-11-29,Stage 1 of 5,18.4,Medium,173,2026-08-02,0.446,Y,268,430410000,Ongoing,,True,,seed_officer_015
LA-2023-0348,Uttar Pradesh,Agra,27.0634,80.4917,Highway,State PWD,80.7,117,243551000,65.1,0,2023-04-03,Stage 3 of 5,47.1,Low,244,2026-07-11,0.155,N,5,1546640000,Completed,2024-10-28,,On Time,seed_officer_015
LA-2024-0349,Maharashtra,Raigad,19.7632,75.8162,Railway,Ministry of Railways,2.2,10,19663000,85.2,0,2024-11-18,Stage 5 of 5,85.4,Low,230,2026-08-12,0.067,N,23,59090000,Ongoing,,,,seed_officer_040
LA-2026-0350,Rajasthan,Udaipur,27.6235,73.9108,Industrial Corridor,State Industrial Dev. Corp,4.1,27,37501000,26.7,2,2026-01-19,Stage 2 of 5,26.9,High,71,2026-07-12,0.446,Y,122,197300000,Ongoing,,True,,seed_officer_007
LA-2022-0351,Karnataka,Bengaluru Rural,14.981,75.6403,Industrial Corridor,DMIC/NICDC,19.4,63,169795000,100.0,0,2022-02-21,Stage 5 of 5,90.3,Medium,167,2026-08-17,0.0,N,18,805860000,Completed,2026-01-23,,On Time,seed_officer_029
LA-2022-0352,West Bengal,Kolkata,22.5091,87.7406,Highway,State PWD,6.6,22,56463000,80.3,0,2022-10-11,Stage 4 of 5,91.5,Medium,142,2026-08-16,0.072,N,27,243270000,Completed,2025-10-28,,On Time,seed_officer_009
LA-2023-0353,Karnataka,Bengaluru Rural,14.9736,75.1267,Industrial Corridor,DMIC/NICDC,39.6,35,331537000,58.4,0,2023-10-11,Stage 2 of 5,51.0,High,158,2026-08-21,0.152,N,1,2122040000,Completed,2024-03-24,,On Time,seed_officer_021
LA-2026-0354,Bihar,Muzaffarpur,24.6315,85.5602,Power Transmission,Power Grid Corp,83.7,692,443193000,84.3,0,2026-01-12,Stage 4 of 5,71.5,Medium,176,2026-08-30,0.277,N,8,1494520000,Ongoing,,,,seed_officer_013
LA-2022-0355,Karnataka,Mysuru,15.7172,75.4139,Irrigation/Water Res.,State Water Resources Dept,4.1,7,16797000,88.5,0,2022-09-24,Stage 4 of 5,89.9,Medium,20,2026-09-02,0.075,N,4,85670000,Completed,2023-04-05,,On Time,seed_officer_034
LA-2022-0356,West Bengal,Hooghly,23.0256,88.3414,Highway,NHAI,27.1,85,240249000,52.3,0,2022-04-22,Stage 3 of 5,31.1,Medium,163,2026-09-01,0.175,N,23,974460000,Completed,2024-05-18,,On Time,seed_officer_017
LA-2021-0357,Uttar Pradesh,Meerut,27.124,80.6368,Highway,State PWD,23.1,17,60123000,59.1,1,2021-04-14,Stage 3 of 5,77.1,Medium,303,2026-08-24,0.334,Y,382,220110000,Ongoing,,True,,seed_officer_019
LA-2022-0358,Rajasthan,Udaipur,26.9224,74.1012,Highway,NHAI,82.0,419,450945000,51.6,0,2022-06-13,Stage 2 of 5,35.2,Medium,301,2026-09-04,0.205,N,49,1926080000,Completed,2023-01-19,,On Time,seed_officer_030
LA-2023-0359,Madhya Pradesh,Bhopal,22.4829,78.0803,Industrial Corridor,State Industrial Dev. Corp,65.3,547,378542000,38.9,3,2023-07-31,Stage 3 of 5,28.4,Low,186,2026-07-22,0.58,Y,627,1977170000,Ongoing,,False,,seed_officer_015
LA-2022-0360,Andhra Pradesh,Kurnool,16.1257,79.4875,Irrigation/Water Res.,State Water Resources Dept,12.3,77,93303000,93.9,0,2022-03-05,Stage 5 of 5,81.9,High,222,2026-08-23,0.034,N,1,269870000,Completed,2025-11-07,,On Time,seed_officer_006
LA-2024-0361,Madhya Pradesh,Gwalior,23.3386,78.2526,Highway,NHAI,56.6,89,528210000,47.2,2,2024-03-03,Stage 3 of 5,44.1,Low,304,2026-07-24,0.527,Y,714,2925860000,Ongoing,,False,,seed_officer_017
LA-2020-0362,Karnataka,Bengaluru Rural,14.7466,75.608,Railway,State Railway Infra Corp,6.1,40,64503000,89.8,0,2020-12-31,Stage 5 of 5,68.7,High,131,2026-08-30,0.031,N,3,263060000,Completed,2024-11-18,,On Time,seed_officer_024
LA-2020-0363,Maharashtra,Raigad,20.1318,75.1306,Irrigation/Water Res.,State Water Resources Dept,53.2,45,222405000,38.9,0,2020-10-12,Stage 2 of 5,37.6,Low,239,2026-09-04,0.243,N,2,1434610000,Completed,2024-12-14,,On Time,seed_officer_038
LA-2026-0364,Odisha,Ganjam,20.5048,85.5825,Irrigation/Water Res.,State Water Resources Dept,14.7,107,122240000,91.3,0,2026-02-20,Stage 4 of 5,90.2,Low,245,2026-08-21,0.162,N,4,633460000,Ongoing,,,,seed_officer_007
LA-2025-0365,Maharashtra,Raigad,19.3929,75.3283,Railway,Ministry of Railways,21.2,7,75599000,89.4,0,2025-11-03,Stage 5 of 5,74.0,Low,152,2026-08-18,0.029,N,11,393360000,Ongoing,,,,seed_officer_031
LA-2023-0366,Karnataka,Bengaluru Rural,15.5624,75.7842,Power Transmission,State Electricity Board,6.5,25,33806000,67.7,0,2023-07-20,Stage 3 of 5,62.7,Medium,151,2026-08-17,0.032,N,51,108270000,Completed,2026-05-16,,On Time,seed_officer_040
LA-2024-0367,Rajasthan,Jodhpur,26.5415,74.1415,Urban Infra/Metro,State Metro Rail Corp,15.9,141,152052000,54.7,1,2024-09-17,Stage 3 of 5,48.9,Low,274,2026-08-31,0.074,N,21,493720000,Ongoing,,,,seed_officer_030
LA-2021-0368,Tamil Nadu,Madurai,10.6628,78.2445,Railway,State Railway Infra Corp,61.7,138,293028000,63.9,1,2021-03-24,Stage 3 of 5,37.0,Low,211,2026-08-11,0.406,Y,723,858690000,Ongoing,,False,,seed_officer_008
LA-2025-0369,Karnataka,Mysuru,14.928,75.1913,Irrigation/Water Res.,State Water Resources Dept,41.4,47,185221000,72.2,0,2025-03-04,Stage 4 of 5,47.0,Low,143,2026-08-28,0.233,N,7,535120000,Ongoing,,,,seed_officer_003
LA-2021-0370,Andhra Pradesh,Guntur,15.8555,79.3002,Highway,State PWD,3.8,23,16217000,90.6,0,2021-08-23,Stage 4 of 5,91.0,Low,158,2026-09-03,0.058,N,8,74810000,Completed,2021-10-06,,On Time,seed_officer_008
LA-2021-0371,Tamil Nadu,Chennai,11.0238,78.381,Highway,NHAI,3.4,10,25367000,71.4,1,2021-08-29,Stage 3 of 5,63.4,Medium,264,2026-09-04,0.143,N,27,84960000,Completed,2021-12-27,,On Time,seed_officer_035
LA-2023-0372,Madhya Pradesh,Indore,22.6979,79.0212,Urban Infra/Metro,Urban Dev. Authority,29.1,81,116490000,12.3,1,2023-06-29,Stage 1 of 5,13.1,Medium,227,2026-07-11,0.568,Y,442,469720000,Ongoing,,True,,seed_officer_030
LA-2024-0373,Bihar,Bhagalpur,24.8759,84.7558,Highway,State PWD,17.8,73,156106000,90.9,0,2024-05-16,Stage 5 of 5,68.0,Medium,94,2026-09-04,0.006,N,53,526200000,Ongoing,,,,seed_officer_038
LA-2021-0374,Maharashtra,Raigad,19.8669,76.213,Highway,NHAI,26.3,41,183192000,56.6,0,2021-11-23,Stage 3 of 5,35.0,Low,357,2026-09-04,0.226,N,16,740120000,Completed,2023-11-04,,On Time,seed_officer_027
LA-2022-0375,Bihar,Patna,25.4337,85.5292,Irrigation/Water Res.,State Water Resources Dept,59.8,276,273849000,100.0,0,2022-07-02,Stage 5 of 5,90.3,Low,241,2026-08-14,0.186,N,6,881920000,Completed,2024-02-25,,On Time,seed_officer_040
LA-2024-0376,Andhra Pradesh,Kurnool,15.4277,80.2375,Highway,State PWD,6.4,78,51588000,48.8,3,2024-08-27,Stage 3 of 5,40.6,Medium,131,2026-08-26,0.515,Y,217,151490000,Ongoing,,True,,seed_officer_003
LA-2024-0377,Uttar Pradesh,Kanpur,26.4851,80.6831,Urban Infra/Metro,Urban Dev. Authority,7.8,18,31862000,69.4,0,2024-07-29,Stage 4 of 5,57.1,Medium,53,2026-08-22,0.194,N,10,99730000,Ongoing,,,,seed_officer_014
LA-2021-0378,Maharashtra,Aurangabad,19.635,76.2026,Industrial Corridor,DMIC/NICDC,25.6,286,223172000,82.8,0,2021-04-04,Stage 3 of 5,71.2,Medium,214,2026-08-31,0.061,N,10,996620000,Completed,2025-01-10,,On Time,seed_officer_016
LA-2023-0379,Madhya Pradesh,Jabalpur,23.5652,78.1842,Highway,NHAI,19.9,78,54840000,40.3,2,2023-07-23,Stage 3 of 5,18.3,High,165,2026-08-02,0.444,Y,266,161580000,Ongoing,,True,,seed_officer_024
LA-2023-0380,Rajasthan,Udaipur,26.8536,74.0723,Railway,Ministry of Railways,109.5,1291,903760000,61.6,1,2023-06-08,Stage 4 of 5,47.8,Medium,104,2026-09-03,0.154,N,11,4989010000,Completed,2023-07-26,,On Time,seed_officer_026
LA-2022-0381,Bihar,Bhagalpur,25.6646,84.7229,Power Transmission,Power Grid Corp,15.1,61,63165000,44.5,1,2022-08-04,Stage 2 of 5,30.4,Medium,160,2026-08-20,0.352,Y,44,377360000,Completed,2024-06-21,False,Delayed - Unresolved,seed_officer_008
LA-2024-0382,Maharashtra,Satara,20.1003,75.1282,Highway,State PWD,42.7,61,285464000,28.3,0,2024-12-05,Stage 2 of 5,24.3,Low,382,2026-07-18,0.385,Y,880,1213100000,Ongoing,,False,,seed_officer_006
LA-2022-0383,Rajasthan,Jodhpur,27.0543,74.4477,Power Transmission,Power Grid Corp,2.8,14,11853000,86.1,0,2022-11-17,Stage 5 of 5,79.6,Medium,77,2026-08-26,0.046,N,24,34310000,Completed,2024-05-13,,On Time,seed_officer_004
LA-2023-0384,West Bengal,Hooghly,22.8561,87.351,Highway,NHAI,75.4,761,445720000,30.0,0,2023-02-07,Stage 1 of 5,41.6,High,292,2026-08-19,0.353,Y,638,2313350000,Completed,2024-09-28,True,Delayed - Resolved,seed_officer_009
LA-2022-0385,Gujarat,Bharuch,21.6822,71.398,Irrigation/Water Res.,State Water Resources Dept,9.1,55,49159000,99.8,0,2022-10-24,Stage 5 of 5,85.2,Medium,124,2026-08-15,0.028,N,4,223200000,Completed,2023-04-04,,On Time,seed_officer_005
LA-2025-0386,Rajasthan,Jodhpur,26.7944,74.4085,Irrigation/Water Res.,State Water Resources Dept,12.4,35,37279000,68.2,0,2025-07-01,Stage 5 of 5,43.4,Medium,296,2026-09-03,0.231,N,9,123090000,Ongoing,,,,seed_officer_015
LA-2022-0387,Gujarat,Vadodara,22.0655,70.7687,Irrigation/Water Res.,State Water Resources Dept,11.1,24,63620000,54.7,0,2022-10-26,Stage 2 of 5,42.2,Medium,253,2026-08-02,0.32,Y,1000,291230000,Completed,2026-06-23,True,Delayed - Resolved,seed_officer_039
LA-2026-0388,Maharashtra,Pune,20.2057,75.4761,Irrigation/Water Res.,State Water Resources Dept,6.6,9,28890000,21.1,0,2026-03-02,Stage 1 of 5,28.7,Low,269,2026-09-04,0.433,Y,116,173480000,Ongoing,,True,,seed_officer_010
LA-2022-0389,Uttar Pradesh,Noida,26.8611,81.5369,Irrigation/Water Res.,State Water Resources Dept,6.8,30,28835000,35.3,1,2022-02-14,Stage 2 of 5,49.1,Medium,341,2026-09-01,0.398,Y,621,99760000,Completed,2026-08-29,False,Delayed - Unresolved,seed_officer_012
LA-2025-0390,Karnataka,Bengaluru Rural,15.4822,75.9735,Highway,NHAI,5.7,29,52038000,78.8,0,2025-04-22,Stage 4 of 5,66.4,High,252,2026-09-02,0.177,N,17,306230000,Ongoing,,,,seed_officer_009
LA-2021-0391,Uttar Pradesh,Lucknow,27.2448,81.5228,Railway,State Railway Infra Corp,33.3,24,290582000,65.6,1,2021-08-26,Stage 3 of 5,56.7,Medium,71,2026-08-12,0.232,N,0,1888070000,Completed,2024-07-27,,On Time,seed_officer_016
LA-2022-0392,Bihar,Darbhanga,25.113,85.7081,Railway,State Railway Infra Corp,39.7,673,477212000,63.7,2,2022-12-17,Stage 4 of 5,64.1,Low,383,2026-06-26,0.309,Y,453,2935270000,Ongoing,,False,,seed_officer_002
LA-2024-0393,Odisha,Cuttack,21.509,84.636,Highway,State PWD,13.5,34,117288000,61.4,4,2024-11-04,Stage 4 of 5,52.3,Medium,188,2026-07-27,0.549,Y,88,365800000,Ongoing,,True,,seed_officer_004
LA-2020-0394,Gujarat,Surat,22.1993,70.6064,Irrigation/Water Res.,State Water Resources Dept,39.9,447,284475000,67.1,0,2020-11-02,Stage 4 of 5,50.3,Low,258,2026-07-05,0.358,Y,150,933530000,Completed,2022-04-01,False,Delayed - Unresolved,seed_officer_034
LA-2024-0395,Karnataka,Bengaluru Rural,15.3324,75.6643,Irrigation/Water Res.,State Water Resources Dept,61.8,356,274717000,62.0,8,2024-07-05,Stage 5 of 5,53.2,Medium,232,2026-07-27,0.962,Y,235,1034150000,Ongoing,,False,,seed_officer_031
LA-2023-0396,Gujarat,Rajkot,22.0027,71.0327,Highway,State PWD,5.3,40,34895000,91.0,0,2023-04-15,Stage 5 of 5,89.0,Low,202,2026-08-28,0.0,N,0,152810000,Completed,2025-12-29,,On Time,seed_officer_033
LA-2025-0397,Rajasthan,Jaipur,27.3067,73.872,Highway,State PWD,12.6,13,59966000,89.6,0,2025-03-27,Stage 5 of 5,72.8,High,226,2026-09-01,0.051,N,18,225260000,Ongoing,,,,seed_officer_033
LA-2025-0398,Madhya Pradesh,Indore,23.3476,78.9471,Industrial Corridor,State Industrial Dev. Corp,24.1,67,218343000,99.7,0,2025-01-14,Stage 5 of 5,58.2,Medium,259,2026-08-20,0.142,N,21,1143750000,Ongoing,,,,seed_officer_034
LA-2021-0399,Andhra Pradesh,Guntur,15.8767,79.537,Industrial Corridor,DMIC/NICDC,7.6,25,71449000,64.8,1,2021-12-30,Stage 3 of 5,57.7,Low,283,2026-08-27,0.247,N,25,234790000,Completed,2025-01-27,,On Time,seed_officer_002
LA-2025-0400,Odisha,Khordha,20.7409,85.3579,Highway,State PWD,8.3,26,34506000,87.2,0,2025-08-03,Stage 4 of 5,94.3,Medium,269,2026-08-30,0.216,N,4,146450000,Ongoing,,,,seed_officer_026
LA-2021-0401,Rajasthan,Alwar,27.5769,74.6895,Industrial Corridor,State Industrial Dev. Corp,76.7,489,386264000,54.8,4,2021-06-25,Stage 3 of 5,53.0,Medium,393,2026-08-08,0.469,Y,188,1301500000,Completed,2025-01-02,False,Delayed - Unresolved,seed_officer_032
LA-2024-0402,Maharashtra,Raigad,20.1525,76.0553,Highway,State PWD,11.4,94,71541000,82.8,0,2024-09-17,Stage 4 of 5,78.5,Medium,186,2026-08-14,0.038,N,48,223020000,Ongoing,,,,seed_officer_005
LA-2025-0403,Uttar Pradesh,Lucknow,26.5719,80.689,Highway,State PWD,52.3,170,227092000,22.2,1,2025-11-04,Stage 1 of 5,14.9,Medium,171,2026-08-24,0.426,Y,260,654730000,Ongoing,,False,,seed_officer_039
LA-2024-0404,Bihar,Gaya,25.1616,85.7249,Railway,Ministry of Railways,26.5,70,87785000,90.3,0,2024-08-03,Stage 5 of 5,100.0,High,212,2026-08-17,0.0,N,17,329270000,Ongoing,,,,seed_officer_009
LA-2025-0405,Madhya Pradesh,Jabalpur,23.5038,78.1341,Railway,State Railway Infra Corp,36.1,145,107217000,39.7,4,2025-03-22,Stage 3 of 5,3.2,Medium,33,2026-03-02,0.588,Y,30,592970000,Stalled,,False,Shelved,seed_officer_025
LA-2021-0406,Andhra Pradesh,Anantapur,15.4647,79.6374,Highway,State PWD,31.5,124,132301000,66.9,1,2021-09-18,Stage 3 of 5,58.1,Low,156,2026-08-26,0.325,Y,113,719760000,Ongoing,,True,,seed_officer_030
LA-2026-0407,Bihar,Darbhanga,25.1044,85.538,Irrigation/Water Res.,State Water Resources Dept,6.4,14,26182000,62.3,1,2026-01-25,Stage 4 of 5,61.7,High,215,2026-06-15,0.353,Y,420,93930000,Ongoing,,True,,seed_officer_007
LA-2025-0408,Bihar,Patna,25.2479,85.6674,Urban Infra/Metro,State Metro Rail Corp,24.6,401,276116000,86.2,0,2025-05-16,Stage 5 of 5,70.6,Medium,163,2026-09-03,0.118,N,20,1377260000,Ongoing,,,,seed_officer_028
LA-2023-0409,Karnataka,Hubballi-Dharwad,14.915,75.5355,Highway,NHAI,48.9,438,333924000,71.4,0,2023-08-19,Stage 4 of 5,47.8,Medium,102,2026-09-04,0.198,N,9,966570000,Completed,2026-05-09,,On Time,seed_officer_027
LA-2021-0410,Uttar Pradesh,Ghaziabad,26.652,81.3178,Industrial Corridor,DMIC/NICDC,16.4,50,80308000,59.2,0,2021-02-03,Stage 2 of 5,39.9,Medium,356,2026-09-01,0.208,N,7,296510000,Completed,2023-12-14,,On Time,seed_officer_026
LA-2023-0411,Rajasthan,Alwar,27.2052,74.6454,Highway,NHAI,41.1,277,178961000,58.3,3,2023-08-11,Stage 4 of 5,48.2,Medium,170,2026-06-26,0.399,Y,269,573950000,Ongoing,,True,,seed_officer_021
LA-2023-0412,Tamil Nadu,Salem,11.0589,78.8161,Power Transmission,State Electricity Board,212.9,613,1864279000,16.0,0,2023-12-17,Stage 1 of 5,25.4,Medium,162,2026-07-25,0.206,N,11,5330720000,Completed,2025-01-10,,On Time,seed_officer_017
LA-2024-0413,Maharashtra,Nashik,19.912,75.4575,Industrial Corridor,State Industrial Dev. Corp,6.2,29,32171000,61.6,1,2024-02-21,Stage 4 of 5,47.4,Medium,211,2026-08-20,0.152,N,2,106960000,Completed,2024-11-23,,On Time,seed_officer_031
LA-2024-0414,Bihar,Patna,24.5811,85.4309,Highway,NHAI,80.5,1147,1075886000,83.4,1,2024-08-19,Stage 4 of 5,74.4,Medium,192,2026-08-31,0.239,N,17,5985970000,Ongoing,,,,seed_officer_006
LA-2024-0415,Bihar,Patna,24.9591,85.5702,Highway,State PWD,3.9,38,23101000,89.3,1,2024-01-29,Stage 4 of 5,71.7,Medium,278,2026-08-19,0.18,N,6,150070000,Completed,2026-04-22,,On Time,seed_officer_007
LA-2022-0416,Bihar,Bhagalpur,25.4719,85.8587,Urban Infra/Metro,State Metro Rail Corp,35.0,135,216013000,54.1,0,2022-03-18,Stage 2 of 5,63.3,Medium,330,2026-08-24,0.183,N,17,1186630000,Completed,2025-10-07,,On Time,seed_officer_036
LA-2023-0417,Odisha,Khordha,21.4308,85.247,Highway,State PWD,8.9,38,42454000,60.8,0,2023-06-04,Stage 4 of 5,74.5,Low,129,2026-09-02,0.211,N,2,268900000,Completed,2024-04-15,,On Time,seed_officer_008
LA-2022-0418,Maharashtra,Aurangabad,20.3018,75.2842,Highway,State PWD,17.4,46,118331000,49.8,3,2022-01-22,Stage 3 of 5,44.1,Low,253,2026-03-12,0.522,Y,398,348220000,Completed,2023-03-03,True,Delayed - Resolved,seed_officer_028
LA-2022-0419,Uttar Pradesh,Meerut,26.5175,80.3713,Irrigation/Water Res.,State Water Resources Dept,40.0,429,150746000,57.1,0,2022-03-19,Stage 3 of 5,45.4,Low,212,2026-09-04,0.239,N,46,444350000,Completed,2023-06-19,,On Time,seed_officer_019
LA-2023-0420,Andhra Pradesh,Anantapur,16.432,79.4382,Irrigation/Water Res.,State Water Resources Dept,17.3,14,145276000,66.8,0,2023-06-23,Stage 4 of 5,45.2,Medium,197,2026-09-01,0.31,Y,198,906460000,Ongoing,,True,,seed_officer_023
LA-2021-0421,Andhra Pradesh,Visakhapatnam,16.1744,80.0314,Highway,NHAI,48.1,99,138162000,43.8,2,2021-12-16,Stage 3 of 5,52.7,Medium,172,2026-08-20,0.245,N,19,764770000,Completed,2023-01-30,,On Time,seed_officer_010
LA-2023-0422,Gujarat,Rajkot,22.0704,70.8827,Railway,Ministry of Railways,12.6,108,82991000,100.0,0,2023-06-06,Stage 5 of 5,73.5,High,20,2026-09-02,0.103,N,5,248260000,Completed,2025-01-03,,On Time,seed_officer_007
LA-2021-0423,Maharashtra,Nashik,19.6191,76.0038,Railway,State Railway Infra Corp,33.3,241,113803000,81.5,0,2021-04-22,Stage 5 of 5,74.3,Low,180,2026-09-03,0.242,N,23,401300000,Completed,2024-01-13,,On Time,seed_officer_008
LA-2024-0424,Maharashtra,Satara,19.6032,75.9206,Industrial Corridor,DMIC/NICDC,24.2,389,146244000,69.7,0,2024-11-11,Stage 3 of 5,57.2,High,277,2026-08-30,0.107,N,30,541540000,Ongoing,,,,seed_officer_037
LA-2022-0425,Maharashtra,Nagpur,19.219,75.6083,Irrigation/Water Res.,State Water Resources Dept,4.2,42,40284000,48.1,0,2022-02-27,Stage 3 of 5,20.2,Medium,216,2026-08-21,0.333,Y,713,192190000,Completed,2022-03-20,True,Delayed - Resolved,seed_officer_036
LA-2024-0426,Maharashtra,Satara,19.9433,75.4968,Industrial Corridor,State Industrial Dev. Corp,18.7,68,59087000,56.4,3,2024-11-12,Stage 4 of 5,59.1,Low,206,2026-06-09,0.412,Y,532,293160000,Ongoing,,False,,seed_officer_039
LA-2024-0427,Bihar,Bhagalpur,25.0947,84.9712,Highway,NHAI,2.7,19,19382000,34.6,1,2024-02-21,Stage 2 of 5,50.4,Low,374,2026-09-02,0.195,N,27,61000000,Completed,2025-11-30,,On Time,seed_officer_012
LA-2021-0428,Tamil Nadu,Madurai,11.3507,78.0789,Highway,State PWD,12.4,21,96331000,100.0,0,2021-06-28,Stage 5 of 5,71.6,High,306,2026-09-02,0.062,N,4,587460000,Completed,2026-08-23,,On Time,seed_officer_022
LA-2022-0429,Gujarat,Vadodara,22.769,70.7687,Urban Infra/Metro,State Metro Rail Corp,17.1,100,167521000,85.2,0,2022-02-03,Stage 5 of 5,78.0,Medium,87,2026-08-31,0.0,N,0,977870000,Completed,2025-06-30,,On Time,seed_officer_012
LA-2022-0430,Maharashtra,Satara,19.6695,75.1766,Highway,NHAI,18.0,157,46565000,67.7,1,2022-06-23,Stage 3 of 5,84.7,High,260,2026-08-13,0.092,N,39,245080000,Completed,2024-11-26,,On Time,seed_officer_037
LA-2024-0431,Bihar,Muzaffarpur,24.8625,85.2281,Highway,NHAI,83.0,467,425431000,35.0,0,2024-04-07,Stage 2 of 5,30.3,Medium,225,2026-08-21,0.12,N,6,1416900000,Ongoing,,,,seed_officer_010
LA-2023-0432,Karnataka,Bengaluru Rural,14.9554,75.7067,Industrial Corridor,State Industrial Dev. Corp,9.3,164,96613000,65.2,0,2023-02-08,Stage 4 of 5,59.6,Medium,121,2026-08-22,0.139,N,26,313680000,Completed,2023-08-23,,On Time,seed_officer_034
LA-2025-0433,Maharashtra,Nagpur,19.8991,75.122,Highway,State PWD,55.7,219,518122000,38.3,0,2025-10-27,Stage 1 of 5,23.3,High,160,2026-07-18,0.334,Y,228,3431160000,Ongoing,,True,,seed_officer_027
LA-2022-0434,Uttar Pradesh,Varanasi,27.3397,80.5557,Highway,State PWD,3.5,19,23383000,67.1,0,2022-08-17,Stage 3 of 5,73.1,High,270,2026-08-21,0.126,N,3,104390000,Completed,2023-10-12,,On Time,seed_officer_011
LA-2021-0435,Odisha,Sundargarh,20.5725,84.8536,Industrial Corridor,DMIC/NICDC,39.6,282,358287000,88.8,0,2021-12-22,Stage 5 of 5,50.4,Medium,177,2026-08-03,0.176,N,49,1297650000,Completed,2024-05-24,,On Time,seed_officer_021
LA-2020-0436,Maharashtra,Satara,19.5453,76.2037,Highway,NHAI,6.7,24,36256000,28.1,0,2020-10-11,Stage 1 of 5,11.1,Medium,275,2026-08-22,0.432,Y,886,137570000,Ongoing,,False,,seed_officer_004
LA-2020-0437,West Bengal,Howrah,22.8502,88.1993,Irrigation/Water Res.,State Water Resources Dept,6.5,41,55625000,47.7,0,2020-12-04,Stage 2 of 5,23.0,Medium,394,2026-08-17,0.324,Y,138,186440000,Ongoing,,False,,seed_officer_040
LA-2025-0438,Uttar Pradesh,Lucknow,26.9524,81.031,Railway,Ministry of Railways,9.2,27,66758000,74.9,2,2025-05-22,Stage 3 of 5,70.2,Medium,267,2026-09-04,0.162,N,14,251070000,Ongoing,,,,seed_officer_018
LA-2025-0439,Tamil Nadu,Salem,11.0538,79.2007,Irrigation/Water Res.,State Water Resources Dept,4.1,18,18332000,50.9,0,2025-01-29,Stage 3 of 5,41.4,High,204,2026-08-31,0.157,N,7,98970000,Ongoing,,,,seed_officer_032
LA-2022-0440,Tamil Nadu,Tiruchirappalli,11.099,79.0957,Highway,State PWD,10.6,95,116620000,50.5,3,2022-02-25,Stage 3 of 5,57.7,Medium,20,2026-05-05,0.418,Y,41,434630000,Completed,2025-04-08,False,Delayed - Unresolved,seed_officer_027
LA-2024-0441,Uttar Pradesh,Ghaziabad,26.942,80.5889,Highway,NHAI,24.6,95,246462000,79.9,2,2024-08-01,Stage 5 of 5,62.9,Medium,281,2026-08-17,0.367,Y,353,966570000,Ongoing,,False,,seed_officer_033
LA-2025-0442,Bihar,Patna,25.4263,85.3452,Highway,State PWD,55.9,55,374708000,82.6,0,2025-06-21,Stage 4 of 5,61.8,Medium,173,2026-08-04,0.201,N,4,2429470000,Ongoing,,,,seed_officer_028
LA-2023-0443,Andhra Pradesh,Visakhapatnam,16.1757,80.0603,Railway,State Railway Infra Corp,88.4,337,303549000,45.9,0,2023-05-10,Stage 2 of 5,41.9,Medium,228,2026-08-30,0.396,Y,540,881340000,Ongoing,,False,,seed_officer_038
LA-2021-0444,West Bengal,Nadia,22.7921,88.0986,Highway,State PWD,17.8,16,51939000,51.5,3,2021-08-04,Stage 3 of 5,31.9,Medium,299,2026-05-06,0.554,Y,611,219190000,Stalled,,True,Delayed - Unresolved,seed_officer_003
LA-2021-0445,Maharashtra,Nagpur,19.6797,75.2619,Railway,State Railway Infra Corp,13.6,111,48388000,66.4,0,2021-01-31,Stage 3 of 5,72.9,High,67,2026-09-02,0.159,N,29,147640000,Completed,2021-09-20,,On Time,seed_officer_039
LA-2022-0446,Bihar,Patna,25.0896,85.301,Irrigation/Water Res.,State Water Resources Dept,63.3,127,187249000,52.2,0,2022-02-16,Stage 3 of 5,26.3,Medium,111,2026-08-06,0.4,Y,15,943400000,Completed,2025-06-21,False,Delayed - Unresolved,seed_officer_014
LA-2021-0447,Karnataka,Belagavi,15.2805,75.6415,Railway,Ministry of Railways,41.1,14,339117000,93.4,0,2021-03-18,Stage 5 of 5,77.5,Medium,140,2026-08-21,0.115,N,39,1120930000,Completed,2024-07-06,,On Time,seed_officer_009
LA-2022-0448,Uttar Pradesh,Meerut,27.1066,81.0637,Highway,State PWD,13.3,110,124330000,32.5,0,2022-10-17,Stage 1 of 5,17.7,High,275,2026-07-20,0.395,Y,564,421430000,Ongoing,,True,,seed_officer_019
LA-2025-0449,Maharashtra,Nashik,19.8062,75.962,Industrial Corridor,State Industrial Dev. Corp,2.9,11,15480000,56.6,0,2025-12-05,Stage 3 of 5,45.8,Medium,139,2026-08-18,0.214,N,6,61430000,Ongoing,,,,seed_officer_001
LA-2022-0450,Maharashtra,Aurangabad,20.0516,75.233,Power Transmission,State Electricity Board,3.3,15,30228000,34.9,0,2022-01-05,Stage 1 of 5,40.5,Low,207,2026-05-02,0.357,Y,650,96080000,Completed,2024-09-28,False,Delayed - Unresolved,seed_officer_012
LA-2022-0451,Maharashtra,Nagpur,19.5839,76.0897,Irrigation/Water Res.,State Water Resources Dept,31.5,224,118651000,79.6,0,2022-08-10,Stage 5 of 5,52.8,Medium,115,2026-09-02,0.181,N,14,466260000,Completed,2024-11-24,,On Time,seed_officer_035
LA-2021-0452,Rajasthan,Jodhpur,27.1163,74.0427,Power Transmission,State Electricity Board,20.2,200,132633000,30.0,12,2021-08-31,Stage 5 of 5,16.1,High,205,2026-06-21,1.121,Y,597,681220000,Ongoing,,False,,seed_officer_005
LA-2024-0453,Uttar Pradesh,Varanasi,26.9101,80.6501,Urban Infra/Metro,State Metro Rail Corp,13.6,38,84264000,67.1,0,2024-11-23,Stage 4 of 5,54.6,Low,206,2026-08-18,0.132,N,7,245170000,Ongoing,,,,seed_officer_028
LA-2022-0454,Bihar,Patna,25.4915,85.8832,Power Transmission,State Electricity Board,38.4,865,424643000,32.5,4,2022-05-02,Stage 3 of 5,19.6,Medium,185,2026-05-19,0.561,Y,701,1904190000,Stalled,,False,Shelved,seed_officer_005
LA-2023-0455,Gujarat,Vadodara,22.2164,71.7894,Railway,State Railway Infra Corp,17.3,23,134489000,76.8,0,2023-06-19,Stage 4 of 5,67.8,Medium,38,2026-08-14,0.176,N,10,550940000,Completed,2023-11-24,,On Time,seed_officer_037
LA-2022-0456,Rajasthan,Alwar,26.8234,74.0979,Railway,State Railway Infra Corp,4.5,34,34767000,100.0,1,2022-10-19,Stage 5 of 5,99.2,Low,236,2026-09-03,0.171,N,4,102980000,Completed,2023-10-07,,On Time,seed_officer_019
LA-2021-0457,Gujarat,Ahmedabad,22.1181,70.7811,Irrigation/Water Res.,State Water Resources Dept,3.4,20,27348000,93.0,0,2021-04-24,Stage 5 of 5,81.5,Low,134,2026-09-01,0.298,N,35,131840000,Completed,2025-07-05,,On Time,seed_officer_002
LA-2024-0458,Bihar,Bhagalpur,24.6691,85.7004,Urban Infra/Metro,State Metro Rail Corp,4.2,39,21541000,65.9,0,2024-12-01,Stage 4 of 5,53.3,Medium,214,2026-08-25,0.15,N,10,62470000,Ongoing,,,,seed_officer_040
LA-2021-0459,Madhya Pradesh,Gwalior,22.5675,78.4996,Railway,State Railway Infra Corp,47.1,114,313317000,64.9,2,2021-06-29,Stage 4 of 5,61.4,Medium,106,2026-09-03,0.392,Y,80,987810000,Ongoing,,False,,seed_officer_006
LA-2025-0460,Maharashtra,Aurangabad,19.1822,76.07,Irrigation/Water Res.,State Water Resources Dept,14.2,25,106843000,33.7,1,2025-06-07,Stage 1 of 5,20.0,High,324,2026-08-18,0.287,N,10,521950000,Ongoing,,,,seed_officer_016
LA-2024-0461,Maharashtra,Aurangabad,19.8188,75.5063,Railway,State Railway Infra Corp,2.3,12,16701000,100.0,0,2024-01-29,Stage 5 of 5,86.2,High,193,2026-09-04,0.184,N,30,63070000,Completed,2025-09-06,,On Time,seed_officer_034
LA-2022-0462,West Bengal,Kolkata,22.4518,87.9712,Railway,State Railway Infra Corp,11.0,28,59699000,22.9,1,2022-11-07,Stage 1 of 5,30.8,Medium,69,2026-08-25,0.284,N,7,245070000,Completed,2023-04-07,,On Time,seed_officer_020
LA-2025-0463,Tamil Nadu,Madurai,10.6148,78.5107,Industrial Corridor,State Industrial Dev. Corp,16.0,65,35272000,26.2,3,2025-02-07,Stage 2 of 5,20.2,High,297,2026-07-27,0.665,Y,1313,159710000,Ongoing,,False,,seed_officer_022
LA-2021-0464,Madhya Pradesh,Indore,23.5452,79.1391,Highway,NHAI,12.1,210,73074000,36.4,0,2021-11-22,Stage 2 of 5,58.3,Medium,111,2026-09-01,0.233,N,0,391240000,Completed,2023-02-27,,On Time,seed_officer_033
LA-2021-0465,Maharashtra,Raigad,19.8281,75.3667,Urban Infra/Metro,State Metro Rail Corp,125.4,148,638167000,69.6,0,2021-03-15,Stage 4 of 5,75.4,Low,231,2026-07-28,0.062,N,10,1964440000,Completed,2024-05-22,,On Time,seed_officer_034
LA-2021-0466,Madhya Pradesh,Indore,22.9705,78.0647,Highway,State PWD,3.9,15,19438000,47.5,0,2021-01-06,Stage 2 of 5,56.6,Low,217,2026-08-29,0.106,N,48,64570000,Completed,2023-09-26,,On Time,seed_officer_023
LA-2021-0467,Uttar Pradesh,Kanpur,26.7501,80.9283,Highway,NHAI,4.8,7,25794000,81.0,0,2021-03-13,Stage 4 of 5,72.1,Medium,249,2026-08-27,0.15,N,8,107820000,Completed,2021-11-12,,On Time,seed_officer_016
LA-2024-0468,Rajasthan,Jaipur,27.2816,74.4942,Railway,Ministry of Railways,14.1,35,52776000,44.4,0,2024-07-26,Stage 1 of 5,31.3,Low,124,2026-08-24,0.314,Y,323,215250000,Ongoing,,False,,seed_officer_017
LA-2021-0469,Uttar Pradesh,Noida,27.1247,80.8735,Highway,NHAI,8.3,33,38077000,21.6,4,2021-01-09,Stage 2 of 5,17.4,Medium,162,2026-07-23,0.687,Y,218,126940000,Ongoing,,True,,seed_officer_039
LA-2023-0470,Madhya Pradesh,Indore,22.6645,78.4807,Urban Infra/Metro,State Metro Rail Corp,20.8,165,111844000,73.0,0,2023-06-05,Stage 4 of 5,40.4,Low,55,2026-08-17,0.31,Y,102,582560000,Ongoing,,False,,seed_officer_012
LA-2025-0471,Bihar,Muzaffarpur,24.7658,84.9473,Highway,State PWD,28.2,61,154509000,88.8,2,2025-05-31,Stage 5 of 5,84.4,Medium,110,2026-08-31,0.127,N,20,747640000,Ongoing,,,,seed_officer_037
LA-2021-0472,Gujarat,Bharuch,21.7128,70.8156,Urban Infra/Metro,Urban Dev. Authority,40.3,75,124831000,72.0,0,2021-09-02,Stage 4 of 5,55.3,Low,322,2026-09-03,0.261,N,23,365210000,Completed,2026-06-29,,On Time,seed_officer_037
LA-2022-0473,Bihar,Darbhanga,24.8772,85.146,Irrigation/Water Res.,State Water Resources Dept,7.7,13,64661000,68.1,0,2022-06-30,Stage 3 of 5,56.3,Medium,193,2026-09-01,0.071,N,21,293590000,Completed,2023-09-03,,On Time,seed_officer_021
LA-2024-0474,Gujarat,Surat,22.7953,71.3066,Irrigation/Water Res.,State Water Resources Dept,6.4,35,32262000,80.1,0,2024-05-14,Stage 5 of 5,77.5,Medium,186,2026-09-02,0.124,N,10,94630000,Ongoing,,,,seed_officer_005
LA-2023-0475,Maharashtra,Aurangabad,19.9885,75.7214,Highway,State PWD,4.8,8,21695000,68.1,2,2023-08-30,Stage 4 of 5,71.7,Low,153,2026-08-01,0.388,Y,159,128040000,Ongoing,,True,,seed_officer_020
LA-2024-0476,Karnataka,Belagavi,15.5274,76.2888,Industrial Corridor,State Industrial Dev. Corp,46.7,173,259617000,59.4,4,2024-02-12,Stage 4 of 5,51.8,Medium,163,2026-07-24,0.401,Y,17,972190000,Ongoing,,True,,seed_officer_023
LA-2025-0477,Madhya Pradesh,Bhopal,22.7383,78.5966,Irrigation/Water Res.,State Water Resources Dept,24.2,53,158704000,77.3,0,2025-10-02,Stage 4 of 5,73.5,Low,101,2026-08-29,0.219,N,27,619260000,Ongoing,,,,seed_officer_030
LA-2021-0478,Andhra Pradesh,Kurnool,15.9064,79.2984,Urban Infra/Metro,State Metro Rail Corp,7.2,45,64756000,71.5,0,2021-04-15,Stage 3 of 5,72.3,Low,169,2026-09-01,0.169,N,29,378080000,Completed,2026-02-14,,On Time,seed_officer_004
LA-2025-0479,Maharashtra,Nashik,19.9231,75.672,Urban Infra/Metro,Urban Dev. Authority,14.2,6,121671000,90.4,0,2025-07-31,Stage 5 of 5,64.6,High,150,2026-09-03,0.0,N,35,784160000,Ongoing,,,,seed_officer_005
LA-2023-0480,Maharashtra,Raigad,19.8983,75.9079,Highway,NHAI,12.7,21,32541000,78.8,1,2023-09-25,Stage 5 of 5,53.6,Low,227,2026-08-22,0.191,N,26,142130000,Completed,2024-12-01,,On Time,seed_officer_040
LA-2023-0481,Madhya Pradesh,Gwalior,22.828,78.2652,Power Transmission,State Electricity Board,5.8,30,32342000,75.1,0,2023-07-20,Stage 4 of 5,70.9,Medium,175,2026-08-26,0.291,N,17,99290000,Completed,2025-12-25,,On Time,seed_officer_038
LA-2022-0482,Uttar Pradesh,Agra,26.5033,80.3915,Highway,NHAI,4.7,27,38295000,85.4,0,2022-02-08,Stage 4 of 5,80.7,Medium,304,2026-08-28,0.093,N,37,152450000,Completed,2026-02-22,,On Time,seed_officer_029
LA-2023-0483,Maharashtra,Satara,20.2899,75.8837,Power Transmission,Power Grid Corp,37.6,54,267917000,74.0,0,2023-11-14,Stage 3 of 5,49.0,High,217,2026-08-21,0.142,N,1,1708720000,Completed,2024-05-18,,On Time,seed_officer_021
LA-2024-0484,Maharashtra,Thane,19.7145,76.1113,Highway,State PWD,11.6,124,134668000,10.3,8,2024-11-05,Stage 3 of 5,5.5,Low,260,2026-06-21,0.948,Y,1023,442190000,Ongoing,,True,,seed_officer_033
LA-2026-0485,Odisha,Cuttack,21.251,85.1457,Power Transmission,Power Grid Corp,20.8,35,103229000,79.9,0,2026-02-22,Stage 4 of 5,47.0,Medium,238,2026-08-31,0.112,N,6,491460000,Ongoing,,,,seed_officer_029
LA-2022-0486,Gujarat,Ahmedabad,22.1486,70.921,Highway,State PWD,6.3,10,45572000,63.8,4,2022-01-20,Stage 4 of 5,62.9,Medium,45,2026-09-03,0.425,Y,105,281410000,Ongoing,,True,,seed_officer_006
LA-2023-0487,Maharashtra,Thane,19.5751,76.2771,Highway,NHAI,17.1,198,191443000,25.5,2,2023-10-22,Stage 2 of 5,31.8,High,226,2026-03-26,0.563,Y,460,1002530000,Stalled,,True,Delayed - Unresolved,seed_officer_003
LA-2025-0488,Tamil Nadu,Coimbatore,10.5489,78.9239,Power Transmission,State Electricity Board,6.0,16,43853000,70.6,0,2025-10-13,Stage 3 of 5,48.0,High,323,2026-09-03,0.057,N,2,143110000,Ongoing,,,,seed_officer_029
LA-2024-0489,Odisha,Cuttack,20.5461,85.3859,Railway,State Railway Infra Corp,22.5,134,176788000,62.2,1,2024-04-10,Stage 4 of 5,57.8,Medium,260,2026-08-31,0.21,N,3,1057380000,Ongoing,,,,seed_officer_024
LA-2025-0490,Rajasthan,Udaipur,27.2854,74.7503,Industrial Corridor,DMIC/NICDC,17.3,72,173782000,50.5,3,2025-07-18,Stage 3 of 5,23.3,Medium,284,2026-07-18,0.488,Y,97,581440000,Ongoing,,False,,seed_officer_027
LA-2025-0491,Andhra Pradesh,Guntur,15.3884,79.8871,Highway,NHAI,69.6,362,353810000,66.0,0,2025-01-30,Stage 3 of 5,58.5,High,128,2026-08-30,0.214,N,0,1984240000,Ongoing,,,,seed_officer_022
LA-2021-0492,Karnataka,Bengaluru Rural,15.5107,75.1667,Power Transmission,State Electricity Board,11.3,13,56364000,42.4,2,2021-04-20,Stage 3 of 5,45.3,Low,59,2026-08-01,0.509,Y,198,360800000,Completed,2021-05-30,False,Delayed - Unresolved,seed_officer_007
LA-2022-0493,Bihar,Darbhanga,24.8314,84.9903,Power Transmission,State Electricity Board,5.2,20,42805000,53.2,0,2022-04-28,Stage 3 of 5,49.1,High,220,2026-08-11,0.194,N,6,186140000,Completed,2023-10-13,,On Time,seed_officer_019
LA-2021-0494,Uttar Pradesh,Ghaziabad,26.6098,81.081,Railway,Ministry of Railways,36.8,203,188733000,65.4,0,2021-12-10,Stage 3 of 5,62.9,Low,342,2026-09-04,0.181,N,0,622660000,Completed,2026-01-02,,On Time,seed_officer_022
LA-2023-0495,Uttar Pradesh,Lucknow,26.5411,81.5051,Highway,NHAI,43.1,137,207099000,49.3,0,2023-12-01,Stage 2 of 5,26.6,High,201,2026-08-31,0.171,N,26,892540000,Completed,2025-04-05,,On Time,seed_officer_023
LA-2023-0496,Bihar,Bhagalpur,24.7333,85.3713,Highway,State PWD,6.2,21,37991000,48.4,0,2023-02-07,Stage 2 of 5,49.9,Low,342,2026-09-03,0.327,Y,746,132420000,Completed,2023-10-09,False,Delayed - Unresolved,seed_officer_009
LA-2021-0497,Maharashtra,Thane,20.0708,75.1959,Power Transmission,Power Grid Corp,36.2,53,159859000,19.9,5,2021-01-15,Stage 3 of 5,1.4,Low,305,2026-08-10,0.688,Y,846,861950000,Ongoing,,False,,seed_officer_020
LA-2023-0498,Andhra Pradesh,Anantapur,15.3181,79.4686,Irrigation/Water Res.,State Water Resources Dept,14.5,44,136343000,33.4,0,2023-07-07,Stage 1 of 5,29.6,Low,114,2026-08-31,0.322,Y,105,575670000,Ongoing,,True,,seed_officer_022
LA-2026-0499,Uttar Pradesh,Meerut,26.4756,81.4058,Industrial Corridor,State Industrial Dev. Corp,12.5,94,64353000,62.8,0,2026-01-15,Stage 3 of 5,54.4,Low,267,2026-08-15,0.115,N,14,320520000,Ongoing,,,,seed_officer_034
LA-2026-0500,Odisha,Khordha,21.1773,84.8859,Irrigation/Water Res.,State Water Resources Dept,14.3,23,74716000,86.7,0,2026-02-07,Stage 4 of 5,67.0,Low,250,2026-08-23,0.239,N,1,280780000,Ongoing,,,,seed_officer_033
LA-2021-0501,Tamil Nadu,Madurai,10.8761,78.3767,Industrial Corridor,State Industrial Dev. Corp,11.9,13,28574000,70.9,2,2021-06-23,Stage 4 of 5,48.5,High,314,2026-08-27,0.286,N,10,85020000,Completed,2022-10-04,,On Time,seed_officer_024
LA-2024-0502,Madhya Pradesh,Jabalpur,22.492,78.1974,Highway,NHAI,18.3,95,145658000,34.4,0,2024-03-04,Stage 1 of 5,17.9,Low,199,2026-05-24,0.31,Y,234,449740000,Ongoing,,False,,seed_officer_014
LA-2022-0503,Maharashtra,Nashik,19.9041,75.5175,Irrigation/Water Res.,State Water Resources Dept,7.4,15,16821000,100.0,0,2022-09-10,Stage 5 of 5,80.3,High,63,2026-08-28,0.112,N,1,83020000,Completed,2026-05-07,,On Time,seed_officer_013
LA-2022-0504,Gujarat,Surat,21.8573,71.0757,Railway,Ministry of Railways,58.6,555,605566000,68.7,1,2022-12-20,Stage 4 of 5,58.2,Low,216,2026-08-20,0.426,Y,242,2395270000,Ongoing,,False,,seed_officer_010
LA-2021-0505,Maharashtra,Pune,20.2902,75.7,Railway,State Railway Infra Corp,13.8,82,56223000,50.5,0,2021-11-02,Stage 2 of 5,51.3,Low,365,2026-08-09,0.281,N,1,215330000,Completed,2024-09-10,,On Time,seed_officer_007
LA-2022-0506,West Bengal,Kolkata,22.4872,88.3365,Highway,State PWD,42.8,125,261524000,48.0,0,2022-11-13,Stage 3 of 5,37.3,Medium,213,2026-07-03,0.324,Y,511,1025920000,Completed,2024-12-01,False,Delayed - Unresolved,seed_officer_040
LA-2024-0507,Maharashtra,Nagpur,20.1698,75.6108,Highway,State PWD,25.6,85,97574000,55.4,0,2024-11-29,Stage 2 of 5,48.0,Medium,350,2026-09-02,0.173,N,35,287330000,Ongoing,,,,seed_officer_010
LA-2024-0508,Gujarat,Surat,22.0254,71.187,Railway,Ministry of Railways,15.0,58,89932000,30.1,0,2024-06-07,Stage 1 of 5,22.5,High,341,2026-08-15,0.215,N,30,355470000,Ongoing,,,,seed_officer_040
LA-2022-0509,Maharashtra,Satara,19.4096,75.9014,Railway,Ministry of Railways,6.7,21,30863000,40.6,0,2022-09-05,Stage 1 of 5,36.8,High,232,2026-09-04,0.168,N,39,134370000,Completed,2023-12-14,,On Time,seed_officer_029
LA-2024-0510,Maharashtra,Pune,19.8136,75.4428,Highway,State PWD,9.6,8,84270000,45.4,0,2024-02-20,Stage 2 of 5,49.0,High,285,2026-08-08,0.22,N,10,257460000,Completed,2026-06-19,,On Time,seed_officer_024
LA-2020-0511,Maharashtra,Raigad,19.5744,75.5975,Highway,NHAI,14.6,40,36099000,65.9,1,2020-10-13,Stage 3 of 5,69.4,Medium,187,2026-09-03,0.29,N,36,227440000,Completed,2024-12-26,,On Time,seed_officer_029
LA-2023-0512,Gujarat,Bharuch,22.6584,71.4181,Highway,State PWD,17.9,34,152188000,31.7,2,2023-05-22,Stage 2 of 5,20.2,High,152,2026-06-26,0.48,Y,128,876260000,Ongoing,,False,,seed_officer_029
LA-2023-0513,Maharashtra,Nagpur,19.6878,75.9947,Highway,NHAI,31.0,85,69734000,87.2,0,2023-05-30,Stage 5 of 5,74.0,Medium,246,2026-06-14,0.005,N,44,309860000,Completed,2023-08-06,,On Time,seed_officer_020
LA-2021-0514,Uttar Pradesh,Meerut,26.2658,80.9905,Irrigation/Water Res.,State Water Resources Dept,4.5,13,14617000,55.1,5,2021-03-21,Stage 3 of 5,44.4,Medium,77,2026-04-12,0.581,Y,86,76220000,Stalled,,True,Delayed - Unresolved,seed_officer_013
LA-2021-0515,Bihar,Bhagalpur,25.0353,85.5634,Irrigation/Water Res.,State Water Resources Dept,22.9,210,138305000,70.3,0,2021-02-16,Stage 3 of 5,63.1,Low,277,2026-05-06,0.337,Y,272,427490000,Completed,2026-03-10,False,Delayed - Unresolved,seed_officer_030
LA-2020-0516,Gujarat,Vadodara,22.4918,70.7266,Irrigation/Water Res.,State Water Resources Dept,11.2,13,39890000,92.9,0,2020-12-11,Stage 5 of 5,82.2,Low,139,2026-08-31,0.035,N,3,115600000,Completed,2024-12-20,,On Time,seed_officer_033
LA-2026-0517,Tamil Nadu,Tiruchirappalli,11.5721,79.101,Irrigation/Water Res.,State Water Resources Dept,92.9,150,202928000,73.3,0,2026-01-13,Stage 4 of 5,71.9,Low,256,2026-08-29,0.216,N,12,1114520000,Ongoing,,,,seed_officer_011
LA-2021-0518,Karnataka,Mysuru,15.5601,76.2742,Highway,NHAI,11.5,120,107661000,51.0,0,2021-05-06,Stage 2 of 5,41.1,Medium,276,2026-09-01,0.2,N,25,493990000,Completed,2025-06-03,,On Time,seed_officer_017
LA-2022-0519,Uttar Pradesh,Lucknow,27.2997,80.585,Industrial Corridor,DMIC/NICDC,25.7,160,217255000,37.6,2,2022-04-25,Stage 2 of 5,39.5,High,154,2026-08-05,0.477,Y,332,981460000,Ongoing,,False,,seed_officer_024
LA-2024-0520,Madhya Pradesh,Bhopal,22.3912,79.0278,Urban Infra/Metro,State Metro Rail Corp,66.1,180,161436000,81.5,0,2024-10-08,Stage 4 of 5,44.6,Low,20,2026-09-03,0.124,N,32,908530000,Ongoing,,,,seed_officer_019
LA-2023-0521,Maharashtra,Pune,19.9915,75.1212,Railway,Ministry of Railways,10.9,144,78549000,50.6,1,2023-01-13,Stage 3 of 5,35.7,Low,244,2026-07-01,0.477,Y,220,319860000,Completed,2023-06-07,False,Delayed - Unresolved,seed_officer_018
LA-2022-0522,Rajasthan,Alwar,27.29,74.6786,Irrigation/Water Res.,State Water Resources Dept,17.8,44,138199000,36.7,0,2022-11-28,Stage 1 of 5,27.3,Low,177,2026-09-01,0.314,Y,415,757150000,Completed,2022-12-22,False,Delayed - Unresolved,seed_officer_028
LA-2022-0523,Bihar,Patna,24.6082,85.2943,Highway,NHAI,6.3,22,60791000,20.9,1,2022-04-17,Stage 1 of 5,22.5,Low,118,2026-07-17,0.371,Y,324,273800000,Completed,2025-10-11,False,Delayed - Unresolved,seed_officer_029
LA-2021-0524,Andhra Pradesh,Guntur,15.5484,79.7977,Railway,Ministry of Railways,35.7,68,154133000,92.0,0,2021-08-25,Stage 5 of 5,77.4,Medium,253,2026-08-31,0.176,N,2,582580000,Completed,2023-03-11,,On Time,seed_officer_027
LA-2023-0525,Andhra Pradesh,Visakhapatnam,16.02,79.4708,Highway,State PWD,11.7,77,68176000,90.7,0,2023-08-23,Stage 4 of 5,78.4,Low,241,2026-09-03,0.055,N,4,336090000,Completed,2026-03-12,,On Time,seed_officer_033
LA-2021-0526,Uttar Pradesh,Ghaziabad,26.3317,80.8265,Irrigation/Water Res.,State Water Resources Dept,8.9,35,59278000,54.6,0,2021-07-01,Stage 2 of 5,39.5,High,151,2026-08-30,0.212,N,15,192180000,Completed,2026-02-07,,On Time,seed_officer_025
LA-2025-0527,Karnataka,Bengaluru Rural,14.8319,75.5891,Urban Infra/Metro,Urban Dev. Authority,11.1,59,61519000,66.1,0,2025-11-14,Stage 4 of 5,40.0,Low,165,2026-08-31,0.19,N,3,351380000,Ongoing,,,,seed_officer_015
LA-2024-0528,Uttar Pradesh,Lucknow,26.2848,81.1553,Railway,State Railway Infra Corp,99.6,688,355453000,66.7,5,2024-05-11,Stage 5 of 5,43.2,Low,264,2026-08-10,0.707,Y,346,1710690000,Ongoing,,False,,seed_officer_007
LA-2026-0529,Gujarat,Vadodara,22.3933,71.2515,Highway,NHAI,18.7,47,121841000,59.8,0,2026-03-07,Stage 3 of 5,49.4,Low,133,2026-06-14,0.344,Y,106,512960000,Ongoing,,False,,seed_officer_009
LA-2021-0530,West Bengal,Kolkata,23.3147,88.3739,Industrial Corridor,DMIC/NICDC,13.1,68,109086000,96.9,0,2021-03-23,Stage 4 of 5,71.5,High,248,2026-07-01,0.042,N,4,384030000,Completed,2026-07-07,,On Time,seed_officer_031
LA-2021-0531,Odisha,Cuttack,21.1097,84.8798,Highway,State PWD,25.0,213,197824000,45.4,0,2021-11-07,Stage 2 of 5,39.2,Low,160,2026-08-30,0.212,N,8,1113840000,Completed,2023-12-07,,On Time,seed_officer_029
LA-2022-0532,Odisha,Khordha,20.61,84.8873,Railway,Ministry of Railways,26.8,142,175731000,32.3,3,2022-09-03,Stage 2 of 5,33.2,Medium,62,2026-08-07,0.408,Y,82,1026730000,Completed,2024-12-13,False,Delayed - Unresolved,seed_officer_002
LA-2023-0533,Bihar,Bhagalpur,25.4838,85.8217,Irrigation/Water Res.,State Water Resources Dept,17.4,117,109549000,72.7,1,2023-05-27,Stage 4 of 5,63.6,Medium,307,2026-03-11,0.309,Y,115,316030000,Ongoing,,False,,seed_officer_010
LA-2026-0534,Bihar,Darbhanga,25.0855,85.5321,Highway,State PWD,10.0,35,38283000,49.6,0,2026-01-06,Stage 3 of 5,39.9,High,81,2026-09-04,0.162,N,2,234130000,Ongoing,,,,seed_officer_008
LA-2025-0535,Maharashtra,Satara,19.8777,75.8569,Irrigation/Water Res.,State Water Resources Dept,7.8,43,46938000,56.0,0,2025-01-19,Stage 2 of 5,54.4,High,354,2026-08-31,0.246,N,13,179000000,Ongoing,,,,seed_officer_016
LA-2023-0536,Gujarat,Vadodara,22.6468,71.7705,Railway,Ministry of Railways,12.1,57,58230000,69.3,0,2023-09-30,Stage 4 of 5,61.4,High,208,2026-08-23,0.253,N,43,301400000,Completed,2023-12-18,,On Time,seed_officer_004
LA-2021-0537,Uttar Pradesh,Noida,27.1648,81.263,Highway,State PWD,3.0,7,17507000,87.3,1,2021-08-22,Stage 5 of 5,63.2,Medium,107,2026-09-02,0.102,N,16,55750000,Completed,2025-03-31,,On Time,seed_officer_040
LA-2023-0538,Andhra Pradesh,Kurnool,15.6896,79.9611,Highway,NHAI,3.2,8,29917000,74.4,3,2023-07-18,Stage 5 of 5,61.7,Medium,170,2026-09-04,0.422,Y,624,170260000,Ongoing,,True,,seed_officer_008
LA-2020-0539,Uttar Pradesh,Meerut,27.0729,81.3432,Railway,State Railway Infra Corp,6.8,44,43615000,75.8,0,2020-10-06,Stage 4 of 5,68.1,High,315,2026-08-31,0.165,N,4,169430000,Completed,2024-10-09,,On Time,seed_officer_039
LA-2021-0540,Andhra Pradesh,Anantapur,15.8928,80.0883,Railway,Ministry of Railways,12.1,118,62332000,36.3,0,2021-05-11,Stage 2 of 5,22.0,High,185,2026-09-01,0.259,N,6,187550000,Completed,2022-07-26,,On Time,seed_officer_033
LA-2024-0541,Maharashtra,Thane,20.0091,75.7467,Power Transmission,Power Grid Corp,31.0,23,165770000,33.9,0,2024-09-17,Stage 1 of 5,36.3,Medium,145,2026-08-25,0.292,N,7,557360000,Ongoing,,,,seed_officer_010
LA-2024-0542,Maharashtra,Nashik,19.4642,75.7597,Irrigation/Water Res.,State Water Resources Dept,4.6,38,19378000,44.9,0,2024-09-26,Stage 2 of 5,41.7,High,225,2026-09-02,0.203,N,22,56070000,Ongoing,,,,seed_officer_001
LA-2026-0543,Bihar,Darbhanga,24.6766,85.2723,Irrigation/Water Res.,State Water Resources Dept,14.3,126,87138000,23.9,2,2026-01-08,Stage 2 of 5,5.7,High,98,2026-07-28,0.456,Y,160,481340000,Ongoing,,True,,seed_officer_016
LA-2024-0544,Rajasthan,Alwar,26.4748,74.1216,Railway,Ministry of Railways,6.1,24,51778000,58.6,0,2024-05-16,Stage 2 of 5,33.0,Low,125,2026-09-04,0.195,N,4,291970000,Ongoing,,,,seed_officer_006
LA-2021-0545,Gujarat,Bharuch,22.3852,71.439,Industrial Corridor,DMIC/NICDC,39.8,64,174492000,21.2,0,2021-08-22,Stage 1 of 5,13.2,Medium,279,2026-07-30,0.347,Y,300,694200000,Ongoing,,False,,seed_officer_005
LA-2021-0546,Andhra Pradesh,Anantapur,15.9324,79.9796,Highway,NHAI,31.5,140,243786000,85.4,0,2021-09-27,Stage 5 of 5,87.6,High,229,2026-08-10,0.067,N,3,1137750000,Completed,2022-01-11,,On Time,seed_officer_025
LA-2024-0547,Uttar Pradesh,Meerut,26.6031,80.7787,Urban Infra/Metro,Urban Dev. Authority,22.1,157,127367000,41.4,2,2024-02-15,Stage 3 of 5,39.7,Low,166,2026-07-20,0.432,Y,122,432890000,Ongoing,,False,,seed_officer_003
LA-2023-0548,Maharashtra,Raigad,19.2459,75.6253,Urban Infra/Metro,Urban Dev. Authority,11.0,27,74667000,24.4,0,2023-07-17,Stage 1 of 5,28.6,Low,20,2026-08-24,0.423,Y,98,247910000,Ongoing,,False,,seed_officer_024
LA-2022-0549,Bihar,Bhagalpur,25.3034,85.6542,Irrigation/Water Res.,State Water Resources Dept,12.6,73,53010000,75.2,1,2022-03-09,Stage 5 of 5,74.4,Low,20,2026-08-26,0.317,Y,30,261500000,Completed,2024-12-08,False,Delayed - Unresolved,seed_officer_023
LA-2021-0550,Tamil Nadu,Chennai,10.8075,78.6445,Railway,State Railway Infra Corp,20.9,96,97726000,73.0,0,2021-10-17,Stage 4 of 5,60.1,Medium,20,2026-08-25,0.259,N,8,296950000,Completed,2023-06-23,,On Time,seed_officer_016
LA-2026-0551,Odisha,Khordha,20.5341,84.7075,Highway,State PWD,11.4,82,90263000,55.2,0,2026-02-22,Stage 2 of 5,53.4,High,240,2026-08-31,0.131,N,4,271110000,Ongoing,,,,seed_officer_009
LA-2024-0552,Gujarat,Ahmedabad,22.5445,71.1805,Highway,State PWD,6.7,30,30368000,57.2,0,2024-03-09,Stage 3 of 5,52.4,Low,175,2026-09-04,0.264,N,1,94590000,Ongoing,,,,seed_officer_035
LA-2021-0553,Tamil Nadu,Madurai,10.6105,78.1141,Highway,NHAI,6.1,9,45303000,79.3,0,2021-08-22,Stage 4 of 5,77.4,High,145,2026-09-03,0.029,N,1,169950000,Completed,2024-04-15,,On Time,seed_officer_030
LA-2022-0554,Rajasthan,Alwar,27.2156,74.4833,Highway,NHAI,12.5,36,108299000,92.4,0,2022-02-13,Stage 5 of 5,83.8,Medium,95,2026-08-13,0.178,N,10,367820000,Completed,2025-01-24,,On Time,seed_officer_009
LA-2020-0555,Uttar Pradesh,Lucknow,26.4144,80.8144,Highway,State PWD,28.3,72,63714000,73.5,4,2020-11-18,Stage 5 of 5,42.7,Low,162,2026-09-02,0.496,Y,111,369270000,Completed,2022-07-08,False,Delayed - Unresolved,seed_officer_003
LA-2020-0556,Maharashtra,Nashik,19.8238,75.2155,Power Transmission,Power Grid Corp,21.1,121,202238000,65.8,2,2020-10-16,Stage 3 of 5,61.9,High,219,2026-08-16,0.332,Y,318,780700000,Completed,2021-04-20,False,Delayed - Unresolved,seed_officer_003
LA-2025-0557,Uttar Pradesh,Meerut,26.693,80.3801,Highway,NHAI,10.9,84,101623000,66.7,0,2025-03-16,Stage 3 of 5,60.6,Medium,20,2026-08-11,0.086,N,2,380160000,Ongoing,,,,seed_officer_003
LA-2022-0558,Tamil Nadu,Madurai,11.5118,78.4684,Highway,State PWD,6.1,40,24331000,82.4,1,2022-09-20,Stage 5 of 5,84.1,Low,207,2026-09-04,0.159,N,6,131610000,Completed,2023-07-17,,On Time,seed_officer_033
LA-2024-0559,West Bengal,Nadia,22.8832,88.3979,Power Transmission,State Electricity Board,22.2,294,160847000,77.2,0,2024-05-15,Stage 4 of 5,68.7,High,84,2026-08-25,0.096,N,20,945510000,Ongoing,,,,seed_officer_017
LA-2023-0560,Andhra Pradesh,Visakhapatnam,15.9216,80.335,Highway,NHAI,6.8,29,39561000,48.0,0,2023-06-14,Stage 2 of 5,32.2,Medium,170,2026-09-01,0.208,N,8,140620000,Completed,2024-05-19,,On Time,seed_officer_019
LA-2024-0561,Karnataka,Belagavi,15.869,75.664,Irrigation/Water Res.,State Water Resources Dept,6.0,34,53320000,92.8,0,2024-03-11,Stage 5 of 5,79.2,Low,92,2026-09-02,0.206,N,11,278320000,Ongoing,,,,seed_officer_022
LA-2024-0562,Odisha,Sundargarh,21.1011,85.0602,Highway,NHAI,13.3,65,76587000,62.2,0,2024-07-19,Stage 3 of 5,65.7,Medium,210,2026-07-20,0.165,N,2,299880000,Ongoing,,,,seed_officer_024
LA-2025-0563,Gujarat,Rajkot,22.7474,71.3419,Highway,State PWD,8.8,37,80039000,15.8,0,2025-06-17,Stage 1 of 5,15.9,High,162,2026-03-21,0.354,Y,852,355720000,Ongoing,,True,,seed_officer_029
LA-2025-0564,Gujarat,Rajkot,22.7075,71.6571,Highway,State PWD,12.2,72,121732000,100.0,0,2025-02-14,Stage 5 of 5,93.6,Medium,25,2026-08-18,0.071,N,7,612380000,Ongoing,,,,seed_officer_012
LA-2026-0565,Rajasthan,Alwar,26.8749,74.2565,Urban Infra/Metro,Urban Dev. Authority,44.1,404,440335000,81.2,0,2026-01-25,Stage 3 of 5,72.4,High,298,2026-08-31,0.099,N,11,1563740000,Ongoing,,,,seed_officer_024
LA-2023-0566,Karnataka,Belagavi,15.387,75.1818,Highway,NHAI,6.7,15,15873000,52.3,0,2023-05-10,Stage 2 of 5,61.9,Low,129,2026-09-02,0.206,N,1,66480000,Completed,2026-04-19,,On Time,seed_officer_028
LA-2022-0567,Karnataka,Bengaluru Rural,15.8852,76.1857,Railway,State Railway Infra Corp,11.3,14,72260000,49.6,0,2022-09-27,Stage 2 of 5,33.0,Medium,195,2026-09-04,0.178,N,0,216200000,Completed,2024-09-08,,On Time,seed_officer_039
LA-2023-0568,Gujarat,Surat,21.7706,71.6975,Railway,State Railway Infra Corp,16.2,55,148760000,48.3,0,2023-05-07,Stage 2 of 5,44.7,High,134,2026-09-01,0.227,N,54,438130000,Completed,2025-12-25,,On Time,seed_officer_021
LA-2025-0569,Uttar Pradesh,Lucknow,27.2989,81.3296,Irrigation/Water Res.,State Water Resources Dept,26.1,72,60370000,99.5,1,2025-07-04,Stage 5 of 5,87.3,Medium,434,2026-08-31,0.232,N,4,300240000,Ongoing,,,,seed_officer_021
LA-2022-0570,Rajasthan,Udaipur,26.5589,74.4336,Highway,State PWD,3.0,14,14921000,60.8,0,2022-02-02,Stage 3 of 5,64.0,Medium,349,2026-08-28,0.085,N,2,43090000,Completed,2023-05-22,,On Time,seed_officer_029
LA-2024-0571,Maharashtra,Thane,20.2592,75.7919,Railway,State Railway Infra Corp,12.0,23,56644000,39.8,0,2024-01-12,Stage 2 of 5,27.7,High,333,2026-08-26,0.149,N,14,170130000,Completed,2024-02-19,,On Time,seed_officer_011
LA-2021-0572,Uttar Pradesh,Kanpur,26.8822,81.4053,Urban Infra/Metro,Urban Dev. Authority,12.7,35,55581000,94.5,0,2021-02-04,Stage 5 of 5,67.5,Medium,237,2026-08-30,0.083,N,17,294840000,Completed,2025-10-02,,On Time,seed_officer_023
LA-2022-0573,West Bengal,Nadia,23.4218,88.2268,Highway,NHAI,8.2,54,26608000,46.1,4,2022-05-26,Stage 3 of 5,53.2,Medium,144,2026-08-01,0.449,Y,103,104590000,Completed,2024-12-28,False,Delayed - Unresolved,seed_officer_023
LA-2023-0574,Karnataka,Hubballi-Dharwad,15.8362,75.2901,Industrial Corridor,DMIC/NICDC,17.3,68,72587000,68.1,3,2023-01-07,Stage 4 of 5,62.1,Medium,66,2026-07-12,0.307,Y,74,214210000,Ongoing,,False,,seed_officer_004
LA-2026-0575,Odisha,Khordha,20.6671,84.5528,Highway,State PWD,5.4,15,17431000,87.2,0,2026-01-18,Stage 4 of 5,66.1,Low,334,2026-08-05,0.122,N,11,107800000,Ongoing,,,,seed_officer_024
LA-2021-0576,Tamil Nadu,Tiruchirappalli,11.2012,78.8493,Power Transmission,Power Grid Corp,36.1,220,222432000,62.5,0,2021-06-26,Stage 3 of 5,52.3,Medium,147,2026-07-22,0.219,N,41,650800000,Completed,2024-08-15,,On Time,seed_officer_002
LA-2024-0577,Andhra Pradesh,Vijayawada,15.7514,79.6163,Power Transmission,State Electricity Board,13.3,35,46519000,41.2,0,2024-04-11,Stage 1 of 5,37.2,Medium,219,2026-09-04,0.299,N,27,144890000,Ongoing,,,,seed_officer_003
LA-2022-0578,Karnataka,Mysuru,14.9216,75.3416,Urban Infra/Metro,State Metro Rail Corp,15.9,43,118292000,83.2,0,2022-05-14,Stage 4 of 5,54.1,Low,230,2026-09-02,0.113,N,13,400590000,Completed,2023-12-19,,On Time,seed_officer_016
LA-2023-0579,Karnataka,Belagavi,15.8363,75.3982,Industrial Corridor,DMIC/NICDC,12.1,42,95204000,60.1,0,2023-01-30,Stage 3 of 5,45.1,Medium,246,2026-08-11,0.188,N,34,597340000,Completed,2024-01-23,,On Time,seed_officer_025
LA-2022-0580,Maharashtra,Thane,19.1928,75.6111,Highway,NHAI,9.7,21,67646000,91.0,0,2022-09-24,Stage 5 of 5,67.8,Low,369,2026-08-28,0.154,N,5,234730000,Completed,2023-02-16,,On Time,seed_officer_039
LA-2026-0581,Madhya Pradesh,Indore,22.5827,78.4804,Railway,State Railway Infra Corp,59.5,182,429804000,52.0,2,2026-01-10,Stage 3 of 5,34.3,Low,83,2026-08-30,0.357,Y,64,1670530000,Ongoing,,False,,seed_officer_024
LA-2021-0582,Tamil Nadu,Madurai,11.2876,78.7061,Urban Infra/Metro,Urban Dev. Authority,13.0,53,72576000,41.1,2,2021-12-26,Stage 2 of 5,33.2,Medium,90,2026-05-10,0.322,Y,239,330640000,Completed,2022-09-16,False,Delayed - Unresolved,seed_officer_005
LA-2022-0583,Uttar Pradesh,Agra,26.6381,81.4993,Highway,NHAI,18.0,12,87128000,70.5,0,2022-07-25,Stage 4 of 5,51.7,Medium,22,2026-09-03,0.195,N,3,307440000,Completed,2026-06-27,,On Time,seed_officer_034
LA-2024-0584,Uttar Pradesh,Ghaziabad,27.2881,81.1193,Highway,State PWD,6.5,16,30500000,100.0,0,2024-08-23,Stage 5 of 5,100.0,Medium,246,2026-09-03,0.126,N,29,98010000,Ongoing,,,,seed_officer_021
LA-2025-0585,Uttar Pradesh,Kanpur,27.2224,81.4748,Railway,State Railway Infra Corp,108.0,534,673371000,51.9,3,2025-11-12,Stage 4 of 5,36.9,High,98,2026-07-18,0.689,Y,129,2406540000,Ongoing,,False,,seed_officer_016
LA-2020-0586,Uttar Pradesh,Lucknow,27.2551,80.4921,Highway,NHAI,2.2,12,23500000,51.7,3,2020-10-27,Stage 3 of 5,53.5,Medium,108,2026-07-15,0.369,Y,209,89680000,Completed,2025-01-20,True,Delayed - Resolved,seed_officer_012
LA-2022-0587,Bihar,Muzaffarpur,24.7388,85.1787,Railway,State Railway Infra Corp,40.3,81,294076000,59.3,5,2022-01-16,Stage 4 of 5,31.5,High,271,2026-08-13,0.531,Y,867,928950000,Completed,2024-10-29,True,Delayed - Resolved,seed_officer_036
LA-2025-0588,Uttar Pradesh,Lucknow,26.9605,80.3792,Highway,State PWD,20.0,38,70138000,56.3,0,2025-07-12,Stage 2 of 5,50.9,Low,95,2026-08-31,0.178,N,0,244230000,Ongoing,,,,seed_officer_017
LA-2023-0589,Bihar,Muzaffarpur,25.5338,85.5467,Highway,NHAI,2.6,9,25569000,48.8,0,2023-12-25,Stage 2 of 5,40.7,Medium,282,2026-09-01,0.288,N,0,83300000,Completed,2025-03-17,,On Time,seed_officer_040
LA-2023-0590,Madhya Pradesh,Jabalpur,23.2168,78.3511,Railway,State Railway Infra Corp,23.3,96,187868000,60.9,0,2023-04-20,Stage 3 of 5,58.5,Medium,182,2026-09-03,0.069,N,39,921070000,Completed,2026-06-13,,On Time,seed_officer_013
LA-2024-0591,Uttar Pradesh,Lucknow,26.4017,81.3751,Irrigation/Water Res.,State Water Resources Dept,146.4,625,899119000,16.7,8,2024-06-16,Stage 3 of 5,11.2,Medium,323,2026-04-08,1.005,Y,1231,5101170000,Stalled,,False,Shelved,seed_officer_005
LA-2020-0592,Madhya Pradesh,Gwalior,22.7911,78.1907,Industrial Corridor,State Industrial Dev. Corp,26.1,124,101543000,29.5,0,2020-09-24,Stage 1 of 5,19.6,Medium,20,2026-04-22,0.421,Y,15,317230000,Completed,2021-12-21,False,Delayed - Unresolved,seed_officer_029
LA-2023-0593,Uttar Pradesh,Lucknow,27.031,81.1329,Irrigation/Water Res.,State Water Resources Dept,11.7,131,98209000,5.3,8,2023-03-30,Stage 3 of 5,0.0,Medium,133,2026-08-04,0.833,Y,107,612130000,Ongoing,,False,,seed_officer_023
LA-2023-0594,Uttar Pradesh,Kanpur,26.4848,80.9132,Railway,Ministry of Railways,63.9,100,325300000,68.0,0,2023-04-27,Stage 4 of 5,50.9,Low,323,2026-08-23,0.223,N,23,1196560000,Completed,2026-07-23,,On Time,seed_officer_036
LA-2022-0595,Madhya Pradesh,Jabalpur,23.5714,78.2747,Highway,State PWD,23.7,44,200593000,28.1,3,2022-11-21,Stage 2 of 5,14.4,Medium,75,2026-07-21,0.494,Y,33,583720000,Completed,2023-05-31,True,Delayed - Resolved,seed_officer_011
LA-2025-0596,Gujarat,Surat,22.3675,71.7589,Railway,State Railway Infra Corp,5.5,11,42052000,15.4,2,2025-12-11,Stage 1 of 5,0.0,Low,193,2025-12-03,0.617,Y,632,125450000,Stalled,,False,Shelved,seed_officer_033
LA-2025-0597,Tamil Nadu,Coimbatore,10.6814,78.8037,Highway,NHAI,15.7,120,60935000,66.6,2,2025-06-29,Stage 4 of 5,71.2,Low,128,2026-08-24,0.334,Y,96,312020000,Ongoing,,True,,seed_officer_013
LA-2024-0598,Madhya Pradesh,Indore,23.2277,78.9469,Railway,Ministry of Railways,20.2,35,81468000,64.5,5,2024-07-07,Stage 5 of 5,43.6,Low,80,2026-05-26,0.488,Y,74,477980000,Stalled,,True,Delayed - Unresolved,seed_officer_032
LA-2022-0599,Rajasthan,Jaipur,26.9025,73.821,Railway,State Railway Infra Corp,4.7,17,31511000,68.5,0,2022-11-08,Stage 3 of 5,67.1,Low,145,2026-08-22,0.16,N,16,186470000,Completed,2026-03-19,,On Time,seed_officer_036
LA-2025-0600,West Bengal,Hooghly,23.2009,88.1311,Highway,State PWD,13.7,41,51120000,99.7,1,2025-12-07,Stage 5 of 5,84.5,High,54,2026-08-26,0.027,N,29,329020000,Ongoing,,,,seed_officer_036
LA-2022-0601,Karnataka,Mysuru,15.1837,75.7513,Power Transmission,Power Grid Corp,7.6,18,33052000,68.3,0,2022-11-19,Stage 4 of 5,49.2,Low,220,2026-08-20,0.092,N,1,114490000,Completed,2024-07-15,,On Time,seed_officer_005
LA-2024-0602,Rajasthan,Udaipur,27.5495,74.8103,Highway,State PWD,5.4,32,50882000,58.4,8,2024-01-02,Stage 5 of 5,48.4,Low,44,2026-08-07,0.71,Y,49,239440000,Ongoing,,True,,seed_officer_031
LA-2025-0603,Tamil Nadu,Tiruchirappalli,10.8322,78.3677,Railway,State Railway Infra Corp,11.7,25,49043000,37.7,2,2025-04-15,Stage 2 of 5,29.0,High,156,2026-06-30,0.648,Y,522,283290000,Ongoing,,True,,seed_officer_027
LA-2022-0604,Odisha,Khordha,20.6169,84.5322,Urban Infra/Metro,State Metro Rail Corp,15.8,71,134681000,65.0,0,2022-03-31,Stage 3 of 5,55.7,Low,265,2026-08-08,0.162,N,1,528460000,Completed,2023-12-19,,On Time,seed_officer_021
LA-2023-0605,Odisha,Khordha,21.2553,85.595,Power Transmission,State Electricity Board,7.9,14,17892000,71.3,0,2023-01-19,Stage 3 of 5,46.8,High,131,2026-09-01,0.127,N,10,62900000,Completed,2023-04-12,,On Time,seed_officer_030
LA-2025-0606,Bihar,Darbhanga,24.6634,85.3218,Irrigation/Water Res.,State Water Resources Dept,30.7,220,175606000,75.0,0,2025-09-03,Stage 4 of 5,71.9,High,406,2026-09-04,0.204,N,13,512530000,Ongoing,,,,seed_officer_009
LA-2025-0607,Maharashtra,Satara,19.4574,76.0903,Irrigation/Water Res.,State Water Resources Dept,17.3,151,162302000,20.4,0,2025-02-08,Stage 1 of 5,21.0,Low,213,2026-05-08,0.321,Y,152,842680000,Ongoing,,True,,seed_officer_009
LA-2021-0608,Andhra Pradesh,Kurnool,16.208,79.8913,Railway,Ministry of Railways,47.5,182,354472000,46.4,0,2021-01-07,Stage 2 of 5,35.4,High,346,2026-08-31,0.222,N,1,1792560000,Completed,2025-01-19,,On Time,seed_officer_008
LA-2021-0609,Maharashtra,Thane,20.3023,75.5272,Highway,NHAI,8.5,48,35310000,73.4,2,2021-06-26,Stage 4 of 5,49.0,Low,342,2026-07-06,0.363,Y,541,119880000,Ongoing,,False,,seed_officer_020
LA-2024-0610,Odisha,Cuttack,20.9762,84.7436,Irrigation/Water Res.,State Water Resources Dept,22.8,105,96981000,29.3,0,2024-11-17,Stage 1 of 5,16.4,Low,216,2026-08-31,0.481,Y,749,343970000,Ongoing,,False,,seed_officer_021
LA-2023-0611,Maharashtra,Raigad,19.3932,75.435,Highway,NHAI,46.5,150,171426000,12.5,3,2023-12-16,Stage 1 of 5,25.3,High,200,2025-08-02,0.659,Y,70,542120000,Stalled,,False,Shelved,seed_officer_023
LA-2024-0612,Uttar Pradesh,Agra,27.1737,80.6648,Highway,State PWD,9.8,68,49376000,49.0,2,2024-09-06,Stage 3 of 5,66.4,Medium,130,2026-08-08,0.189,N,13,271550000,Ongoing,,,,seed_officer_006
LA-2021-0613,Maharashtra,Nashik,19.6906,75.6324,Irrigation/Water Res.,State Water Resources Dept,24.4,132,225094000,89.5,3,2021-10-01,Stage 5 of 5,65.6,Medium,262,2026-03-10,0.323,Y,867,740200000,Ongoing,,False,,seed_officer_036
LA-2025-0614,Bihar,Bhagalpur,25.4026,85.7694,Urban Infra/Metro,State Metro Rail Corp,16.0,125,108713000,50.1,4,2025-11-29,Stage 4 of 5,30.4,Medium,90,2026-08-30,0.466,Y,517,316000000,Ongoing,,False,,seed_officer_020
LA-2021-0615,Uttar Pradesh,Agra,27.1157,81.0362,Highway,NHAI,20.1,185,94561000,84.3,0,2021-04-14,Stage 4 of 5,74.8,Medium,118,2026-08-14,0.175,N,5,451710000,Completed,2024-07-20,,On Time,seed_officer_033
LA-2023-0616,Uttar Pradesh,Kanpur,27.0164,80.5693,Highway,NHAI,2.0,9,18093000,0.0,12,2023-04-16,Stage 3 of 5,0.0,Medium,72,2026-08-10,1.358,Y,496,64300000,Ongoing,,True,,seed_officer_038
LA-2022-0617,Maharashtra,Thane,19.6493,75.6342,Railway,Ministry of Railways,36.9,58,89859000,100.0,0,2022-10-28,Stage 5 of 5,70.2,Medium,240,2026-07-17,0.284,N,0,369660000,Completed,2026-02-02,,On Time,seed_officer_011
LA-2024-0618,Rajasthan,Udaipur,26.9152,73.8213,Industrial Corridor,State Industrial Dev. Corp,27.8,210,90891000,81.4,0,2024-05-20,Stage 4 of 5,73.4,Low,165,2026-08-11,0.055,N,2,272390000,Ongoing,,,,seed_officer_002
LA-2021-0619,Odisha,Khordha,21.5236,84.7581,Highway,NHAI,11.9,108,137017000,83.6,2,2021-11-25,Stage 5 of 5,56.8,High,20,2026-09-03,0.319,Y,15,552790000,Ongoing,,True,,seed_officer_037
LA-2022-0620,Maharashtra,Nashik,19.3359,76.0312,Industrial Corridor,State Industrial Dev. Corp,5.5,37,43546000,67.6,0,2022-05-22,Stage 3 of 5,58.1,Low,307,2026-08-01,0.337,Y,856,187580000,Ongoing,,False,,seed_officer_037
LA-2025-0621,Tamil Nadu,Salem,11.5764,78.7754,Industrial Corridor,State Industrial Dev. Corp,45.4,344,359827000,95.6,0,2025-09-30,Stage 5 of 5,63.6,Low,204,2026-09-01,0.12,N,28,1192530000,Ongoing,,,,seed_officer_032
LA-2022-0622,Maharashtra,Raigad,19.1998,76.0178,Railway,State Railway Infra Corp,15.5,129,166590000,55.8,4,2022-01-30,Stage 4 of 5,56.6,Medium,146,2026-09-03,0.456,Y,162,733310000,Ongoing,,False,,seed_officer_020
LA-2024-0623,Karnataka,Hubballi-Dharwad,15.5479,75.7214,Irrigation/Water Res.,State Water Resources Dept,41.9,77,369704000,85.6,0,2024-09-18,Stage 4 of 5,68.2,High,178,2026-09-03,0.081,N,21,1911120000,Ongoing,,,,seed_officer_026
LA-2022-0624,Maharashtra,Nashik,20.0878,76.0209,Industrial Corridor,DMIC/NICDC,33.3,127,126218000,61.5,0,2022-07-07,Stage 3 of 5,62.1,High,206,2026-08-12,0.233,N,17,480360000,Completed,2023-10-25,,On Time,seed_officer_005
LA-2022-0625,Bihar,Patna,25.4273,85.5762,Highway,NHAI,21.5,87,223237000,81.4,2,2022-12-22,Stage 5 of 5,89.5,Medium,264,2026-08-13,0.293,N,24,923810000,Completed,2026-05-08,,On Time,seed_officer_029
LA-2023-0626,Andhra Pradesh,Kurnool,15.8621,79.5295,Highway,State PWD,14.4,48,67558000,64.0,1,2023-03-26,Stage 4 of 5,48.0,Medium,276,2026-08-13,0.219,N,0,248800000,Completed,2023-07-07,,On Time,seed_officer_030
LA-2020-0627,Rajasthan,Jodhpur,26.5146,74.1733,Urban Infra/Metro,Urban Dev. Authority,15.8,83,135147000,41.5,4,2020-12-03,Stage 3 of 5,30.2,Low,20,2026-07-18,0.622,Y,129,501700000,Ongoing,,False,,seed_officer_039
LA-2025-0628,Madhya Pradesh,Indore,22.7189,78.9396,Industrial Corridor,DMIC/NICDC,21.6,195,181528000,65.5,4,2025-12-03,Stage 5 of 5,54.5,High,139,2026-08-12,0.451,Y,239,695730000,Ongoing,,False,,seed_officer_021
LA-2022-0629,Tamil Nadu,Madurai,10.7968,78.7926,Irrigation/Water Res.,State Water Resources Dept,10.9,72,60222000,74.4,0,2022-01-12,Stage 3 of 5,51.9,Low,233,2026-08-26,0.197,N,3,276630000,Completed,2025-07-05,,On Time,seed_officer_009
LA-2024-0630,Maharashtra,Satara,20.1819,76.2172,Railway,State Railway Infra Corp,2.4,11,11890000,60.7,0,2024-01-27,Stage 2 of 5,34.3,High,174,2026-08-21,0.2,N,10,64550000,Completed,2024-06-08,,On Time,seed_officer_033
LA-2023-0631,Andhra Pradesh,Anantapur,15.7588,79.374,Highway,NHAI,13.5,94,114821000,100.0,0,2023-02-14,Stage 5 of 5,88.6,High,298,2026-08-28,0.0,N,11,398260000,Completed,2025-11-04,,On Time,seed_officer_021
LA-2025-0632,Madhya Pradesh,Indore,23.5415,78.3715,Highway,State PWD,18.6,79,94999000,88.6,0,2025-12-05,Stage 5 of 5,72.7,Low,147,2026-08-26,0.0,N,4,444460000,Ongoing,,,,seed_officer_008
LA-2021-0633,Karnataka,Belagavi,15.8548,75.8801,Industrial Corridor,DMIC/NICDC,8.9,21,20901000,72.4,0,2021-05-16,Stage 3 of 5,67.4,Medium,146,2026-09-04,0.12,N,7,83950000,Completed,2022-12-24,,On Time,seed_officer_016
LA-2026-0634,Madhya Pradesh,Indore,23.4994,78.072,Industrial Corridor,State Industrial Dev. Corp,12.1,23,62735000,51.2,0,2026-01-30,Stage 3 of 5,56.8,High,20,2026-09-01,0.194,N,22,230380000,Ongoing,,,,seed_officer_004
LA-2024-0635,Uttar Pradesh,Ghaziabad,27.2876,80.7387,Railway,State Railway Infra Corp,8.7,15,43327000,82.0,0,2024-07-21,Stage 4 of 5,72.2,High,80,2026-08-28,0.115,N,60,181650000,Ongoing,,,,seed_officer_040
LA-2025-0636,Gujarat,Rajkot,21.7976,71.0745,Railway,Ministry of Railways,19.9,106,98229000,99.8,0,2025-09-07,Stage 5 of 5,80.2,Low,292,2026-09-03,0.085,N,28,452550000,Ongoing,,,,seed_officer_011
LA-2024-0637,West Bengal,Hooghly,23.013,87.4238,Highway,State PWD,30.8,73,167343000,30.8,0,2024-10-20,Stage 1 of 5,29.1,High,302,2026-08-26,0.308,Y,704,965340000,Ongoing,,True,,seed_officer_013
LA-2025-0638,Uttar Pradesh,Meerut,26.3696,80.709,Power Transmission,Power Grid Corp,23.1,7,203617000,72.5,0,2025-04-01,Stage 3 of 5,72.2,Medium,181,2026-08-14,0.15,N,7,819220000,Ongoing,,,,seed_officer_032
LA-2025-0639,Rajasthan,Alwar,26.8395,74.0611,Power Transmission,State Electricity Board,53.8,8,194711000,30.8,3,2025-10-02,Stage 3 of 5,33.3,Medium,231,2026-09-04,0.452,Y,135,956330000,Ongoing,,True,,seed_officer_020
LA-2020-0640,Rajasthan,Alwar,27.5643,74.4777,Railway,Ministry of Railways,8.0,15,71061000,93.4,0,2020-10-07,Stage 4 of 5,84.3,Medium,263,2026-08-26,0.11,N,6,400520000,Completed,2021-06-15,,On Time,seed_officer_006
LA-2024-0641,Maharashtra,Aurangabad,19.8151,75.8924,Railway,State Railway Infra Corp,26.0,203,224087000,31.0,0,2024-12-22,Stage 1 of 5,22.6,Medium,234,2026-07-31,0.337,Y,274,665840000,Ongoing,,True,,seed_officer_016
LA-2021-0642,Maharashtra,Nagpur,19.9623,76.0581,Urban Infra/Metro,Urban Dev. Authority,12.0,21,96655000,51.5,0,2021-10-11,Stage 2 of 5,32.2,High,209,2026-08-01,0.213,N,12,384770000,Completed,2023-09-11,,On Time,seed_officer_004
LA-2021-0643,Uttar Pradesh,Lucknow,26.7257,81.3154,Urban Infra/Metro,Urban Dev. Authority,49.9,285,421671000,27.4,0,2021-09-20,Stage 1 of 5,36.3,High,84,2026-08-31,0.181,N,14,1455470000,Completed,2024-11-05,,On Time,seed_officer_032
LA-2025-0644,Gujarat,Bharuch,22.7756,71.7113,Urban Infra/Metro,Urban Dev. Authority,24.9,316,164714000,56.9,0,2025-06-24,Stage 2 of 5,35.5,High,222,2026-08-05,0.193,N,37,483860000,Ongoing,,,,seed_officer_019
LA-2024-0645,Rajasthan,Jaipur,27.136,74.1097,Railway,Ministry of Railways,11.6,76,56107000,72.7,2,2024-12-02,Stage 4 of 5,60.2,Medium,213,2026-07-10,0.303,Y,764,276350000,Ongoing,,True,,seed_officer_028
LA-2023-0646,Bihar,Gaya,25.5268,85.7881,Urban Infra/Metro,Urban Dev. Authority,2.0,13,18808000,70.9,0,2023-01-14,Stage 3 of 5,55.8,Medium,20,2026-09-01,0.065,N,11,54540000,Completed,2025-12-03,,On Time,seed_officer_024
LA-2023-0647,Bihar,Muzaffarpur,25.3728,85.8716,Industrial Corridor,DMIC/NICDC,11.6,50,104521000,67.0,1,2023-05-30,Stage 4 of 5,64.9,Low,188,2026-08-11,0.177,N,10,333650000,Completed,2024-06-02,,On Time,seed_officer_003
LA-2025-0648,Uttar Pradesh,Varanasi,26.7188,80.5044,Railway,Ministry of Railways,31.1,229,210643000,58.6,0,2025-11-25,Stage 2 of 5,50.9,High,416,2026-08-20,0.243,N,32,753740000,Ongoing,,,,seed_officer_037
LA-2023-0649,Uttar Pradesh,Agra,26.7205,81.1662,Power Transmission,Power Grid Corp,71.1,106,175805000,61.6,2,2023-12-07,Stage 4 of 5,52.5,Medium,338,2026-07-30,0.402,Y,632,1006630000,Ongoing,,False,,seed_officer_024
LA-2023-0650,Karnataka,Belagavi,14.7687,75.9248,Railway,Ministry of Railways,13.6,25,68170000,69.2,4,2023-06-20,Stage 5 of 5,58.4,Medium,23,2026-08-09,0.54,Y,29,407950000,Ongoing,,False,,seed_officer_025
LA-2020-0651,Uttar Pradesh,Agra,26.491,80.6833,Irrigation/Water Res.,State Water Resources Dept,13.9,54,51232000,28.6,2,2020-10-07,Stage 2 of 5,23.2,Low,203,2026-06-26,0.566,Y,162,203860000,Ongoing,,True,,seed_officer_036
LA-2025-0652,Maharashtra,Nashik,19.4606,75.7666,Industrial Corridor,State Industrial Dev. Corp,4.0,44,38625000,75.6,0,2025-04-30,Stage 3 of 5,82.5,Low,252,2026-09-04,0.0,N,0,197230000,Ongoing,,,,seed_officer_009
LA-2021-0653,Uttar Pradesh,Lucknow,26.8894,81.0446,Power Transmission,State Electricity Board,30.4,101,289041000,51.6,0,2021-03-04,Stage 3 of 5,43.1,Low,119,2026-09-01,0.192,N,60,1213290000,Completed,2021-12-14,,On Time,seed_officer_024
LA-2021-0654,Bihar,Bhagalpur,24.9983,84.7592,Railway,State Railway Infra Corp,8.0,96,45375000,91.6,0,2021-01-22,Stage 4 of 5,78.1,High,186,2026-08-29,0.012,N,22,209640000,Completed,2025-07-01,,On Time,seed_officer_010
LA-2026-0655,Rajasthan,Jodhpur,26.7243,74.6839,Industrial Corridor,DMIC/NICDC,7.6,70,72653000,72.5,0,2026-03-09,Stage 4 of 5,49.1,High,299,2026-08-15,0.103,N,9,239140000,Ongoing,,,,seed_officer_033
LA-2025-0656,Tamil Nadu,Chennai,11.5528,79.184,Irrigation/Water Res.,State Water Resources Dept,10.1,14,66601000,92.0,0,2025-09-14,Stage 4 of 5,74.3,Medium,267,2026-08-14,0.03,N,47,245940000,Ongoing,,,,seed_officer_003
LA-2024-0657,West Bengal,Howrah,22.7052,87.3298,Highway,State PWD,34.8,192,347815000,79.3,4,2024-08-30,Stage 5 of 5,54.3,Medium,332,2026-08-17,0.312,Y,519,1423320000,Ongoing,,False,,seed_officer_031
LA-2022-0658,Bihar,Darbhanga,25.1377,84.7373,Highway,State PWD,31.9,293,150588000,86.1,0,2022-04-12,Stage 4 of 5,79.8,Low,444,2026-09-01,0.039,N,0,466030000,Completed,2025-04-05,,On Time,seed_officer_010
LA-2022-0659,Bihar,Darbhanga,24.5163,84.895,Highway,NHAI,26.7,77,67835000,49.1,2,2022-04-05,Stage 3 of 5,44.0,Medium,156,2026-05-25,0.305,Y,92,369050000,Ongoing,,False,,seed_officer_021
LA-2023-0660,Rajasthan,Udaipur,26.9927,74.7311,Highway,NHAI,6.4,31,45688000,91.4,0,2023-09-09,Stage 4 of 5,61.0,Medium,228,2026-09-04,0.0,N,16,187880000,Completed,2025-11-04,,On Time,seed_officer_026
LA-2023-0661,Uttar Pradesh,Agra,26.9193,81.3856,Power Transmission,State Electricity Board,14.6,33,48882000,65.5,0,2023-09-10,Stage 3 of 5,53.9,Medium,112,2026-08-31,0.114,N,7,205210000,Completed,2025-03-03,,On Time,seed_officer_038
LA-2023-0662,Uttar Pradesh,Ghaziabad,27.1008,81.2371,Railway,State Railway Infra Corp,57.8,68,274939000,100.0,0,2023-06-05,Stage 5 of 5,78.0,High,322,2026-09-04,0.121,N,41,944950000,Completed,2024-05-07,,On Time,seed_officer_037
LA-2020-0663,Tamil Nadu,Madurai,10.9753,78.9484,Railway,State Railway Infra Corp,2.9,7,27533000,47.8,0,2020-10-28,Stage 3 of 5,39.9,Low,319,2026-07-15,0.3,Y,205,127850000,Completed,2021-11-15,True,Delayed - Resolved,seed_officer_002
LA-2022-0664,Maharashtra,Nashik,19.3625,76.0436,Railway,State Railway Infra Corp,42.9,214,326148000,33.3,4,2022-05-18,Stage 4 of 5,31.2,Medium,228,2026-08-08,0.686,Y,87,2125870000,Ongoing,,True,,seed_officer_008
LA-2025-0665,Uttar Pradesh,Varanasi,26.4355,81.0846,Urban Infra/Metro,Urban Dev. Authority,19.5,26,170758000,40.0,0,2025-07-13,Stage 1 of 5,35.2,Low,159,2026-07-28,0.169,N,30,489920000,Ongoing,,,,seed_officer_002
LA-2023-0666,West Bengal,Nadia,22.3939,87.3123,Highway,State PWD,41.5,108,151279000,74.1,0,2023-04-13,Stage 3 of 5,58.9,High,135,2026-08-14,0.262,N,1,444220000,Completed,2023-07-28,,On Time,seed_officer_038
LA-2023-0667,Uttar Pradesh,Agra,26.2865,80.9666,Highway,NHAI,30.9,271,269605000,74.9,2,2023-09-21,Stage 4 of 5,68.2,High,120,2026-08-19,0.22,N,1,872420000,Completed,2025-07-02,,On Time,seed_officer_004
LA-2025-0668,Andhra Pradesh,Anantapur,16.458,80.24,Highway,State PWD,27.2,240,150359000,94.2,0,2025-11-04,Stage 5 of 5,88.2,Medium,283,2026-08-19,0.136,N,33,430120000,Ongoing,,,,seed_officer_011
LA-2024-0669,Andhra Pradesh,Anantapur,16.3125,79.9772,Industrial Corridor,DMIC/NICDC,43.6,96,164480000,78.6,0,2024-04-26,Stage 5 of 5,73.3,Medium,75,2026-09-02,0.017,N,11,638810000,Ongoing,,,,seed_officer_010
LA-2021-0670,Uttar Pradesh,Meerut,26.5935,81.2327,Highway,NHAI,4.9,8,33623000,74.6,2,2021-03-23,Stage 5 of 5,68.0,High,140,2026-08-26,0.248,N,41,116010000,Completed,2024-01-17,,On Time,seed_officer_003
LA-2022-0671,Andhra Pradesh,Anantapur,16.2315,79.1596,Railway,Ministry of Railways,4.8,10,9782000,88.9,0,2022-01-31,Stage 4 of 5,55.4,Low,417,2026-09-02,0.129,N,37,32280000,Completed,2023-08-07,,On Time,seed_officer_013
LA-2022-0672,Uttar Pradesh,Lucknow,26.997,80.9617,Irrigation/Water Res.,State Water Resources Dept,102.4,310,1019418000,98.7,0,2022-03-04,Stage 5 of 5,72.2,Medium,153,2026-08-10,0.119,N,16,3466640000,Completed,2022-04-04,,On Time,seed_officer_021
LA-2024-0673,Rajasthan,Alwar,26.8104,73.634,Power Transmission,Power Grid Corp,19.2,105,90249000,72.2,0,2024-12-01,Stage 4 of 5,57.1,Medium,93,2026-08-17,0.076,N,7,364540000,Ongoing,,,,seed_officer_027
LA-2021-0674,Uttar Pradesh,Kanpur,26.387,80.945,Industrial Corridor,State Industrial Dev. Corp,5.5,37,49200000,71.0,0,2021-08-06,Stage 3 of 5,61.8,Medium,331,2026-09-01,0.216,N,2,199540000,Completed,2023-09-23,,On Time,seed_officer_027
LA-2024-0675,Andhra Pradesh,Anantapur,16.2623,79.8916,Railway,State Railway Infra Corp,20.1,42,54262000,63.5,0,2024-11-01,Stage 3 of 5,56.9,Medium,129,2026-09-04,0.185,N,23,187030000,Ongoing,,,,seed_officer_004
LA-2025-0676,Maharashtra,Raigad,20.1863,75.3031,Railway,Ministry of Railways,6.7,103,53480000,0.0,12,2025-04-17,Stage 1 of 5,0.0,Low,181,2026-04-14,1.319,Y,338,176080000,Stalled,,False,Shelved,seed_officer_034
LA-2022-0677,Madhya Pradesh,Indore,23.3207,78.9576,Urban Infra/Metro,Urban Dev. Authority,9.1,85,90494000,54.3,2,2022-06-06,Stage 4 of 5,48.2,Medium,150,2026-08-17,0.255,N,14,307320000,Completed,2026-05-18,,On Time,seed_officer_031
LA-2021-0678,Uttar Pradesh,Agra,26.6432,80.9921,Power Transmission,State Electricity Board,25.4,302,267700000,97.9,0,2021-01-14,Stage 5 of 5,73.0,High,369,2026-09-01,0.119,N,21,1089360000,Completed,2022-03-22,,On Time,seed_officer_021
LA-2025-0679,Odisha,Cuttack,21.4245,85.3679,Railway,State Railway Infra Corp,24.6,57,60722000,13.2,0,2025-05-20,Stage 1 of 5,4.7,Medium,267,2026-08-26,0.379,Y,1015,336710000,Ongoing,,False,,seed_officer_035
LA-2023-0680,Madhya Pradesh,Jabalpur,23.5636,78.4017,Industrial Corridor,DMIC/NICDC,12.7,216,137225000,7.4,4,2023-04-29,Stage 2 of 5,5.4,Low,166,2026-03-02,0.651,Y,333,711960000,Stalled,,False,Shelved,seed_officer_017
LA-2022-0681,Uttar Pradesh,Agra,26.8647,80.7324,Highway,State PWD,36.8,283,342550000,81.9,2,2022-12-12,Stage 5 of 5,69.6,Low,146,2026-08-11,0.247,N,15,987920000,Completed,2025-09-12,,On Time,seed_officer_013
LA-2021-0682,Andhra Pradesh,Vijayawada,15.4464,79.1782,Irrigation/Water Res.,State Water Resources Dept,33.5,339,142469000,100.0,0,2021-01-30,Stage 5 of 5,79.1,High,88,2026-09-04,0.199,N,4,464400000,Completed,2022-03-15,,On Time,seed_officer_036
LA-2022-0683,Tamil Nadu,Madurai,11.0994,79.2417,Industrial Corridor,State Industrial Dev. Corp,23.7,161,251918000,94.1,0,2022-06-19,Stage 4 of 5,60.9,High,26,2026-09-04,0.136,N,9,927030000,Completed,2024-04-07,,On Time,seed_officer_020
LA-2022-0684,Tamil Nadu,Madurai,11.1251,78.4974,Power Transmission,Power Grid Corp,34.5,128,297081000,22.9,0,2022-03-20,Stage 1 of 5,17.0,Medium,341,2026-07-28,0.297,N,4,952640000,Completed,2023-04-16,,On Time,seed_officer_032
LA-2024-0685,Tamil Nadu,Madurai,10.8532,78.5385,Highway,State PWD,27.5,160,100816000,92.8,1,2024-02-23,Stage 5 of 5,72.4,Medium,157,2026-08-28,0.264,N,25,644440000,Completed,2025-03-28,,On Time,seed_officer_023
LA-2025-0686,Bihar,Darbhanga,25.6189,85.1834,Railway,State Railway Infra Corp,7.1,39,70791000,88.1,4,2025-11-28,Stage 5 of 5,82.7,High,295,2026-07-16,0.383,Y,371,276430000,Ongoing,,True,,seed_officer_019
LA-2022-0687,Uttar Pradesh,Lucknow,26.8711,81.369,Industrial Corridor,DMIC/NICDC,15.3,240,90087000,62.2,0,2022-09-14,Stage 3 of 5,43.1,High,262,2026-09-01,0.301,Y,224,267930000,Ongoing,,False,,seed_officer_026
LA-2025-0688,Uttar Pradesh,Meerut,27.3036,80.9915,Power Transmission,State Electricity Board,16.7,120,57707000,72.4,0,2025-02-17,Stage 4 of 5,62.8,Medium,20,2026-08-30,0.198,N,6,250100000,Ongoing,,,,seed_officer_010
LA-2024-0689,Karnataka,Belagavi,15.8187,75.914,Railway,Ministry of Railways,7.8,49,22754000,72.8,0,2024-08-30,Stage 3 of 5,64.3,Low,169,2026-09-03,0.25,N,17,69620000,Ongoing,,,,seed_officer_019
LA-2025-0690,Tamil Nadu,Chennai,11.3657,79.1326,Railway,State Railway Infra Corp,14.8,129,74218000,53.4,0,2025-04-11,Stage 2 of 5,47.7,Low,252,2026-08-25,0.157,N,7,312760000,Ongoing,,,,seed_officer_029
LA-2024-0691,Uttar Pradesh,Kanpur,26.648,80.7561,Urban Infra/Metro,Urban Dev. Authority,34.7,113,279745000,90.3,0,2024-10-21,Stage 4 of 5,66.2,Medium,303,2026-08-18,0.196,N,2,1799300000,Ongoing,,,,seed_officer_031
LA-2025-0692,Karnataka,Mysuru,15.8698,75.3232,Highway,NHAI,24.2,253,250418000,83.5,0,2025-01-18,Stage 4 of 5,74.1,Medium,193,2026-08-28,0.081,N,5,1242100000,Ongoing,,,,seed_officer_035
LA-2022-0693,Maharashtra,Nashik,20.0284,75.4728,Railway,State Railway Infra Corp,11.4,55,107861000,70.5,1,2022-03-12,Stage 4 of 5,83.0,Medium,121,2026-08-16,0.408,Y,452,538070000,Completed,2022-07-18,True,Delayed - Resolved,seed_officer_009
LA-2022-0694,Rajasthan,Jaipur,26.974,73.6467,Railway,Ministry of Railways,4.2,27,17900000,0.1,5,2022-12-28,Stage 1 of 5,10.7,Low,134,2026-05-14,0.858,Y,929,54730000,Stalled,,False,Shelved,seed_officer_016
LA-2021-0695,Andhra Pradesh,Visakhapatnam,15.6584,79.4826,Railway,Ministry of Railways,8.2,5,23367000,61.3,0,2021-05-28,Stage 3 of 5,36.2,Medium,260,2026-08-31,0.284,N,0,108680000,Completed,2024-06-29,,On Time,seed_officer_015
LA-2021-0696,Andhra Pradesh,Visakhapatnam,16.0639,79.7282,Highway,NHAI,22.0,95,109977000,74.7,0,2021-09-20,Stage 4 of 5,48.1,Medium,139,2026-07-28,0.196,N,33,556500000,Completed,2024-04-14,,On Time,seed_officer_027
LA-2022-0697,Gujarat,Vadodara,22.014,70.9377,Urban Infra/Metro,Urban Dev. Authority,28.4,106,88011000,30.5,0,2022-02-22,Stage 1 of 5,20.5,High,110,2026-09-03,0.175,N,13,435960000,Completed,2026-07-25,,On Time,seed_officer_007
LA-2021-0698,Maharashtra,Raigad,19.1809,76.2368,Urban Infra/Metro,State Metro Rail Corp,10.7,32,95963000,57.4,0,2021-03-25,Stage 3 of 5,49.6,High,136,2026-09-02,0.067,N,16,370550000,Completed,2022-10-28,,On Time,seed_officer_001
LA-2022-0699,Andhra Pradesh,Anantapur,16.0328,79.4253,Irrigation/Water Res.,State Water Resources Dept,25.9,73,231187000,88.2,1,2022-12-28,Stage 5 of 5,83.6,High,234,2026-07-09,0.21,N,6,1080620000,Completed,2024-07-19,,On Time,seed_officer_027
LA-2021-0700,Gujarat,Rajkot,22.2834,70.6809,Railway,State Railway Infra Corp,117.5,533,1134262000,12.4,2,2021-05-18,Stage 1 of 5,9.1,Low,41,2026-08-22,0.374,Y,81,4968570000,Ongoing,,False,,seed_officer_013
LA-2021-0701,Gujarat,Vadodara,22.8435,71.5428,Urban Infra/Metro,Urban Dev. Authority,16.3,91,59095000,71.0,0,2021-05-27,Stage 4 of 5,64.9,Low,160,2026-08-17,0.108,N,30,187910000,Completed,2024-04-16,,On Time,seed_officer_019
LA-2024-0702,Odisha,Khordha,21.0531,84.9672,Highway,NHAI,11.9,88,112961000,74.3,0,2024-05-31,Stage 4 of 5,74.2,High,154,2026-07-18,0.195,N,27,476410000,Ongoing,,,,seed_officer_037
LA-2024-0703,Gujarat,Surat,22.4131,71.7142,Highway,NHAI,4.0,34,18279000,89.8,1,2024-06-02,Stage 5 of 5,68.9,Low,226,2026-08-07,0.205,N,12,65490000,Ongoing,,,,seed_officer_012
LA-2022-0704,Madhya Pradesh,Gwalior,22.711,78.7713,Industrial Corridor,State Industrial Dev. Corp,38.2,118,224394000,55.1,0,2022-12-29,Stage 3 of 5,48.6,Medium,228,2026-08-08,0.134,N,8,734150000,Completed,2025-02-15,,On Time,seed_officer_003
LA-2023-0705,Maharashtra,Satara,19.6291,75.3898,Railway,State Railway Infra Corp,5.2,12,43821000,90.0,3,2023-03-17,Stage 5 of 5,100.0,Medium,155,2026-09-01,0.236,N,15,127090000,Completed,2025-08-31,,On Time,seed_officer_032
LA-2023-0706,Maharashtra,Nagpur,19.9745,75.4813,Highway,State PWD,25.5,92,126146000,31.0,4,2023-07-17,Stage 3 of 5,39.9,High,212,2026-06-28,0.576,Y,61,599440000,Ongoing,,True,,seed_officer_003
LA-2021-0707,Uttar Pradesh,Lucknow,26.4841,80.9967,Irrigation/Water Res.,State Water Resources Dept,27.5,26,219626000,75.0,0,2021-08-17,Stage 3 of 5,45.2,Low,254,2026-08-21,0.27,N,13,682020000,Completed,2026-08-15,,On Time,seed_officer_037
LA-2025-0708,Maharashtra,Thane,20.1789,76.2054,Railway,Ministry of Railways,10.4,25,49276000,85.5,1,2025-06-07,Stage 5 of 5,79.4,High,237,2026-08-27,0.067,N,6,152030000,Ongoing,,,,seed_officer_022
LA-2025-0709,Uttar Pradesh,Ghaziabad,26.3922,81.0168,Highway,State PWD,18.5,21,88973000,52.5,0,2025-11-29,Stage 2 of 5,26.3,Medium,134,2026-08-12,0.272,N,59,276310000,Ongoing,,,,seed_officer_035
LA-2026-0710,Andhra Pradesh,Anantapur,15.7028,79.7605,Highway,State PWD,8.9,29,66714000,47.5,3,2026-01-23,Stage 3 of 5,49.1,High,229,2026-08-18,0.506,Y,610,362620000,Ongoing,,False,,seed_officer_009
LA-2021-0711,Andhra Pradesh,Anantapur,16.0307,79.6079,Railway,State Railway Infra Corp,8.0,76,27862000,42.4,0,2021-07-28,Stage 1 of 5,33.0,High,75,2026-08-16,0.301,Y,307,93830000,Ongoing,,True,,seed_officer_018
LA-2021-0712,Odisha,Cuttack,20.5577,84.7529,Irrigation/Water Res.,State Water Resources Dept,33.0,174,304988000,70.2,0,2021-10-22,Stage 4 of 5,66.2,Low,290,2026-09-01,0.255,N,22,922280000,Completed,2022-02-06,,On Time,seed_officer_022
LA-2026-0713,Uttar Pradesh,Noida,27.3368,80.9494,Irrigation/Water Res.,State Water Resources Dept,33.1,389,246919000,19.6,3,2026-02-03,Stage 2 of 5,30.6,High,185,2026-07-24,0.543,Y,587,1151690000,Ongoing,,True,,seed_officer_017
LA-2020-0714,Gujarat,Surat,21.6741,71.7332,Industrial Corridor,State Industrial Dev. Corp,9.5,20,47568000,41.6,0,2020-10-27,Stage 1 of 5,42.7,High,190,2026-09-01,0.246,N,6,183940000,Completed,2022-06-26,,On Time,seed_officer_022
LA-2020-0715,Maharashtra,Satara,20.0296,76.016,Industrial Corridor,DMIC/NICDC,21.7,12,38385000,71.0,0,2020-12-12,Stage 3 of 5,60.5,Medium,263,2026-09-03,0.132,N,7,226420000,Completed,2021-03-20,,On Time,seed_officer_037
LA-2025-0716,Rajasthan,Jodhpur,26.4638,74.0483,Industrial Corridor,State Industrial Dev. Corp,14.4,82,76737000,66.0,0,2025-10-10,Stage 4 of 5,38.4,Low,138,2026-08-28,0.181,N,9,225840000,Ongoing,,,,seed_officer_040
LA-2022-0717,Maharashtra,Satara,19.8713,75.7457,Railway,State Railway Infra Corp,12.8,65,96969000,39.0,5,2022-02-20,Stage 4 of 5,32.3,Low,188,2026-07-22,0.72,Y,1036,460600000,Ongoing,,False,,seed_officer_028
LA-2023-0718,Gujarat,Bharuch,22.0962,70.9117,Irrigation/Water Res.,State Water Resources Dept,7.5,23,50320000,58.0,0,2023-08-07,Stage 3 of 5,64.1,Medium,232,2026-08-21,0.13,N,4,197890000,Completed,2025-11-03,,On Time,seed_officer_006
LA-2023-0719,Uttar Pradesh,Varanasi,26.9652,80.8789,Irrigation/Water Res.,State Water Resources Dept,34.8,263,170057000,71.0,0,2023-07-20,Stage 4 of 5,51.0,Medium,388,2026-09-01,0.166,N,17,503790000,Completed,2026-02-25,,On Time,seed_officer_012
LA-2023-0720,Rajasthan,Jodhpur,27.5118,74.1082,Power Transmission,State Electricity Board,10.7,24,27951000,69.5,0,2023-06-12,Stage 3 of 5,66.8,High,409,2026-08-18,0.068,N,1,152120000,Completed,2025-01-29,,On Time,seed_officer_021
LA-2026-0721,Rajasthan,Jodhpur,27.1177,74.6879,Railway,Ministry of Railways,61.4,195,250272000,83.9,0,2026-02-19,Stage 4 of 5,74.5,Medium,180,2026-08-29,0.0,N,1,1150020000,Ongoing,,,,seed_officer_017
LA-2021-0722,Maharashtra,Aurangabad,19.5068,76.1776,Highway,NHAI,7.2,51,34453000,100.0,0,2021-08-04,Stage 5 of 5,85.9,Medium,129,2026-08-26,0.021,N,9,170620000,Completed,2021-12-02,,On Time,seed_officer_029
LA-2023-0723,Madhya Pradesh,Jabalpur,23.237,78.1908,Highway,State PWD,4.3,28,32439000,82.7,0,2023-04-30,Stage 4 of 5,72.8,High,112,2026-07-14,0.105,N,0,132710000,Completed,2024-05-07,,On Time,seed_officer_020
LA-2022-0724,Odisha,Khordha,20.3832,85.0392,Industrial Corridor,DMIC/NICDC,47.9,633,501854000,68.0,0,2022-09-30,Stage 3 of 5,63.0,Medium,221,2026-08-26,0.163,N,0,2660370000,Completed,2024-01-02,,On Time,seed_officer_024
LA-2022-0725,Odisha,Cuttack,21.2479,85.1102,Power Transmission,Power Grid Corp,8.6,37,84193000,86.2,0,2022-04-17,Stage 4 of 5,68.5,Low,141,2026-08-26,0.182,N,2,413030000,Completed,2023-05-20,,On Time,seed_officer_008
LA-2025-0726,Gujarat,Rajkot,22.4587,71.5738,Railway,State Railway Infra Corp,7.0,26,18218000,97.0,0,2025-11-29,Stage 5 of 5,85.5,Medium,354,2026-09-02,0.0,N,0,95390000,Ongoing,,,,seed_officer_011
LA-2022-0727,Uttar Pradesh,Varanasi,26.7448,80.604,Irrigation/Water Res.,State Water Resources Dept,41.4,97,361359000,30.6,2,2022-02-25,Stage 2 of 5,15.8,Medium,158,2025-12-01,0.61,Y,372,1464990000,Stalled,,False,Shelved,seed_officer_008
LA-2024-0728,Gujarat,Vadodara,22.5386,71.2724,Highway,State PWD,21.8,35,56046000,58.4,4,2024-01-21,Stage 4 of 5,56.9,High,163,2026-08-28,0.346,Y,565,302740000,Ongoing,,True,,seed_officer_040
LA-2022-0729,Madhya Pradesh,Indore,23.5026,78.7405,Railway,Ministry of Railways,75.6,785,687624000,42.6,0,2022-10-21,Stage 1 of 5,23.8,Low,243,2026-08-21,0.395,Y,437,2570780000,Completed,2023-10-29,False,Delayed - Unresolved,seed_officer_009
LA-2021-0730,Gujarat,Rajkot,22.6344,71.1891,Urban Infra/Metro,State Metro Rail Corp,8.9,52,70726000,88.5,0,2021-11-03,Stage 5 of 5,65.0,Medium,121,2026-08-31,0.351,Y,72,230740000,Ongoing,,False,,seed_officer_030
LA-2022-0731,Bihar,Darbhanga,25.2965,84.8089,Power Transmission,State Electricity Board,46.2,477,575368000,49.1,3,2022-11-03,Stage 3 of 5,47.3,Medium,332,2026-08-13,0.426,Y,887,1994930000,Ongoing,,True,,seed_officer_027
LA-2021-0732,Uttar Pradesh,Kanpur,26.9985,81.4517,Highway,State PWD,14.9,143,109332000,37.8,3,2021-10-09,Stage 1 of 5,32.4,High,355,2026-08-08,0.7,Y,749,428960000,Ongoing,,False,,seed_officer_035
LA-2024-0733,Maharashtra,Satara,20.1051,75.3335,Industrial Corridor,State Industrial Dev. Corp,18.0,26,126601000,80.6,3,2024-07-26,Stage 5 of 5,85.1,Medium,191,2026-09-03,0.143,N,21,411640000,Ongoing,,,,seed_officer_016
LA-2025-0734,Karnataka,Bengaluru Rural,15.4105,75.5565,Highway,State PWD,7.8,23,72155000,97.1,0,2025-04-18,Stage 5 of 5,73.1,Medium,34,2026-08-23,0.058,N,10,324200000,Ongoing,,,,seed_officer_034
LA-2023-0735,Tamil Nadu,Madurai,11.581,79.2035,Irrigation/Water Res.,State Water Resources Dept,8.0,16,23010000,73.0,0,2023-04-30,Stage 3 of 5,55.1,Medium,201,2026-08-20,0.445,Y,139,124510000,Ongoing,,False,,seed_officer_037
LA-2025-0736,Madhya Pradesh,Bhopal,22.9948,79.0552,Industrial Corridor,State Industrial Dev. Corp,117.6,533,778829000,80.5,2,2025-02-09,Stage 5 of 5,66.0,Medium,198,2026-09-04,0.216,N,0,2995500000,Ongoing,,,,seed_officer_036
LA-2025-0737,Tamil Nadu,Tiruchirappalli,10.5619,78.745,Power Transmission,Power Grid Corp,9.1,49,64979000,47.5,5,2025-11-08,Stage 4 of 5,33.9,Low,139,2026-07-29,0.626,Y,277,269780000,Ongoing,,False,,seed_officer_037
LA-2022-0738,Rajasthan,Jodhpur,26.9294,74.6888,Highway,NHAI,41.0,69,205520000,73.5,0,2022-12-19,Stage 3 of 5,73.9,Low,223,2026-08-05,0.182,N,16,1341610000,Completed,2025-06-08,,On Time,seed_officer_021
LA-2022-0739,Gujarat,Bharuch,22.4043,70.702,Railway,State Railway Infra Corp,6.1,16,51490000,66.4,1,2022-02-09,Stage 4 of 5,65.0,High,201,2026-07-26,0.318,Y,166,234560000,Ongoing,,True,,seed_officer_008
LA-2025-0740,Tamil Nadu,Coimbatore,11.2702,79.0734,Highway,State PWD,47.0,31,420846000,36.6,5,2025-06-05,Stage 3 of 5,32.8,Low,187,2026-05-02,0.586,Y,208,2305100000,Stalled,,False,Shelved,seed_officer_006
LA-2025-0741,Karnataka,Hubballi-Dharwad,15.2274,76.2236,Highway,NHAI,14.0,52,96398000,67.3,0,2025-05-27,Stage 4 of 5,43.3,Low,332,2026-07-17,0.12,N,2,403920000,Ongoing,,,,seed_officer_030
LA-2024-0742,Madhya Pradesh,Indore,22.535,78.9776,Irrigation/Water Res.,State Water Resources Dept,23.1,195,208665000,78.8,0,2024-03-28,Stage 4 of 5,71.1,Low,203,2026-08-22,0.167,N,36,688130000,Ongoing,,,,seed_officer_030
LA-2024-0743,Karnataka,Bengaluru Rural,15.5115,76.1066,Industrial Corridor,DMIC/NICDC,4.0,22,24349000,42.4,0,2024-10-15,Stage 2 of 5,36.4,High,20,2026-08-11,0.242,N,5,128590000,Ongoing,,,,seed_officer_020
LA-2021-0744,Uttar Pradesh,Kanpur,26.5025,81.0962,Industrial Corridor,State Industrial Dev. Corp,6.8,21,45428000,44.4,1,2021-03-25,Stage 2 of 5,47.5,High,95,2026-08-27,0.245,N,12,169380000,Completed,2024-10-28,,On Time,seed_officer_026
LA-2024-0745,Bihar,Bhagalpur,25.5688,85.752,Railway,Ministry of Railways,29.1,97,279132000,100.0,0,2024-05-15,Stage 5 of 5,96.1,Medium,272,2026-08-22,0.074,N,7,926040000,Ongoing,,,,seed_officer_014
LA-2021-0746,Uttar Pradesh,Agra,26.6458,80.4768,Irrigation/Water Res.,State Water Resources Dept,24.9,216,215088000,73.2,0,2021-01-19,Stage 3 of 5,61.6,Low,247,2026-08-31,0.419,Y,87,812680000,Completed,2026-03-03,False,Delayed - Unresolved,seed_officer_003
LA-2022-0747,Uttar Pradesh,Varanasi,27.0234,80.5393,Urban Infra/Metro,Urban Dev. Authority,18.3,49,110446000,96.4,1,2022-10-18,Stage 4 of 5,89.0,Low,249,2026-07-22,0.155,N,11,368730000,Completed,2023-11-24,,On Time,seed_officer_005
LA-2021-0748,Maharashtra,Thane,19.2311,75.1678,Power Transmission,Power Grid Corp,53.8,290,488037000,100.0,0,2021-03-25,Stage 5 of 5,77.2,High,235,2026-09-02,0.147,N,23,1907620000,Completed,2026-06-16,,On Time,seed_officer_005
LA-2021-0749,Maharashtra,Aurangabad,20.2989,75.6229,Highway,NHAI,22.6,215,196990000,32.2,0,2021-04-07,Stage 1 of 5,31.2,Medium,311,2026-08-01,0.3,N,19,665270000,Completed,2025-03-24,,On Time,seed_officer_019
LA-2022-0750,Andhra Pradesh,Kurnool,15.3203,79.7328,Railway,Ministry of Railways,13.7,156,65303000,38.5,2,2022-06-23,Stage 2 of 5,37.2,Medium,148,2026-08-14,0.339,Y,246,209540000,Ongoing,,True,,seed_officer_009
LA-2023-0751,Tamil Nadu,Salem,10.8192,79.2428,Urban Infra/Metro,Urban Dev. Authority,81.7,456,705678000,38.8,0,2023-09-19,Stage 2 of 5,22.1,Low,21,2026-08-29,0.375,Y,80,4142090000,Ongoing,,False,,seed_officer_025
LA-2022-0752,Uttar Pradesh,Varanasi,26.3303,80.8585,Highway,State PWD,7.8,35,31272000,85.9,2,2022-12-15,Stage 5 of 5,67.4,Medium,395,2026-08-25,0.287,N,55,129060000,Completed,2023-01-06,,On Time,seed_officer_025
LA-2023-0753,Maharashtra,Pune,20.272,75.4811,Highway,NHAI,25.9,48,57880000,41.4,2,2023-12-27,Stage 3 of 5,36.0,Low,108,2026-08-14,0.432,Y,424,255770000,Ongoing,,True,,seed_officer_023
LA-2023-0754,Gujarat,Ahmedabad,22.2761,71.1541,Industrial Corridor,State Industrial Dev. Corp,26.1,160,180774000,4.6,5,2023-04-25,Stage 2 of 5,0.6,Low,109,2026-08-08,0.727,Y,172,531840000,Ongoing,,False,,seed_officer_035
LA-2021-0755,Madhya Pradesh,Gwalior,22.8509,79.0297,Power Transmission,Power Grid Corp,22.1,56,68673000,81.2,0,2021-04-06,Stage 4 of 5,69.7,Medium,108,2026-09-03,0.097,N,13,224390000,Completed,2024-03-16,,On Time,seed_officer_015
LA-2022-0756,Rajasthan,Jaipur,26.7033,74.1589,Highway,NHAI,4.1,21,15715000,78.2,0,2022-02-08,Stage 5 of 5,60.5,High,304,2026-09-03,0.179,N,2,60380000,Completed,2026-05-08,,On Time,seed_officer_020
LA-2024-0757,West Bengal,Nadia,22.6226,87.9591,Power Transmission,State Electricity Board,13.3,12,57882000,56.7,0,2024-02-12,Stage 2 of 5,33.1,Medium,67,2026-08-22,0.158,N,10,294660000,Completed,2024-04-12,,On Time,seed_officer_035
LA-2025-0758,Gujarat,Rajkot,22.1948,71.5641,Highway,NHAI,42.6,181,405976000,55.0,0,2025-09-06,Stage 2 of 5,20.3,Medium,94,2026-08-19,0.119,N,0,1841120000,Ongoing,,,,seed_officer_016
LA-2021-0759,Rajasthan,Alwar,26.8979,74.4791,Urban Infra/Metro,Urban Dev. Authority,32.6,52,196096000,100.0,0,2021-09-05,Stage 5 of 5,81.5,Medium,187,2026-08-15,0.073,N,4,961520000,Completed,2026-04-16,,On Time,seed_officer_010
LA-2022-0760,Uttar Pradesh,Ghaziabad,26.6648,81.2077,Highway,NHAI,56.6,391,230438000,72.3,0,2022-07-28,Stage 4 of 5,54.7,Medium,302,2026-08-22,0.101,N,17,1332550000,Completed,2025-11-03,,On Time,seed_officer_008
LA-2022-0761,Uttar Pradesh,Lucknow,26.8956,80.8865,Railway,State Railway Infra Corp,94.4,707,810002000,48.3,5,2022-09-17,Stage 4 of 5,46.6,High,153,2026-08-22,0.511,Y,405,5349160000,Ongoing,,True,,seed_officer_040
LA-2022-0762,Odisha,Khordha,20.7827,85.0744,Urban Infra/Metro,State Metro Rail Corp,34.1,59,122438000,59.8,4,2022-07-12,Stage 4 of 5,42.4,Medium,148,2026-08-30,0.501,Y,82,515710000,Completed,2024-08-20,False,Delayed - Unresolved,seed_officer_014
LA-2022-0763,West Bengal,Kolkata,22.9258,88.0796,Irrigation/Water Res.,State Water Resources Dept,16.2,36,139621000,47.0,0,2022-12-15,Stage 2 of 5,35.2,Low,136,2026-08-04,0.313,Y,329,506500000,Ongoing,,True,,seed_officer_039
LA-2020-0764,Uttar Pradesh,Lucknow,27.4176,80.7916,Highway,State PWD,11.3,49,68635000,95.4,0,2020-11-17,Stage 4 of 5,79.5,High,20,2026-08-17,0.0,N,5,238950000,Completed,2021-05-07,,On Time,seed_officer_039
LA-2025-0765,Andhra Pradesh,Visakhapatnam,15.8207,80.319,Highway,NHAI,7.2,33,51958000,59.0,3,2025-12-18,Stage 5 of 5,50.4,Low,238,2026-03-09,0.354,Y,460,271910000,Ongoing,,True,,seed_officer_003
LA-2024-0766,Andhra Pradesh,Kurnool,16.3756,79.7662,Highway,State PWD,14.9,36,71162000,87.0,0,2024-11-02,Stage 5 of 5,69.7,Medium,20,2026-08-26,0.098,N,9,289410000,Ongoing,,,,seed_officer_015
LA-2021-0767,Madhya Pradesh,Indore,22.6621,78.3857,Urban Infra/Metro,State Metro Rail Corp,3.4,19,23848000,0.0,5,2021-12-27,Stage 1 of 5,0.0,Low,252,2026-08-06,0.673,Y,1470,134170000,Ongoing,,False,,seed_officer_009
LA-2022-0768,Karnataka,Belagavi,14.7749,75.5154,Industrial Corridor,State Industrial Dev. Corp,9.7,57,105263000,86.2,0,2022-10-03,Stage 4 of 5,72.6,High,186,2026-08-24,0.0,N,22,301880000,Completed,2025-07-31,,On Time,seed_officer_037
LA-2022-0769,Gujarat,Vadodara,22.4032,70.6765,Highway,State PWD,5.8,10,33859000,92.7,1,2022-11-18,Stage 5 of 5,70.3,High,280,2026-08-31,0.254,N,12,114430000,Completed,2024-06-07,,On Time,seed_officer_016
LA-2021-0770,Rajasthan,Udaipur,26.4726,74.5867,Industrial Corridor,State Industrial Dev. Corp,18.6,47,49867000,0.0,3,2021-05-02,Stage 1 of 5,0.2,Low,99,2026-07-16,0.736,Y,365,179190000,Ongoing,,False,,seed_officer_034
LA-2023-0771,Odisha,Cuttack,20.6269,84.6891,Industrial Corridor,DMIC/NICDC,5.2,13,44826000,51.6,0,2023-08-30,Stage 2 of 5,47.8,Low,150,2026-08-26,0.207,N,60,162110000,Completed,2024-04-12,,On Time,seed_officer_020
LA-2021-0772,Karnataka,Belagavi,15.3112,75.1356,Irrigation/Water Res.,State Water Resources Dept,74.2,182,513007000,84.1,0,2021-11-07,Stage 4 of 5,71.4,Medium,185,2026-08-06,0.216,N,15,1714240000,Completed,2024-05-16,,On Time,seed_officer_036
LA-2025-0773,Tamil Nadu,Tiruchirappalli,10.9242,78.6692,Highway,NHAI,101.2,177,831035000,56.2,1,2025-06-11,Stage 3 of 5,49.8,Medium,151,2026-08-28,0.302,Y,45,2847170000,Ongoing,,True,,seed_officer_028
LA-2022-0774,Madhya Pradesh,Gwalior,22.4707,79.154,Railway,Ministry of Railways,24.4,91,168153000,74.7,4,2022-10-27,Stage 5 of 5,82.8,High,261,2026-08-26,0.421,Y,969,680370000,Ongoing,,True,,seed_officer_023
LA-2022-0775,Uttar Pradesh,Kanpur,26.668,81.4083,Urban Infra/Metro,Urban Dev. Authority,3.4,18,12224000,64.8,0,2022-06-30,Stage 3 of 5,49.5,Medium,196,2026-08-08,0.21,N,15,39820000,Completed,2024-08-01,,On Time,seed_officer_034
LA-2024-0776,Maharashtra,Nashik,19.6296,76.2451,Railway,State Railway Infra Corp,12.2,59,45413000,70.0,0,2024-06-25,Stage 4 of 5,41.3,Medium,239,2026-08-25,0.097,N,4,137580000,Ongoing,,,,seed_officer_027
LA-2021-0777,Andhra Pradesh,Vijayawada,15.5369,80.1463,Industrial Corridor,DMIC/NICDC,5.7,28,36909000,69.8,0,2021-11-11,Stage 4 of 5,60.6,Medium,20,2026-08-13,0.263,N,14,127560000,Completed,2025-04-28,,On Time,seed_officer_025
LA-2023-0778,Andhra Pradesh,Vijayawada,15.3681,80.3241,Highway,State PWD,21.7,66,98364000,55.7,0,2023-07-29,Stage 3 of 5,30.2,Medium,72,2026-08-27,0.286,N,27,321440000,Completed,2024-04-12,,On Time,seed_officer_016
LA-2023-0779,Maharashtra,Satara,20.0734,75.5951,Industrial Corridor,State Industrial Dev. Corp,26.5,180,147023000,87.3,2,2023-12-15,Stage 5 of 5,78.0,Medium,20,2026-06-12,0.332,Y,33,795750000,Ongoing,,True,,seed_officer_020
LA-2024-0780,Bihar,Gaya,25.5189,84.9502,Urban Infra/Metro,Urban Dev. Authority,14.5,51,104617000,67.5,0,2024-04-02,Stage 4 of 5,55.3,Medium,107,2026-09-01,0.102,N,31,642300000,Ongoing,,,,seed_officer_004
LA-2024-0781,Uttar Pradesh,Agra,26.975,80.4939,Railway,State Railway Infra Corp,41.4,205,350833000,53.9,4,2024-07-10,Stage 4 of 5,50.4,Medium,183,2026-08-09,0.644,Y,93,1834860000,Ongoing,,False,,seed_officer_027
LA-2022-0782,Andhra Pradesh,Anantapur,16.0005,80.3362,Power Transmission,Power Grid Corp,12.3,130,98361000,90.0,0,2022-01-07,Stage 4 of 5,94.7,Medium,244,2026-09-02,0.092,N,2,545200000,Completed,2025-09-27,,On Time,seed_officer_025
LA-2024-0783,Karnataka,Mysuru,15.7817,75.805,Irrigation/Water Res.,State Water Resources Dept,17.6,197,115096000,71.8,0,2024-01-05,Stage 4 of 5,53.1,Medium,91,2026-08-29,0.079,N,24,409640000,Completed,2024-12-21,,On Time,seed_officer_014
LA-2021-0784,Uttar Pradesh,Ghaziabad,26.647,81.4444,Industrial Corridor,State Industrial Dev. Corp,9.2,25,38004000,44.9,0,2021-09-27,Stage 2 of 5,14.3,Low,253,2026-08-08,0.363,Y,301,113030000,Completed,2023-11-22,False,Delayed - Unresolved,seed_officer_029
LA-2021-0785,Maharashtra,Satara,19.2944,76.2357,Highway,State PWD,38.5,57,228382000,46.5,0,2021-01-24,Stage 1 of 5,47.0,Medium,148,2026-08-31,0.263,N,0,712050000,Completed,2024-11-20,,On Time,seed_officer_006
LA-2022-0786,Odisha,Cuttack,20.8085,85.1316,Highway,NHAI,19.1,54,147702000,45.9,3,2022-03-15,Stage 4 of 5,52.5,Medium,345,2026-09-04,0.278,N,8,488770000,Completed,2026-01-19,,On Time,seed_officer_018
LA-2022-0787,Odisha,Ganjam,21.1319,85.1825,Industrial Corridor,State Industrial Dev. Corp,26.4,86,111974000,35.7,0,2022-05-24,Stage 1 of 5,9.0,High,166,2026-07-21,0.397,Y,88,687430000,Ongoing,,True,,seed_officer_005
LA-2024-0788,Uttar Pradesh,Noida,26.8941,80.5658,Railway,Ministry of Railways,13.4,47,100178000,52.3,1,2024-03-28,Stage 2 of 5,38.3,Medium,187,2026-08-20,0.183,N,18,346250000,Ongoing,,,,seed_officer_031
LA-2024-0789,Madhya Pradesh,Indore,22.6582,78.2842,Irrigation/Water Res.,State Water Resources Dept,50.7,232,375302000,67.5,0,2024-10-06,Stage 2 of 5,58.7,Low,249,2026-08-05,0.273,N,3,1470860000,Ongoing,,,,seed_officer_020
LA-2025-0790,Rajasthan,Jaipur,26.8196,73.6924,Railway,Ministry of Railways,31.6,225,293529000,87.1,0,2025-02-01,Stage 5 of 5,84.6,Medium,314,2026-09-02,0.05,N,13,1190460000,Ongoing,,,,seed_officer_013
LA-2023-0791,Rajasthan,Jaipur,27.0146,74.2807,Highway,State PWD,4.1,14,41954000,98.4,1,2023-10-27,Stage 5 of 5,88.5,Medium,221,2026-09-01,0.132,N,32,180290000,Completed,2025-08-03,,On Time,seed_officer_016
LA-2022-0792,Maharashtra,Raigad,19.4453,75.3456,Highway,NHAI,7.7,38,65268000,98.4,0,2022-02-06,Stage 5 of 5,87.0,Medium,319,2026-08-27,0.048,N,5,227930000,Completed,2023-07-11,,On Time,seed_officer_026
LA-2021-0793,Rajasthan,Jodhpur,26.9645,74.0832,Highway,State PWD,11.5,25,70209000,92.8,0,2021-08-13,Stage 5 of 5,72.9,Medium,20,2026-08-19,0.063,N,3,272910000,Completed,2022-03-01,,On Time,seed_officer_019
LA-2021-0794,Andhra Pradesh,Kurnool,16.0602,79.2742,Highway,State PWD,2.8,8,6901000,92.8,0,2021-11-09,Stage 5 of 5,73.7,High,312,2026-07-13,0.201,N,0,29830000,Completed,2024-10-25,,On Time,seed_officer_035
LA-2024-0795,Karnataka,Belagavi,15.9112,75.6747,Industrial Corridor,DMIC/NICDC,43.4,140,229973000,24.8,0,2024-05-07,Stage 1 of 5,17.8,High,354,2026-08-31,0.318,Y,1524,1497960000,Ongoing,,True,,seed_officer_017
LA-2025-0796,Madhya Pradesh,Jabalpur,22.7397,78.292,Urban Infra/Metro,Urban Dev. Authority,22.4,112,196106000,84.5,0,2025-09-24,Stage 4 of 5,75.0,Medium,179,2026-07-30,0.053,N,17,1055790000,Ongoing,,,,seed_officer_030
LA-2023-0797,Maharashtra,Pune,20.2093,76.2122,Highway,State PWD,7.1,74,67147000,53.7,0,2023-06-02,Stage 3 of 5,49.1,Low,467,2026-08-29,0.074,N,2,367160000,Completed,2024-07-25,,On Time,seed_officer_021
LA-2021-0798,West Bengal,Howrah,22.9503,88.0138,Railway,State Railway Infra Corp,92.6,1216,692961000,74.8,0,2021-06-01,Stage 4 of 5,56.6,Low,283,2026-09-03,0.224,N,17,2540950000,Completed,2023-01-06,,On Time,seed_officer_021
LA-2025-0799,Maharashtra,Aurangabad,19.5661,75.2887,Irrigation/Water Res.,State Water Resources Dept,9.4,22,35548000,77.2,0,2025-02-18,Stage 4 of 5,59.0,Medium,146,2026-08-20,0.116,N,1,169320000,Ongoing,,,,seed_officer_037
LA-2025-0800,Uttar Pradesh,Meerut,26.424,80.7241,Irrigation/Water Res.,State Water Resources Dept,45.8,168,218537000,56.9,1,2025-09-17,Stage 3 of 5,54.2,Medium,208,2026-08-08,0.274,N,17,888790000,Ongoing,,,,seed_officer_010
LA-2023-0801,Bihar,Patna,25.3594,85.385,Urban Infra/Metro,Urban Dev. Authority,33.7,43,121538000,42.7,3,2023-11-25,Stage 3 of 5,33.5,Medium,91,2026-08-31,0.534,Y,321,554400000,Ongoing,,True,,seed_officer_036
LA-2021-0802,Karnataka,Hubballi-Dharwad,15.8604,75.4308,Highway,State PWD,46.5,165,150790000,32.0,2,2021-07-30,Stage 2 of 5,18.5,Medium,229,2026-08-06,0.616,Y,472,902660000,Ongoing,,False,,seed_officer_010
LA-2022-0803,Rajasthan,Jodhpur,27.0415,74.5048,Highway,State PWD,55.9,31,268880000,26.4,0,2022-11-01,Stage 1 of 5,13.9,Low,224,2026-08-24,0.419,Y,566,1271760000,Completed,2023-01-16,True,Delayed - Resolved,seed_officer_015
LA-2024-0804,Andhra Pradesh,Kurnool,16.1023,79.5822,Irrigation/Water Res.,State Water Resources Dept,9.9,35,79014000,77.6,0,2024-05-15,Stage 4 of 5,70.3,High,258,2026-07-30,0.197,N,22,485860000,Ongoing,,,,seed_officer_032
LA-2025-0805,Tamil Nadu,Tiruchirappalli,10.7007,78.6616,Highway,State PWD,12.3,16,50643000,89.6,0,2025-02-27,Stage 4 of 5,94.8,Low,291,2026-09-02,0.0,N,40,170720000,Ongoing,,,,seed_officer_017
LA-2025-0806,Gujarat,Rajkot,21.6725,71.2128,Highway,State PWD,13.0,88,68750000,94.3,0,2025-09-16,Stage 4 of 5,77.8,Low,42,2026-08-12,0.0,N,6,452560000,Ongoing,,,,seed_officer_030
LA-2020-0807,Odisha,Cuttack,21.0374,85.6818,Irrigation/Water Res.,State Water Resources Dept,55.7,459,664292000,50.6,0,2020-12-23,Stage 3 of 5,38.3,High,143,2026-08-25,0.351,Y,543,2007650000,Ongoing,,True,,seed_officer_011
LA-2021-0808,Maharashtra,Nagpur,20.0234,75.5182,Industrial Corridor,DMIC/NICDC,18.7,26,47553000,75.9,0,2021-11-02,Stage 4 of 5,78.9,Low,132,2026-08-30,0.16,N,5,252340000,Completed,2023-02-16,,On Time,seed_officer_012
LA-2026-0809,Maharashtra,Thane,19.1851,75.8337,Industrial Corridor,State Industrial Dev. Corp,13.2,59,112103000,31.1,4,2026-02-06,Stage 3 of 5,29.6,Medium,236,2026-06-13,0.685,Y,374,351780000,Ongoing,,True,,seed_officer_034
LA-2023-0810,Bihar,Patna,25.5825,85.4045,Irrigation/Water Res.,State Water Resources Dept,7.7,50,54329000,67.3,0,2023-12-13,Stage 4 of 5,50.0,Low,171,2026-08-26,0.139,N,3,333290000,Completed,2024-02-08,,On Time,seed_officer_004
LA-2025-0811,Maharashtra,Satara,19.3074,75.2703,Industrial Corridor,State Industrial Dev. Corp,35.2,329,327373000,70.9,3,2025-09-03,Stage 5 of 5,60.3,High,40,2026-03-12,0.473,Y,62,1380360000,Stalled,,True,Delayed - Unresolved,seed_officer_027
LA-2023-0812,Bihar,Gaya,25.3872,85.7306,Railway,Ministry of Railways,44.9,211,361530000,47.1,0,2023-12-30,Stage 3 of 5,34.9,Medium,80,2026-08-31,0.275,N,33,1220450000,Completed,2024-03-19,,On Time,seed_officer_005
LA-2020-0813,Madhya Pradesh,Indore,22.6543,78.7144,Industrial Corridor,State Industrial Dev. Corp,19.5,71,46135000,69.0,0,2020-11-23,Stage 5 of 5,79.8,Medium,339,2026-08-14,0.198,N,40,165500000,Completed,2026-07-11,,On Time,seed_officer_014
LA-2024-0814,Andhra Pradesh,Anantapur,15.4795,80.1975,Industrial Corridor,DMIC/NICDC,31.7,271,137110000,94.1,1,2024-11-22,Stage 4 of 5,80.6,Medium,289,2026-09-04,0.246,N,28,492650000,Ongoing,,,,seed_officer_024
LA-2025-0815,Maharashtra,Pune,19.7277,75.4355,Railway,State Railway Infra Corp,10.2,37,98407000,62.3,1,2025-09-02,Stage 3 of 5,46.3,Low,163,2026-08-22,0.223,N,13,432610000,Ongoing,,,,seed_officer_032
LA-2022-0816,Gujarat,Ahmedabad,22.2046,70.6032,Railway,Ministry of Railways,65.2,800,572047000,86.0,0,2022-08-28,Stage 4 of 5,73.0,Medium,214,2026-08-29,0.031,N,14,2312960000,Completed,2024-08-01,,On Time,seed_officer_035
LA-2022-0817,Uttar Pradesh,Agra,27.2516,81.3024,Highway,State PWD,8.2,29,38906000,60.3,0,2022-03-05,Stage 3 of 5,74.3,High,244,2026-08-29,0.157,N,24,171930000,Completed,2024-04-16,,On Time,seed_officer_001
LA-2021-0818,Madhya Pradesh,Bhopal,22.409,78.4985,Highway,State PWD,23.2,114,194910000,82.9,0,2021-03-29,Stage 4 of 5,76.8,Medium,171,2026-09-02,0.14,N,11,755400000,Completed,2024-01-31,,On Time,seed_officer_035
LA-2024-0819,Gujarat,Vadodara,21.8551,71.5246,Power Transmission,Power Grid Corp,12.2,76,68823000,100.0,0,2024-11-12,Stage 5 of 5,91.3,Low,237,2026-09-04,0.145,N,1,400860000,Ongoing,,,,seed_officer_033
LA-2021-0820,Karnataka,Hubballi-Dharwad,14.8874,75.6752,Railway,Ministry of Railways,82.9,424,546338000,57.3,2,2021-12-16,Stage 3 of 5,40.3,Medium,232,2026-08-24,0.421,Y,37,1664120000,Completed,2022-08-18,False,Delayed - Unresolved,seed_officer_007
LA-2023-0821,Karnataka,Bengaluru Rural,15.8782,76.0872,Highway,NHAI,24.5,117,126982000,77.5,0,2023-08-07,Stage 3 of 5,70.7,High,286,2026-09-02,0.065,N,20,843400000,Completed,2026-02-23,,On Time,seed_officer_016
LA-2021-0822,Rajasthan,Jodhpur,27.1632,74.7317,Railway,State Railway Infra Corp,11.4,43,104758000,86.8,0,2021-01-12,Stage 4 of 5,65.3,Medium,278,2026-08-27,0.113,N,17,601130000,Completed,2025-11-05,,On Time,seed_officer_023
LA-2025-0823,Gujarat,Vadodara,22.0126,70.7528,Industrial Corridor,DMIC/NICDC,35.6,78,233303000,67.5,1,2025-04-17,Stage 4 of 5,63.2,Low,94,2026-08-13,0.195,N,23,685140000,Ongoing,,,,seed_officer_006
LA-2021-0824,Madhya Pradesh,Jabalpur,22.4712,79.0527,Railway,State Railway Infra Corp,6.2,21,13521000,33.8,8,2021-01-09,Stage 4 of 5,28.4,Medium,204,2026-08-10,0.927,Y,883,50800000,Ongoing,,False,,seed_officer_030
LA-2025-0825,Madhya Pradesh,Indore,23.4223,79.2305,Railway,Ministry of Railways,12.9,112,82554000,100.0,0,2025-07-29,Stage 4 of 5,80.8,High,165,2026-09-03,0.134,N,8,409720000,Ongoing,,,,seed_officer_020
LA-2022-0826,Madhya Pradesh,Bhopal,22.5426,79.2193,Railway,Ministry of Railways,5.2,21,30169000,95.7,0,2022-03-25,Stage 5 of 5,91.2,Low,193,2026-09-03,0.154,N,35,131450000,Completed,2025-08-06,,On Time,seed_officer_006
LA-2022-0827,Maharashtra,Aurangabad,19.4455,76.0414,Highway,State PWD,10.4,18,79870000,93.8,0,2022-12-27,Stage 5 of 5,68.6,Medium,151,2026-09-02,0.109,N,56,338740000,Completed,2026-02-01,,On Time,seed_officer_025
LA-2025-0828,Maharashtra,Thane,19.6356,76.2735,Industrial Corridor,DMIC/NICDC,29.6,23,53117000,26.6,0,2025-08-19,Stage 1 of 5,25.3,High,388,2026-08-11,0.205,N,6,181090000,Ongoing,,,,seed_officer_004
LA-2021-0829,Andhra Pradesh,Visakhapatnam,16.1941,80.2686,Highway,NHAI,11.9,10,68143000,84.4,0,2021-03-12,Stage 4 of 5,77.2,Medium,347,2026-09-01,0.08,N,10,393280000,Completed,2026-07-06,,On Time,seed_officer_006
LA-2024-0830,Rajasthan,Alwar,27.3599,74.234,Highway,State PWD,147.3,1343,1074411000,9.1,5,2024-06-10,Stage 1 of 5,23.5,Medium,223,2026-08-07,0.778,Y,143,3428450000,Ongoing,,False,,seed_officer_022
LA-2024-0831,Maharashtra,Thane,19.7752,75.5887,Highway,NHAI,21.7,98,206880000,66.2,2,2024-01-30,Stage 4 of 5,62.9,High,217,2026-08-30,0.265,N,13,601100000,Completed,2026-02-13,,On Time,seed_officer_034
LA-2023-0832,Uttar Pradesh,Lucknow,26.9487,80.9277,Railway,Ministry of Railways,17.2,27,144998000,44.1,0,2023-03-18,Stage 2 of 5,24.7,Low,61,2026-07-17,0.527,Y,19,654340000,Ongoing,,False,,seed_officer_014
LA-2022-0833,Tamil Nadu,Tiruchirappalli,11.3827,78.3897,Highway,State PWD,16.6,76,94155000,32.9,8,2022-12-18,Stage 4 of 5,27.4,Low,88,2026-02-23,0.909,Y,398,336930000,Stalled,,False,Shelved,seed_officer_018
LA-2022-0834,Andhra Pradesh,Visakhapatnam,15.9762,80.0716,Highway,NHAI,14.8,64,69432000,40.6,0,2022-08-27,Stage 2 of 5,49.0,Low,99,2026-08-06,0.233,N,1,259950000,Completed,2023-03-21,,On Time,seed_officer_018
LA-2022-0835,Uttar Pradesh,Agra,27.4302,80.3642,Railway,Ministry of Railways,3.5,19,34521000,55.5,2,2022-11-02,Stage 3 of 5,64.6,High,107,2026-08-27,0.285,N,10,194590000,Completed,2024-01-03,,On Time,seed_officer_012
LA-2020-0836,Bihar,Bhagalpur,24.9867,85.0942,Highway,NHAI,16.1,101,117680000,41.6,1,2020-11-09,Stage 2 of 5,56.9,Low,219,2026-08-17,0.322,Y,48,405100000,Ongoing,,True,,seed_officer_014
LA-2022-0837,Madhya Pradesh,Indore,22.9578,78.5284,Urban Infra/Metro,Urban Dev. Authority,18.3,204,131173000,91.2,0,2022-03-12,Stage 5 of 5,69.5,High,209,2026-08-12,0.14,N,0,738630000,Completed,2023-03-23,,On Time,seed_officer_005
LA-2023-0838,Andhra Pradesh,Guntur,15.6559,79.5055,Irrigation/Water Res.,State Water Resources Dept,33.0,114,266545000,65.6,0,2023-09-19,Stage 3 of 5,46.6,Low,65,2026-09-02,0.25,N,10,1033620000,Completed,2026-05-09,,On Time,seed_officer_037
LA-2022-0839,Gujarat,Surat,22.0396,71.4845,Industrial Corridor,DMIC/NICDC,18.6,45,153547000,95.0,0,2022-04-18,Stage 5 of 5,87.7,Medium,184,2026-08-24,0.107,N,7,727710000,Completed,2023-10-24,,On Time,seed_officer_035
LA-2025-0840,Gujarat,Vadodara,22.379,70.9144,Railway,State Railway Infra Corp,5.2,35,24401000,47.7,0,2025-09-18,Stage 2 of 5,40.9,Medium,240,2026-09-01,0.23,N,47,116580000,Ongoing,,,,seed_officer_009
LA-2024-0841,Uttar Pradesh,Meerut,26.4016,80.6261,Irrigation/Water Res.,State Water Resources Dept,10.1,144,124183000,80.7,0,2024-06-04,Stage 5 of 5,75.2,Low,321,2026-08-21,0.242,N,9,519780000,Ongoing,,,,seed_officer_033
LA-2023-0842,Andhra Pradesh,Guntur,15.8727,80.2142,Railway,Ministry of Railways,40.0,433,326258000,35.2,0,2023-09-24,Stage 2 of 5,12.7,Medium,228,2026-09-01,0.38,Y,39,1500750000,Ongoing,,False,,seed_officer_007
LA-2025-0843,Maharashtra,Aurangabad,19.6662,76.0285,Urban Infra/Metro,State Metro Rail Corp,15.8,75,52180000,46.6,0,2025-06-22,Stage 3 of 5,43.8,Medium,195,2026-06-12,0.32,Y,177,172670000,Ongoing,,True,,seed_officer_005
LA-2021-0844,Bihar,Bhagalpur,24.732,85.8582,Irrigation/Water Res.,State Water Resources Dept,15.0,103,140602000,70.8,0,2021-08-13,Stage 3 of 5,62.3,Low,263,2026-03-12,0.387,Y,611,437300000,Completed,2023-11-23,False,Delayed - Unresolved,seed_officer_021
LA-2021-0845,Tamil Nadu,Chennai,11.3899,78.2281,Highway,State PWD,10.2,116,52240000,53.1,0,2021-08-30,Stage 2 of 5,57.5,High,213,2026-08-31,0.182,N,0,227810000,Completed,2022-08-29,,On Time,seed_officer_029
LA-2024-0846,Bihar,Muzaffarpur,25.0284,85.2129,Railway,Ministry of Railways,29.2,85,106531000,82.9,0,2024-10-05,Stage 4 of 5,67.0,Medium,264,2026-09-02,0.166,N,45,426900000,Ongoing,,,,seed_officer_023
LA-2022-0847,Tamil Nadu,Tiruchirappalli,10.9222,79.0642,Industrial Corridor,DMIC/NICDC,36.3,65,149293000,38.2,2,2022-12-24,Stage 2 of 5,46.4,Low,149,2026-08-31,0.443,Y,91,537790000,Completed,2026-06-08,False,Delayed - Unresolved,seed_officer_028
LA-2025-0848,Maharashtra,Nagpur,19.4952,75.2196,Power Transmission,State Electricity Board,19.4,134,204282000,48.6,0,2025-03-23,Stage 2 of 5,52.8,High,38,2026-09-01,0.099,N,11,1058700000,Ongoing,,,,seed_officer_006
LA-2024-0849,Tamil Nadu,Tiruchirappalli,11.6262,79.0592,Highway,State PWD,12.4,28,114618000,6.9,5,2024-04-03,Stage 1 of 5,15.1,Medium,289,2026-03-15,0.757,Y,551,540840000,Stalled,,True,Delayed - Unresolved,seed_officer_016
