project_id,state,district,latitude,longitude,project_type,implementing_department,land_area_hectares,families_affected,compensation_assessed_inr,compensation_disbursed_pct,legal_disputes_count,notification_date,approval_stage,rr_progress_pct,stakeholder_responsiveness,historical_dept_avg_delay_days,last_activity_date,risk_score_raw,delayed,delay_days
LA-2021-0000,Andhra Pradesh,Visakhapatnam,16.4538,80.0184,Irrigation/Water Res.,State Water Resources Dept,13.3,45,118966000,61.2,3,2021-07-18,Stage 4 of 5,47.7,Medium,173,2026-06-04,0.439,Y,717
LA-2023-0001,Karnataka,Belagavi,15.2579,75.1298,Urban Infra/Metro,State Metro Rail Corp,2.7,26,13206000,53.6,0,2023-08-06,Stage 2 of 5,33.3,Medium,387,2026-08-23,0.337,Y,636
LA-2023-0002,Uttar Pradesh,Noida,26.301,80.7366,Railway,Ministry of Railways,36.4,235,193055000,52.7,1,2023-04-23,Stage 3 of 5,26.0,Low,68,2026-05-05,0.429,Y,170
LA-2024-0003,Tamil Nadu,Chennai,11.6251,79.0769,Railway,Ministry of Railways,13.2,29,93771000,97.9,0,2024-04-03,Stage 5 of 5,76.8,High,330,2026-08-17,0.091,N,10
LA-2024-0004,Bihar,Darbhanga,24.5266,84.8426,Highway,State PWD,4.6,39,45028000,28.0,8,2024-02-25,Stage 3 of 5,32.0,High,56,2026-06-28,0.912,Y,121
LA-2022-0005,Rajasthan,Jaipur,26.813,73.7644,Railway,Ministry of Railways,7.0,25,15672000,34.7,0,2022-09-05,Stage 1 of 5,15.3,Low,142,2026-07-29,0.375,Y,181
LA-2025-0006,Karnataka,Bengaluru Rural,15.1537,76.28,Urban Infra/Metro,State Metro Rail Corp,16.2,15,60574000,94.4,0,2025-12-01,Stage 5 of 5,77.8,Medium,189,2026-08-19,0.231,N,8
LA-2025-0007,Tamil Nadu,Coimbatore,10.6241,78.5005,Highway,NHAI,14.5,139,113067000,89.8,1,2025-11-02,Stage 5 of 5,71.3,Medium,189,2026-08-16,0.124,N,3
LA-2021-0008,Uttar Pradesh,Agra,27.0758,80.8103,Urban Infra/Metro,State Metro Rail Corp,11.6,24,106565000,0.0,12,2021-10-04,Stage 2 of 5,1.2,High,222,2026-04-10,1.292,Y,590
LA-2025-0009,Rajasthan,Alwar,27.4514,74.1033,Power Transmission,Power Grid Corp,19.3,117,127537000,27.8,2,2025-10-21,Stage 1 of 5,34.1,Low,299,2026-06-28,0.358,Y,744
LA-2022-0010,Tamil Nadu,Salem,11.5462,78.846,Irrigation/Water Res.,State Water Resources Dept,13.2,30,55712000,47.5,0,2022-05-20,Stage 3 of 5,31.9,Medium,269,2026-06-24,0.331,Y,371
LA-2024-0011,Maharashtra,Satara,20.345,75.6778,Highway,NHAI,4.0,23,22037000,99.1,0,2024-08-01,Stage 5 of 5,75.7,High,50,2026-07-21,0.0,N,12
LA-2022-0012,Karnataka,Mysuru,15.4014,75.2305,Irrigation/Water Res.,State Water Resources Dept,10.4,83,95759000,79.4,0,2022-11-20,Stage 4 of 5,52.0,Medium,120,2026-08-22,0.097,N,1
LA-2025-0013,Maharashtra,Nashik,20.2154,75.147,Irrigation/Water Res.,State Water Resources Dept,25.7,315,192718000,67.6,1,2025-10-23,Stage 4 of 5,52.7,Low,319,2026-07-20,0.435,Y,548
LA-2024-0014,Maharashtra,Nagpur,19.2135,75.7515,Irrigation/Water Res.,State Water Resources Dept,56.1,373,374822000,56.1,0,2024-06-05,Stage 3 of 5,56.1,Low,192,2026-08-25,0.202,N,17
LA-2020-0015,Madhya Pradesh,Jabalpur,22.9042,78.3446,Highway,NHAI,21.0,308,198374000,26.6,4,2020-10-08,Stage 2 of 5,30.3,Medium,181,2026-08-06,0.514,Y,90
LA-2024-0016,Tamil Nadu,Chennai,11.2892,78.1113,Railway,State Railway Infra Corp,15.0,62,105834000,100.0,0,2024-01-22,Stage 5 of 5,88.4,High,276,2026-08-07,0.102,N,2
LA-2024-0017,Rajasthan,Jaipur,27.1749,74.6024,Irrigation/Water Res.,State Water Resources Dept,83.8,178,382688000,66.1,1,2024-02-21,Stage 4 of 5,50.3,Low,256,2026-06-30,0.389,Y,986
LA-2026-0018,Odisha,Sundargarh,20.6901,84.7114,Industrial Corridor,DMIC/NICDC,3.3,8,16419000,40.1,0,2026-02-05,Stage 2 of 5,42.0,Medium,165,2026-08-27,0.517,Y,60
LA-2025-0019,West Bengal,Kolkata,23.4034,87.6809,Urban Infra/Metro,Urban Dev. Authority,7.7,29,20058000,79.2,0,2025-02-11,Stage 3 of 5,75.0,High,259,2026-08-19,0.102,N,0
LA-2021-0020,Bihar,Darbhanga,25.5613,85.1342,Highway,NHAI,7.3,41,21621000,12.5,5,2021-08-03,Stage 2 of 5,11.1,Low,87,2026-07-27,0.811,Y,227
LA-2023-0021,Madhya Pradesh,Gwalior,23.0837,78.4772,Industrial Corridor,State Industrial Dev. Corp,2.0,10,8722000,53.6,2,2023-02-05,Stage 3 of 5,37.3,Medium,228,2026-08-20,0.378,Y,82
LA-2021-0022,West Bengal,Hooghly,22.4014,88.4189,Highway,State PWD,7.7,34,24861000,32.9,1,2021-12-25,Stage 1 of 5,19.0,Medium,342,2026-08-14,0.359,Y,295
LA-2022-0023,Uttar Pradesh,Agra,27.0229,80.8121,Highway,NHAI,8.0,13,40620000,55.8,0,2022-11-07,Stage 3 of 5,52.4,High,296,2026-07-21,0.298,N,8
LA-2022-0024,Rajasthan,Jaipur,26.4781,73.6495,Railway,Ministry of Railways,21.5,34,200638000,27.7,1,2022-02-22,Stage 1 of 5,42.7,Medium,194,2026-08-19,0.437,Y,575
LA-2025-0025,Uttar Pradesh,Kanpur,26.5484,80.6759,Highway,NHAI,34.2,165,137813000,67.0,0,2025-07-13,Stage 3 of 5,68.7,Medium,223,2026-08-25,0.227,N,7
LA-2024-0026,Maharashtra,Satara,20.0577,75.8583,Industrial Corridor,DMIC/NICDC,19.1,54,93828000,58.3,3,2024-01-15,Stage 4 of 5,29.2,High,409,2026-06-20,0.447,Y,87
LA-2020-0027,Bihar,Patna,25.5066,85.6358,Highway,NHAI,18.5,50,70462000,16.2,1,2020-10-03,Stage 1 of 5,18.6,Medium,205,2026-08-26,0.49,Y,140
LA-2021-0028,Uttar Pradesh,Meerut,26.581,80.5586,Highway,NHAI,25.9,92,132704000,42.7,2,2021-02-19,Stage 3 of 5,37.5,Low,429,2026-05-08,0.417,Y,673
LA-2022-0029,Uttar Pradesh,Varanasi,27.1586,80.9837,Industrial Corridor,DMIC/NICDC,23.6,48,173321000,56.5,0,2022-09-05,Stage 3 of 5,39.0,Medium,146,2026-07-28,0.135,N,1
LA-2024-0030,Tamil Nadu,Salem,11.342,79.0039,Railway,State Railway Infra Corp,17.6,35,132830000,64.8,0,2024-07-20,Stage 3 of 5,63.5,Low,20,2026-08-26,0.19,N,40
LA-2021-0031,Uttar Pradesh,Noida,26.6851,80.9316,Power Transmission,State Electricity Board,19.2,137,83338000,47.8,0,2021-09-20,Stage 2 of 5,48.1,Medium,316,2026-08-25,0.152,N,3
LA-2025-0032,Bihar,Bhagalpur,25.1052,85.004,Highway,NHAI,4.2,32,18981000,33.1,1,2025-06-23,Stage 1 of 5,22.3,Low,329,2026-08-12,0.439,Y,276
LA-2023-0033,Madhya Pradesh,Jabalpur,23.3701,79.2149,Highway,NHAI,147.0,618,493016000,31.7,0,2023-08-31,Stage 1 of 5,32.3,High,247,2026-08-16,0.255,N,4
LA-2024-0034,Madhya Pradesh,Indore,22.7528,78.7629,Industrial Corridor,State Industrial Dev. Corp,24.8,286,228196000,29.8,5,2024-09-02,Stage 3 of 5,33.6,High,20,2026-05-06,0.571,Y,44
LA-2023-0035,Andhra Pradesh,Vijayawada,15.48,80.0928,Irrigation/Water Res.,State Water Resources Dept,39.2,158,133968000,72.6,1,2023-06-27,Stage 4 of 5,80.1,High,206,2026-08-21,0.15,N,7
LA-2024-0036,Tamil Nadu,Salem,11.1298,78.7047,Railway,State Railway Infra Corp,58.7,150,391962000,32.8,0,2024-01-04,Stage 2 of 5,42.8,Medium,206,2026-04-29,0.505,Y,293
LA-2022-0037,Gujarat,Bharuch,22.4947,71.6994,Industrial Corridor,State Industrial Dev. Corp,17.2,81,106508000,85.9,0,2022-08-02,Stage 5 of 5,69.7,Low,130,2026-08-27,0.149,N,6
LA-2021-0038,Uttar Pradesh,Kanpur,26.9762,80.8014,Industrial Corridor,DMIC/NICDC,11.6,71,43270000,90.0,0,2021-10-09,Stage 5 of 5,89.2,Medium,127,2026-08-24,0.043,N,2
LA-2023-0039,Gujarat,Ahmedabad,22.1614,71.6902,Railway,Ministry of Railways,4.3,55,36287000,72.0,0,2023-02-24,Stage 3 of 5,62.3,Low,267,2026-08-24,0.091,N,7
LA-2023-0040,Odisha,Khordha,20.771,85.0604,Irrigation/Water Res.,State Water Resources Dept,6.0,51,38257000,59.8,0,2023-06-20,Stage 3 of 5,63.3,Low,20,2026-08-24,0.258,N,43
LA-2020-0041,Uttar Pradesh,Varanasi,27.0195,80.8367,Highway,State PWD,13.1,73,34473000,40.8,0,2020-09-26,Stage 2 of 5,17.6,Medium,325,2026-08-06,0.295,N,19
LA-2023-0042,West Bengal,Kolkata,23.1106,88.2232,Urban Infra/Metro,State Metro Rail Corp,39.7,30,257721000,11.8,2,2023-02-24,Stage 1 of 5,19.3,High,176,2026-07-19,0.396,Y,129
LA-2024-0043,Uttar Pradesh,Agra,26.9957,80.8375,Irrigation/Water Res.,State Water Resources Dept,3.4,12,26276000,68.3,0,2024-04-09,Stage 4 of 5,56.9,Medium,399,2026-08-25,0.216,N,18
LA-2026-0044,Uttar Pradesh,Noida,27.0208,80.8522,Highway,State PWD,21.5,128,198031000,75.2,2,2026-02-11,Stage 4 of 5,68.7,Low,391,2026-08-04,0.401,Y,238
LA-2022-0045,Andhra Pradesh,Kurnool,15.9356,79.1964,Highway,State PWD,26.0,76,103319000,64.6,0,2022-08-04,Stage 3 of 5,62.4,High,346,2026-08-23,0.187,N,2
LA-2021-0046,Uttar Pradesh,Noida,26.8945,80.5406,Power Transmission,State Electricity Board,14.8,76,76042000,54.6,0,2021-08-16,Stage 3 of 5,30.8,High,172,2026-08-15,0.258,N,4
LA-2021-0047,Andhra Pradesh,Vijayawada,15.4228,80.2408,Highway,NHAI,39.5,141,270814000,84.0,0,2021-04-17,Stage 4 of 5,79.7,High,333,2026-08-25,0.094,N,17
LA-2023-0048,Tamil Nadu,Tiruchirappalli,10.5801,78.7628,Urban Infra/Metro,Urban Dev. Authority,31.8,41,89536000,100.0,0,2023-10-06,Stage 5 of 5,84.6,High,253,2026-08-24,0.0,N,26
LA-2024-0049,Tamil Nadu,Tiruchirappalli,10.8031,78.2016,Highway,State PWD,36.5,57,83733000,73.2,0,2024-11-05,Stage 3 of 5,63.7,Medium,350,2026-06-24,0.116,N,9
LA-2023-0050,Maharashtra,Thane,19.3741,75.5747,Urban Infra/Metro,Urban Dev. Authority,40.3,150,175490000,58.6,0,2023-09-11,Stage 3 of 5,41.0,Low,289,2026-08-27,0.127,N,5
LA-2023-0051,Maharashtra,Nashik,19.1729,76.2992,Railway,Ministry of Railways,7.2,77,87962000,71.0,0,2023-08-19,Stage 4 of 5,62.8,High,303,2026-08-24,0.141,N,27
LA-2023-0052,Rajasthan,Jodhpur,26.5682,73.6742,Railway,State Railway Infra Corp,9.1,52,41699000,87.1,2,2023-04-28,Stage 5 of 5,82.0,Low,274,2026-08-17,0.204,N,3
LA-2024-0053,Tamil Nadu,Chennai,11.2232,78.1667,Power Transmission,Power Grid Corp,29.1,68,276608000,59.9,0,2024-09-29,Stage 3 of 5,41.9,Low,281,2026-08-26,0.206,N,49
LA-2020-0054,Madhya Pradesh,Bhopal,23.5632,78.1307,Power Transmission,Power Grid Corp,9.3,69,78289000,47.3,0,2020-09-12,Stage 2 of 5,46.1,High,285,2026-08-13,0.235,N,27
LA-2021-0055,Karnataka,Mysuru,15.4596,76.0172,Highway,State PWD,31.3,89,115428000,66.3,1,2021-06-21,Stage 4 of 5,53.9,Medium,113,2026-08-04,0.214,N,0
LA-2023-0056,Maharashtra,Thane,19.4915,75.136,Railway,Ministry of Railways,7.4,25,61346000,81.9,1,2023-09-21,Stage 4 of 5,66.0,Medium,225,2026-07-29,0.298,N,0
LA-2022-0057,West Bengal,Nadia,23.5495,88.1546,Highway,State PWD,4.2,47,28904000,64.5,5,2022-08-07,Stage 5 of 5,67.8,Low,204,2026-08-26,0.548,Y,540
LA-2022-0058,Rajasthan,Alwar,27.5797,73.6555,Industrial Corridor,DMIC/NICDC,3.1,12,25378000,38.6,0,2022-12-19,Stage 1 of 5,29.4,Medium,210,2026-07-16,0.316,Y,431
LA-2021-0059,Maharashtra,Thane,19.1905,76.2189,Irrigation/Water Res.,State Water Resources Dept,24.6,89,87201000,84.5,1,2021-06-01,Stage 4 of 5,58.6,Medium,326,2026-08-20,0.263,N,2
LA-2021-0060,Karnataka,Bengaluru Rural,15.192,76.2835,Industrial Corridor,DMIC/NICDC,15.9,137,175576000,0.0,12,2021-06-23,Stage 2 of 5,0.0,Medium,68,2026-07-15,1.307,Y,637
LA-2025-0061,Gujarat,Vadodara,21.7641,71.0132,Highway,NHAI,14.0,32,90411000,52.2,1,2025-10-28,Stage 2 of 5,53.6,Low,325,2026-08-12,0.311,Y,587
LA-2023-0062,Odisha,Sundargarh,20.4478,85.5723,Irrigation/Water Res.,State Water Resources Dept,30.4,100,197567000,89.5,0,2023-07-26,Stage 4 of 5,73.1,Medium,412,2026-07-30,0.107,N,20
LA-2024-0063,Bihar,Gaya,24.5485,84.9071,Highway,State PWD,2.7,7,14910000,82.6,1,2024-02-24,Stage 4 of 5,67.6,High,35,2026-08-26,0.234,N,8
LA-2022-0064,Andhra Pradesh,Visakhapatnam,16.4981,79.1881,Power Transmission,State Electricity Board,36.1,33,197863000,95.0,0,2022-04-16,Stage 4 of 5,68.0,Medium,44,2026-08-25,0.022,N,22
LA-2026-0065,Tamil Nadu,Tiruchirappalli,11.2861,78.5043,Railway,Ministry of Railways,28.8,62,77970000,61.9,0,2026-02-18,Stage 3 of 5,41.0,Medium,219,2026-08-27,0.117,N,22
LA-2022-0066,West Bengal,Kolkata,22.9313,87.5383,Highway,State PWD,46.7,186,403010000,68.7,0,2022-08-27,Stage 4 of 5,51.0,Medium,67,2026-08-08,0.037,N,11
LA-2025-0067,Karnataka,Mysuru,15.2529,76.151,Irrigation/Water Res.,State Water Resources Dept,48.7,121,138455000,19.4,2,2025-06-20,Stage 1 of 5,14.6,Medium,198,2026-06-06,0.612,Y,474
LA-2025-0068,Bihar,Bhagalpur,25.2963,84.8807,Highway,NHAI,44.6,69,319140000,72.2,1,2025-11-09,Stage 4 of 5,61.1,Low,231,2026-08-26,0.236,N,21
LA-2024-0069,Odisha,Khordha,21.4541,85.2192,Urban Infra/Metro,Urban Dev. Authority,25.9,193,135083000,39.0,0,2024-03-30,Stage 1 of 5,30.7,High,357,2026-07-13,0.312,Y,397
LA-2023-0070,Odisha,Ganjam,21.2664,85.4559,Railway,Ministry of Railways,39.2,132,86547000,80.0,0,2023-03-06,Stage 4 of 5,76.8,Medium,20,2026-08-17,0.0,N,0
LA-2024-0071,Uttar Pradesh,Lucknow,27.0178,81.2574,Railway,State Railway Infra Corp,80.8,468,836280000,51.5,2,2024-05-28,Stage 3 of 5,67.0,High,294,2026-08-27,0.396,Y,798
LA-2021-0072,Uttar Pradesh,Meerut,26.2558,81.1232,Power Transmission,State Electricity Board,18.1,68,167973000,63.4,0,2021-03-02,Stage 2 of 5,56.7,High,481,2026-08-10,0.225,N,1
LA-2023-0073,Andhra Pradesh,Vijayawada,16.485,80.1278,Irrigation/Water Res.,State Water Resources Dept,10.1,58,84274000,96.8,0,2023-08-10,Stage 5 of 5,95.9,Low,244,2026-08-04,0.105,N,13
LA-2022-0074,Rajasthan,Jodhpur,26.6975,73.8724,Irrigation/Water Res.,State Water Resources Dept,46.3,138,215782000,66.5,0,2022-07-28,Stage 3 of 5,65.4,High,128,2026-08-23,0.227,N,8
LA-2023-0075,Uttar Pradesh,Lucknow,27.2898,80.9137,Irrigation/Water Res.,State Water Resources Dept,10.0,20,36292000,65.5,0,2023-07-23,Stage 3 of 5,55.7,Low,129,2026-03-01,0.362,Y,545
LA-2024-0076,Maharashtra,Satara,19.2764,75.9831,Irrigation/Water Res.,State Water Resources Dept,10.0,31,86949000,61.4,0,2024-06-13,Stage 3 of 5,41.9,High,422,2026-08-27,0.196,N,15
LA-2022-0077,Tamil Nadu,Tiruchirappalli,11.3433,78.3339,Railway,Ministry of Railways,19.8,25,86089000,78.4,3,2022-03-19,Stage 5 of 5,52.5,Low,338,2026-05-05,0.359,Y,1162
LA-2023-0078,Uttar Pradesh,Noida,26.7259,80.5291,Urban Infra/Metro,Urban Dev. Authority,5.5,26,37203000,85.2,0,2023-07-24,Stage 4 of 5,74.0,Low,482,2026-08-26,0.06,N,7
LA-2026-0079,Uttar Pradesh,Agra,26.8584,81.3365,Highway,NHAI,5.7,34,40160000,66.8,4,2026-03-05,Stage 5 of 5,65.9,High,184,2026-08-25,0.458,Y,452
LA-2025-0080,Bihar,Bhagalpur,24.7043,85.547,Railway,State Railway Infra Corp,17.2,76,70150000,44.9,5,2025-10-14,Stage 4 of 5,47.5,High,266,2026-08-01,0.671,Y,495
LA-2024-0081,Maharashtra,Nagpur,20.0836,75.2603,Irrigation/Water Res.,State Water Resources Dept,6.4,44,22803000,19.3,4,2024-05-26,Stage 2 of 5,9.5,High,200,2026-07-27,0.683,Y,300
LA-2022-0082,Maharashtra,Raigad,19.2972,75.4778,Highway,State PWD,11.6,53,122355000,32.8,3,2022-06-03,Stage 2 of 5,35.2,High,384,2026-08-23,0.39,Y,754
LA-2023-0083,Andhra Pradesh,Kurnool,16.4695,79.4383,Highway,State PWD,2.3,25,19120000,37.9,1,2023-10-05,Stage 2 of 5,32.1,Low,255,2026-08-26,0.194,N,27
LA-2025-0084,Bihar,Muzaffarpur,24.6762,85.1027,Industrial Corridor,DMIC/NICDC,105.1,30,529874000,25.4,3,2025-02-07,Stage 2 of 5,19.6,High,172,2026-06-08,0.59,Y,170
LA-2023-0085,Andhra Pradesh,Visakhapatnam,15.853,79.4124,Power Transmission,Power Grid Corp,40.8,139,395997000,6.6,3,2023-05-11,Stage 1 of 5,18.6,Low,316,2026-08-25,0.53,Y,210
LA-2021-0086,Tamil Nadu,Coimbatore,11.4443,78.375,Highway,NHAI,26.7,199,148713000,34.9,1,2021-11-13,Stage 2 of 5,29.4,High,243,2026-08-26,0.28,N,9
LA-2023-0087,Bihar,Bhagalpur,25.6005,85.338,Irrigation/Water Res.,State Water Resources Dept,11.8,56,65817000,0.0,8,2023-07-15,Stage 2 of 5,0.0,Low,429,2026-05-30,1.099,Y,853
LA-2022-0088,Tamil Nadu,Tiruchirappalli,10.7924,79.231,Industrial Corridor,State Industrial Dev. Corp,5.1,27,28693000,92.2,1,2022-06-22,Stage 5 of 5,71.9,High,191,2026-08-10,0.021,N,27
LA-2023-0089,Gujarat,Bharuch,22.3671,71.2024,Highway,NHAI,84.0,486,686435000,51.8,0,2023-01-28,Stage 2 of 5,51.7,High,97,2026-08-16,0.157,N,31
LA-2025-0090,Andhra Pradesh,Visakhapatnam,16.2037,80.1181,Irrigation/Water Res.,State Water Resources Dept,6.8,71,62096000,19.4,0,2025-04-28,Stage 1 of 5,5.4,Low,269,2026-07-22,0.393,Y,1210
LA-2024-0091,Andhra Pradesh,Visakhapatnam,15.808,79.9747,Highway,NHAI,11.5,14,29141000,73.1,0,2024-10-13,Stage 3 of 5,59.9,Medium,166,2026-08-17,0.136,N,13
LA-2026-0092,Maharashtra,Pune,19.538,75.8777,Highway,NHAI,9.0,73,53035000,63.8,1,2026-02-27,Stage 3 of 5,45.8,Low,193,2026-04-29,0.388,Y,449
LA-2022-0093,Tamil Nadu,Madurai,11.0326,78.8203,Industrial Corridor,State Industrial Dev. Corp,13.4,25,65464000,52.7,0,2022-04-29,Stage 2 of 5,61.6,Medium,229,2026-08-23,0.212,N,22
LA-2024-0094,Rajasthan,Jodhpur,26.6944,74.0702,Railway,State Railway Infra Corp,2.0,8,15905000,92.3,0,2024-06-14,Stage 4 of 5,73.9,High,211,2026-08-11,0.0,N,2
LA-2021-0095,Tamil Nadu,Salem,11.675,78.1396,Highway,NHAI,6.8,16,59217000,59.2,0,2021-02-01,Stage 3 of 5,57.4,Low,288,2026-08-24,0.352,Y,117
LA-2025-0096,Uttar Pradesh,Agra,27.1256,81.0042,Highway,NHAI,6.1,23,51796000,84.4,3,2025-09-27,Stage 5 of 5,74.7,Medium,69,2026-08-24,0.304,Y,119
LA-2021-0097,Maharashtra,Raigad,19.4219,75.4151,Power Transmission,State Electricity Board,41.1,729,557768000,68.3,0,2021-07-22,Stage 4 of 5,63.6,High,93,2026-08-26,0.128,N,16
LA-2025-0098,Maharashtra,Nagpur,20.1859,75.6661,Industrial Corridor,DMIC/NICDC,38.5,83,193191000,69.1,1,2025-07-22,Stage 4 of 5,49.2,High,57,2026-07-30,0.241,N,31
LA-2024-0099,Rajasthan,Alwar,26.7104,74.1594,Urban Infra/Metro,State Metro Rail Corp,15.6,35,95155000,56.5,0,2024-01-27,Stage 3 of 5,46.0,Medium,132,2026-08-23,0.175,N,1
LA-2023-0100,Odisha,Khordha,20.6834,84.8733,Irrigation/Water Res.,State Water Resources Dept,2.0,20,11171000,90.6,0,2023-11-01,Stage 5 of 5,71.9,High,103,2026-08-14,0.153,N,8
LA-2022-0101,Maharashtra,Raigad,20.2104,76.0782,Railway,State Railway Infra Corp,15.3,83,123697000,88.1,0,2022-09-18,Stage 5 of 5,78.5,Medium,155,2026-07-06,0.144,N,7
LA-2024-0102,Andhra Pradesh,Guntur,15.6687,80.2418,Highway,State PWD,21.1,135,118576000,40.5,3,2024-08-15,Stage 3 of 5,30.3,Medium,357,2026-06-08,0.452,Y,1285
LA-2025-0103,Bihar,Muzaffarpur,25.671,85.4741,Highway,State PWD,64.7,84,143650000,88.5,0,2025-09-10,Stage 4 of 5,83.9,Low,172,2026-08-25,0.031,N,21
LA-2024-0104,Odisha,Khordha,21.436,84.7778,Industrial Corridor,State Industrial Dev. Corp,13.8,97,59242000,65.8,0,2024-09-19,Stage 3 of 5,34.2,High,281,2026-08-12,0.18,N,0
LA-2023-0105,Madhya Pradesh,Bhopal,22.7094,79.0869,Highway,State PWD,7.0,34,24666000,81.5,0,2023-03-25,Stage 4 of 5,91.3,Medium,232,2026-08-26,0.04,N,1
LA-2021-0106,Maharashtra,Raigad,19.8321,75.4545,Power Transmission,State Electricity Board,12.8,80,132469000,91.2,0,2021-08-31,Stage 4 of 5,84.9,Low,139,2026-08-05,0.065,N,0
LA-2022-0107,Tamil Nadu,Chennai,10.665,78.1695,Power Transmission,Power Grid Corp,46.8,341,357927000,35.0,0,2022-03-17,Stage 1 of 5,18.6,Medium,178,2026-08-21,0.268,N,44
LA-2025-0108,Odisha,Cuttack,21.1192,85.3102,Highway,NHAI,11.9,78,55449000,73.6,0,2025-04-14,Stage 4 of 5,56.3,Low,217,2026-08-24,0.121,N,0
LA-2023-0109,Uttar Pradesh,Agra,27.4125,80.7438,Railway,State Railway Infra Corp,2.3,16,11100000,61.1,4,2023-06-15,Stage 5 of 5,47.1,Medium,299,2026-08-25,0.376,Y,338
LA-2022-0110,Uttar Pradesh,Noida,27.2267,80.6877,Industrial Corridor,DMIC/NICDC,41.9,169,123317000,78.0,1,2022-01-04,Stage 5 of 5,47.7,Medium,244,2026-08-23,0.27,N,14
LA-2023-0111,Rajasthan,Jodhpur,27.5699,74.6033,Highway,State PWD,10.6,48,34127000,51.7,0,2023-12-02,Stage 2 of 5,54.8,Low,281,2026-06-29,0.389,Y,353
LA-2024-0112,Bihar,Muzaffarpur,25.2714,85.4888,Power Transmission,Power Grid Corp,35.6,141,104930000,69.4,5,2024-02-18,Stage 4 of 5,59.6,Low,133,2026-07-30,0.502,Y,188
LA-2021-0113,Gujarat,Ahmedabad,21.7112,70.74,Irrigation/Water Res.,State Water Resources Dept,51.4,93,431701000,53.1,2,2021-07-27,Stage 3 of 5,55.6,Low,91,2026-08-09,0.232,N,12
LA-2026-0114,Maharashtra,Satara,20.2191,75.1287,Railway,Ministry of Railways,15.3,47,88701000,39.3,0,2026-03-05,Stage 2 of 5,29.1,Low,342,2026-08-15,0.419,Y,327
LA-2022-0115,Karnataka,Bengaluru Rural,15.4442,75.5514,Highway,NHAI,13.6,53,47757000,97.2,0,2022-05-31,Stage 5 of 5,65.0,Medium,44,2026-08-03,0.068,N,2
LA-2020-0116,Andhra Pradesh,Visakhapatnam,15.7627,79.7088,Railway,Ministry of Railways,5.7,26,38276000,64.2,0,2020-12-08,Stage 3 of 5,42.7,Medium,212,2026-08-03,0.337,Y,356
LA-2021-0117,Andhra Pradesh,Vijayawada,15.6241,79.3735,Highway,State PWD,5.3,14,32977000,81.6,0,2021-10-07,Stage 4 of 5,65.8,Low,268,2026-08-26,0.189,N,5
LA-2021-0118,Odisha,Ganjam,20.9054,85.3755,Highway,State PWD,24.8,160,106286000,76.1,0,2021-01-16,Stage 4 of 5,67.5,High,259,2026-08-24,0.082,N,43
LA-2025-0119,Bihar,Gaya,25.6733,85.2932,Power Transmission,State Electricity Board,3.3,33,20822000,89.9,0,2025-01-31,Stage 4 of 5,68.1,High,20,2026-08-15,0.0,N,13
LA-2023-0120,Odisha,Khordha,20.9235,85.6938,Highway,NHAI,6.5,16,23980000,78.9,0,2023-08-13,Stage 4 of 5,63.1,Medium,292,2026-08-25,0.207,N,2
LA-2026-0121,Andhra Pradesh,Kurnool,16.2782,79.4745,Highway,NHAI,10.2,73,97315000,0.0,8,2026-03-18,Stage 1 of 5,4.9,High,136,2026-04-13,0.978,Y,914
LA-2023-0122,Maharashtra,Aurangabad,19.5189,75.7729,Irrigation/Water Res.,State Water Resources Dept,8.8,102,56652000,36.4,0,2023-03-20,Stage 1 of 5,37.5,Low,304,2026-08-20,0.321,Y,226
LA-2025-0123,Uttar Pradesh,Meerut,27.2109,81.4613,Railway,State Railway Infra Corp,12.8,78,63686000,13.4,2,2025-01-13,Stage 1 of 5,17.2,Medium,201,2026-06-02,0.605,Y,436
LA-2020-0124,Bihar,Bhagalpur,24.7777,85.0769,Highway,State PWD,52.5,82,380584000,46.3,3,2020-11-13,Stage 3 of 5,33.1,Low,214,2026-08-23,0.443,Y,378
LA-2023-0125,Uttar Pradesh,Kanpur,27.1358,80.7257,Highway,State PWD,4.9,13,23242000,99.8,0,2023-10-02,Stage 5 of 5,83.2,Medium,295,2026-08-15,0.045,N,27
LA-2021-0126,Maharashtra,Nagpur,19.4566,76.1645,Highway,NHAI,9.1,29,83317000,77.9,0,2021-01-13,Stage 4 of 5,61.7,High,20,2026-08-25,0.113,N,9
LA-2022-0127,Andhra Pradesh,Guntur,15.7567,79.2028,Industrial Corridor,State Industrial Dev. Corp,50.0,146,197890000,84.2,0,2022-02-27,Stage 4 of 5,79.1,Low,264,2026-08-11,0.095,N,2
LA-2026-0128,West Bengal,Kolkata,22.4494,88.0736,Railway,Ministry of Railways,7.9,37,64201000,37.2,4,2026-01-29,Stage 3 of 5,21.7,Medium,270,2026-04-02,0.398,Y,380
LA-2021-0129,Gujarat,Vadodara,22.4718,70.9666,Industrial Corridor,State Industrial Dev. Corp,16.7,72,48341000,75.4,0,2021-06-18,Stage 3 of 5,61.5,Medium,60,2026-08-14,0.241,N,3
LA-2022-0130,Gujarat,Ahmedabad,22.3404,71.388,Irrigation/Water Res.,State Water Resources Dept,7.8,42,72079000,69.1,0,2022-01-18,Stage 3 of 5,54.8,Low,155,2026-08-20,0.216,N,20
LA-2021-0131,Maharashtra,Thane,20.3008,76.2452,Industrial Corridor,State Industrial Dev. Corp,3.7,18,11423000,80.8,0,2021-11-12,Stage 4 of 5,57.3,High,109,2026-08-15,0.192,N,2
LA-2021-0132,Odisha,Khordha,21.4886,84.9033,Industrial Corridor,State Industrial Dev. Corp,17.4,39,130946000,79.5,0,2021-09-29,Stage 4 of 5,51.5,Medium,216,2026-08-08,0.103,N,4
LA-2021-0133,Bihar,Gaya,25.152,85.2325,Highway,NHAI,20.1,67,61342000,85.1,0,2021-05-02,Stage 5 of 5,88.5,Low,95,2026-07-15,0.077,N,7
LA-2024-0134,Gujarat,Bharuch,21.9216,71.1432,Power Transmission,Power Grid Corp,127.8,312,314132000,90.4,0,2024-01-03,Stage 5 of 5,77.1,High,219,2026-08-13,0.005,N,9
LA-2021-0135,Uttar Pradesh,Kanpur,27.0154,81.1461,Highway,NHAI,25.5,252,66448000,65.8,0,2021-10-03,Stage 3 of 5,51.1,Medium,266,2026-08-25,0.129,N,4
LA-2021-0136,Madhya Pradesh,Gwalior,22.3739,79.1386,Highway,NHAI,32.6,828,309601000,83.3,0,2021-09-21,Stage 5 of 5,52.1,High,276,2026-08-15,0.171,N,6
LA-2025-0137,Uttar Pradesh,Agra,26.4766,81.4481,Highway,NHAI,4.0,8,8301000,67.3,2,2025-04-09,Stage 4 of 5,62.1,Medium,399,2026-08-03,0.363,Y,388
LA-2021-0138,Madhya Pradesh,Bhopal,23.3884,78.538,Industrial Corridor,State Industrial Dev. Corp,4.6,24,23777000,41.1,1,2021-11-07,Stage 2 of 5,42.0,Medium,223,2026-07-16,0.357,Y,731
LA-2021-0139,Maharashtra,Aurangabad,20.2026,75.7608,Highway,State PWD,6.3,20,47622000,12.3,3,2021-04-19,Stage 1 of 5,4.7,Low,146,2026-07-29,0.675,Y,251
LA-2020-0140,Andhra Pradesh,Guntur,16.191,79.9088,Railway,Ministry of Railways,28.0,263,260033000,58.7,0,2020-10-12,Stage 2 of 5,32.7,Medium,206,2026-08-27,0.183,N,18
LA-2023-0141,Odisha,Sundargarh,21.0522,85.6412,Highway,NHAI,29.5,29,211820000,69.4,0,2023-02-06,Stage 4 of 5,57.1,Low,156,2026-08-23,0.24,N,0
LA-2021-0142,Maharashtra,Nashik,19.4076,75.9121,Highway,State PWD,21.8,60,119763000,33.3,4,2021-02-09,Stage 3 of 5,42.7,Low,49,2026-03-28,0.529,Y,156
LA-2022-0143,Maharashtra,Nagpur,19.7573,75.976,Power Transmission,State Electricity Board,27.6,149,144274000,90.8,0,2022-02-13,Stage 5 of 5,62.3,High,312,2026-07-22,0.01,N,5
LA-2025-0144,Rajasthan,Alwar,27.6021,74.3715,Highway,State PWD,16.5,48,80653000,57.6,3,2025-11-11,Stage 4 of 5,42.1,High,166,2026-08-13,0.359,Y,41
LA-2024-0145,Maharashtra,Satara,19.6002,76.2472,Irrigation/Water Res.,State Water Resources Dept,45.0,433,349535000,50.2,8,2024-02-21,Stage 5 of 5,42.3,Low,247,2026-07-30,0.866,Y,157
LA-2022-0146,Gujarat,Ahmedabad,21.7476,71.319,Railway,State Railway Infra Corp,20.4,131,154893000,0.0,8,2022-03-12,Stage 1 of 5,0.0,Medium,147,2026-07-30,1.119,Y,916
LA-2023-0147,West Bengal,Kolkata,22.6879,88.0662,Industrial Corridor,State Industrial Dev. Corp,4.0,32,35445000,36.6,0,2023-04-05,Stage 2 of 5,36.2,High,53,2026-04-30,0.377,Y,86
LA-2021-0148,Gujarat,Bharuch,22.7863,70.857,Industrial Corridor,State Industrial Dev. Corp,10.5,103,93808000,44.6,4,2021-03-30,Stage 3 of 5,36.6,Low,241,2026-05-16,0.684,Y,316
LA-2026-0149,Tamil Nadu,Tiruchirappalli,11.2923,78.3473,Industrial Corridor,DMIC/NICDC,22.7,130,97698000,23.2,0,2026-01-11,Stage 1 of 5,1.0,Low,339,2026-08-11,0.508,Y,134
LA-2024-0150,Gujarat,Surat,21.9987,71.5365,Railway,State Railway Infra Corp,5.9,28,49346000,72.7,0,2024-10-27,Stage 4 of 5,48.0,High,265,2026-08-14,0.221,N,9
LA-2023-0151,Uttar Pradesh,Lucknow,27.0933,80.8593,Railway,Ministry of Railways,26.7,117,227167000,60.6,2,2023-01-11,Stage 4 of 5,27.2,Low,142,2026-07-27,0.327,Y,330
LA-2025-0152,Odisha,Sundargarh,21.4827,85.3946,Industrial Corridor,DMIC/NICDC,14.3,49,40795000,73.1,0,2025-06-11,Stage 3 of 5,48.7,High,67,2026-07-15,0.1,N,36
LA-2022-0153,Andhra Pradesh,Vijayawada,15.7382,79.7468,Urban Infra/Metro,Urban Dev. Authority,40.6,313,231874000,77.9,0,2022-04-03,Stage 5 of 5,42.6,Low,93,2026-08-13,0.16,N,7
LA-2022-0154,Andhra Pradesh,Anantapur,15.9002,79.6555,Industrial Corridor,DMIC/NICDC,3.2,17,16384000,10.0,5,2022-04-19,Stage 1 of 5,1.4,Low,73,2026-07-26,0.765,Y,34
LA-2026-0155,Maharashtra,Thane,19.6207,75.3949,Highway,NHAI,18.2,97,106236000,50.1,4,2026-02-17,Stage 4 of 5,31.9,Medium,169,2026-05-01,0.525,Y,319
LA-2021-0156,Bihar,Darbhanga,25.6726,85.3278,Highway,State PWD,21.6,139,232813000,75.9,2,2021-11-02,Stage 4 of 5,84.8,Medium,314,2026-08-04,0.26,N,27
LA-2021-0157,Rajasthan,Jaipur,27.0059,74.0183,Industrial Corridor,State Industrial Dev. Corp,80.1,89,671698000,61.4,0,2021-06-20,Stage 3 of 5,38.8,Medium,172,2026-08-24,0.224,N,60
LA-2023-0158,Gujarat,Vadodara,22.8458,70.8703,Urban Infra/Metro,State Metro Rail Corp,47.6,170,379766000,58.4,0,2023-08-05,Stage 3 of 5,58.6,Medium,280,2026-08-07,0.18,N,0
LA-2021-0159,Odisha,Khordha,21.0098,84.5783,Industrial Corridor,State Industrial Dev. Corp,109.9,1019,1086980000,16.3,3,2021-06-12,Stage 1 of 5,29.6,Medium,88,2026-07-22,0.491,Y,109
LA-2024-0160,Bihar,Bhagalpur,25.4253,85.7362,Irrigation/Water Res.,State Water Resources Dept,8.1,66,69698000,63.8,1,2024-06-27,Stage 3 of 5,52.7,Medium,115,2026-08-18,0.42,Y,255
LA-2023-0161,Karnataka,Mysuru,15.0342,76.2408,Irrigation/Water Res.,State Water Resources Dept,41.6,56,288402000,63.8,4,2023-10-30,Stage 5 of 5,52.7,High,267,2026-08-25,0.549,Y,767
LA-2021-0162,Uttar Pradesh,Noida,26.8035,80.663,Railway,State Railway Infra Corp,39.7,194,218382000,59.2,0,2021-12-31,Stage 3 of 5,56.8,Medium,297,2026-05-31,0.257,N,29
LA-2022-0163,Uttar Pradesh,Agra,26.2951,80.8396,Highway,State PWD,15.9,57,102416000,58.9,1,2022-07-25,Stage 3 of 5,54.9,Medium,219,2026-07-21,0.164,N,0
LA-2023-0164,Bihar,Bhagalpur,24.9789,85.1818,Highway,NHAI,55.2,360,238627000,77.3,0,2023-04-13,Stage 4 of 5,71.4,Medium,278,2026-08-25,0.192,N,13
LA-2021-0165,Bihar,Patna,25.3058,85.5261,Railway,State Railway Infra Corp,96.2,358,677659000,68.3,0,2021-01-14,Stage 4 of 5,54.2,Low,72,2026-07-08,0.386,Y,92
LA-2023-0166,Madhya Pradesh,Jabalpur,23.1402,79.2011,Power Transmission,Power Grid Corp,5.3,48,26537000,59.4,1,2023-10-26,Stage 3 of 5,42.4,Medium,169,2026-07-30,0.169,N,29
LA-2021-0167,Uttar Pradesh,Lucknow,27.1316,80.69,Industrial Corridor,DMIC/NICDC,28.8,132,190399000,41.6,2,2021-05-20,Stage 2 of 5,51.7,High,107,2026-08-06,0.41,Y,23
LA-2024-0168,Uttar Pradesh,Meerut,26.8166,80.4125,Urban Infra/Metro,State Metro Rail Corp,14.9,33,137401000,58.1,0,2024-08-05,Stage 3 of 5,59.9,Low,163,2026-08-22,0.175,N,4
LA-2021-0169,Karnataka,Belagavi,14.7924,75.3665,Industrial Corridor,State Industrial Dev. Corp,11.3,23,32951000,86.4,0,2021-08-12,Stage 5 of 5,77.1,Medium,104,2026-08-25,0.17,N,5
LA-2023-0170,Uttar Pradesh,Kanpur,27.2972,80.8763,Urban Infra/Metro,Urban Dev. Authority,66.1,132,300261000,82.9,0,2023-03-10,Stage 4 of 5,74.1,Medium,348,2026-07-27,0.122,N,60
LA-2023-0171,Andhra Pradesh,Anantapur,15.5471,79.7273,Industrial Corridor,DMIC/NICDC,2.0,6,10569000,50.5,0,2023-05-16,Stage 2 of 5,16.6,High,369,2026-07-29,0.263,N,10
LA-2021-0172,Bihar,Darbhanga,25.6604,85.8319,Industrial Corridor,State Industrial Dev. Corp,9.0,28,34634000,50.0,0,2021-08-21,Stage 2 of 5,40.6,High,95,2026-08-08,0.24,N,7
LA-2024-0173,Andhra Pradesh,Visakhapatnam,15.4173,79.8081,Power Transmission,Power Grid Corp,10.2,58,41765000,68.4,0,2024-02-15,Stage 3 of 5,71.8,Medium,183,2026-08-26,0.081,N,3
LA-2025-0174,Gujarat,Surat,21.8981,70.9451,Highway,NHAI,30.9,134,196729000,82.5,2,2025-10-15,Stage 4 of 5,56.1,High,126,2026-08-20,0.363,Y,132
LA-2025-0175,Andhra Pradesh,Guntur,15.9256,79.8782,Power Transmission,Power Grid Corp,23.2,128,74839000,100.0,0,2025-05-14,Stage 5 of 5,91.5,Low,272,2026-07-26,0.0,N,22
LA-2025-0176,Uttar Pradesh,Varanasi,27.3535,81.1809,Irrigation/Water Res.,State Water Resources Dept,2.6,36,27601000,100.0,0,2025-01-10,Stage 5 of 5,86.0,High,355,2026-07-12,0.019,N,0
LA-2021-0177,Tamil Nadu,Chennai,11.6469,78.3755,Irrigation/Water Res.,State Water Resources Dept,5.6,11,52201000,72.2,0,2021-10-26,Stage 3 of 5,55.7,Medium,20,2026-08-07,0.036,N,8
LA-2023-0178,Uttar Pradesh,Ghaziabad,26.4174,80.722,Power Transmission,Power Grid Corp,27.7,134,157001000,19.2,2,2023-09-03,Stage 1 of 5,17.2,Low,20,2026-03-16,0.649,Y,28
LA-2023-0179,Gujarat,Vadodara,22.7439,71.5733,Industrial Corridor,State Industrial Dev. Corp,29.1,43,147186000,74.0,0,2023-11-11,Stage 4 of 5,59.7,Medium,183,2026-07-30,0.153,N,13
LA-2023-0180,Rajasthan,Jodhpur,26.6318,74.2009,Highway,NHAI,21.9,93,180330000,44.8,0,2023-07-19,Stage 2 of 5,45.2,Medium,228,2026-08-17,0.249,N,25
LA-2022-0181,Tamil Nadu,Madurai,11.6052,78.5363,Railway,State Railway Infra Corp,14.7,62,81612000,54.6,5,2022-09-29,Stage 4 of 5,56.3,Medium,154,2026-05-22,0.604,Y,352
LA-2023-0182,Uttar Pradesh,Agra,26.755,81.2985,Highway,NHAI,23.1,51,60212000,51.1,3,2023-10-06,Stage 3 of 5,48.3,Medium,48,2026-08-13,0.456,Y,105
LA-2022-0183,Andhra Pradesh,Vijayawada,16.2798,79.5338,Highway,NHAI,15.5,31,126163000,53.0,0,2022-09-22,Stage 2 of 5,52.0,Low,145,2026-08-19,0.231,N,8
LA-2024-0184,Madhya Pradesh,Indore,22.7476,78.3566,Irrigation/Water Res.,State Water Resources Dept,4.1,36,38149000,48.4,0,2024-09-06,Stage 2 of 5,46.0,Low,249,2026-08-06,0.125,N,7
LA-2023-0185,Odisha,Khordha,21.0859,84.9466,Highway,NHAI,12.7,28,91751000,31.5,2,2023-10-25,Stage 2 of 5,21.4,Medium,144,2026-08-23,0.463,Y,106
LA-2021-0186,Bihar,Bhagalpur,24.9516,85.093,Highway,State PWD,6.0,22,48972000,66.2,4,2021-09-21,Stage 5 of 5,68.3,Medium,227,2026-06-06,0.481,Y,313
LA-2022-0187,Bihar,Gaya,25.113,85.0833,Irrigation/Water Res.,State Water Resources Dept,13.4,50,40416000,59.2,1,2022-04-28,Stage 3 of 5,53.3,Medium,179,2026-08-19,0.231,N,14
LA-2023-0188,Odisha,Cuttack,21.5488,84.7279,Railway,Ministry of Railways,3.3,12,10970000,53.7,0,2023-03-24,Stage 3 of 5,42.8,Low,346,2026-08-27,0.211,N,34
LA-2024-0189,Andhra Pradesh,Kurnool,15.4332,79.1599,Irrigation/Water Res.,State Water Resources Dept,5.9,32,21115000,55.7,1,2024-05-06,Stage 3 of 5,47.1,High,129,2026-07-22,0.397,Y,343
LA-2025-0190,Maharashtra,Satara,19.2258,75.7563,Irrigation/Water Res.,State Water Resources Dept,6.4,19,21365000,98.1,0,2025-10-20,Stage 5 of 5,76.3,High,133,2026-08-27,0.0,N,30
LA-2024-0191,Uttar Pradesh,Noida,27.1497,80.4078,Railway,Ministry of Railways,9.5,9,53344000,11.6,5,2024-07-02,Stage 2 of 5,26.7,Medium,252,2026-02-01,0.637,Y,392
LA-2023-0192,Tamil Nadu,Salem,10.9321,79.0203,Highway,State PWD,5.3,12,15901000,86.8,0,2023-02-04,Stage 4 of 5,79.0,Medium,234,2026-08-15,0.019,N,6
LA-2022-0193,Uttar Pradesh,Ghaziabad,26.3442,81.5373,Highway,NHAI,28.4,227,269490000,79.3,2,2022-11-30,Stage 4 of 5,78.5,Medium,202,2026-08-27,0.244,N,8
LA-2022-0194,Maharashtra,Nagpur,19.271,75.8377,Irrigation/Water Res.,State Water Resources Dept,13.8,14,45022000,45.4,5,2022-11-25,Stage 4 of 5,47.5,Medium,379,2026-07-25,0.753,Y,1333
LA-2021-0195,Odisha,Cuttack,20.6232,85.3293,Highway,State PWD,81.7,748,263471000,52.6,0,2021-11-25,Stage 2 of 5,48.3,Medium,75,2026-08-02,0.327,Y,146
LA-2022-0196,Odisha,Sundargarh,21.1591,85.3676,Railway,State Railway Infra Corp,47.0,254,425119000,65.7,0,2022-06-30,Stage 4 of 5,66.4,High,92,2026-08-24,0.145,N,18
LA-2025-0197,Gujarat,Ahmedabad,22.4961,71.6727,Industrial Corridor,DMIC/NICDC,47.7,388,216311000,24.6,0,2025-11-09,Stage 1 of 5,17.1,Medium,178,2026-05-19,0.329,Y,230
LA-2021-0198,Tamil Nadu,Madurai,10.873,78.4154,Power Transmission,State Electricity Board,2.0,7,17807000,80.4,0,2021-06-01,Stage 4 of 5,69.4,Medium,109,2026-08-27,0.0,N,4
LA-2025-0199,Andhra Pradesh,Anantapur,15.4289,79.3523,Urban Infra/Metro,Urban Dev. Authority,63.6,599,734900000,43.1,0,2025-08-21,Stage 3 of 5,35.4,High,20,2026-07-01,0.404,Y,52
LA-2025-0200,Tamil Nadu,Chennai,10.6706,78.7441,Highway,NHAI,12.3,54,99634000,77.6,0,2025-12-01,Stage 4 of 5,63.0,High,166,2026-08-18,0.106,N,13
LA-2025-0201,Maharashtra,Nashik,19.2199,75.2405,Irrigation/Water Res.,State Water Resources Dept,6.8,10,53148000,49.1,0,2025-01-08,Stage 2 of 5,58.6,Low,319,2026-07-27,0.27,N,2
LA-2024-0202,Maharashtra,Thane,20.2408,76.3098,Industrial Corridor,DMIC/NICDC,23.8,53,147199000,40.3,0,2024-03-24,Stage 1 of 5,24.0,Medium,334,2026-08-09,0.399,Y,307
LA-2025-0203,Madhya Pradesh,Bhopal,22.6745,78.2014,Irrigation/Water Res.,State Water Resources Dept,15.2,76,80616000,33.5,0,2025-04-23,Stage 1 of 5,28.1,Low,322,2026-08-05,0.473,Y,37
LA-2021-0204,Karnataka,Hubballi-Dharwad,14.8797,75.3511,Highway,State PWD,7.1,34,63313000,31.3,3,2021-05-07,Stage 3 of 5,48.3,High,258,2026-07-27,0.31,Y,660
LA-2021-0205,Maharashtra,Raigad,19.8305,76.2035,Railway,State Railway Infra Corp,8.2,25,45883000,39.5,2,2021-12-24,Stage 3 of 5,33.7,Medium,62,2026-03-01,0.346,Y,134
LA-2021-0206,Andhra Pradesh,Kurnool,15.7859,79.864,Industrial Corridor,State Industrial Dev. Corp,6.6,15,56377000,17.6,12,2021-12-22,Stage 5 of 5,10.9,Medium,72,2026-07-05,1.322,Y,241
LA-2022-0207,Uttar Pradesh,Varanasi,26.7778,80.4042,Power Transmission,Power Grid Corp,9.7,50,86055000,100.0,0,2022-12-08,Stage 5 of 5,82.0,Low,212,2026-08-23,0.032,N,8
LA-2020-0208,Bihar,Bhagalpur,24.5213,85.6966,Power Transmission,Power Grid Corp,18.3,42,110886000,64.3,1,2020-09-28,Stage 3 of 5,49.9,Low,79,2026-08-24,0.271,N,9
LA-2022-0209,Rajasthan,Alwar,26.5982,74.2247,Highway,NHAI,2.0,13,19646000,41.1,0,2022-06-17,Stage 2 of 5,41.0,High,227,2026-08-15,0.022,N,6
LA-2025-0210,Bihar,Darbhanga,25.038,85.8374,Urban Infra/Metro,State Metro Rail Corp,55.5,328,190995000,85.0,0,2025-10-21,Stage 4 of 5,68.9,Medium,104,2026-08-22,0.213,N,7
LA-2021-0211,Bihar,Bhagalpur,24.5249,85.1155,Highway,State PWD,57.3,575,353274000,36.3,0,2021-11-25,Stage 1 of 5,34.9,Low,69,2026-07-19,0.388,Y,57
LA-2022-0212,Tamil Nadu,Chennai,11.5396,78.4468,Industrial Corridor,DMIC/NICDC,131.1,422,842981000,76.7,0,2022-09-08,Stage 3 of 5,47.7,High,221,2026-08-14,0.181,N,0
LA-2021-0213,Maharashtra,Thane,19.6505,75.7722,Railway,State Railway Infra Corp,18.9,74,140287000,17.2,0,2021-11-25,Stage 1 of 5,33.4,Low,25,2026-08-09,0.269,N,5
LA-2023-0214,Karnataka,Bengaluru Rural,15.4241,76.2403,Railway,State Railway Infra Corp,32.1,42,131019000,75.6,1,2023-03-08,Stage 4 of 5,78.8,Low,211,2026-07-31,0.354,Y,480
LA-2024-0215,Maharashtra,Thane,19.4651,75.6168,Irrigation/Water Res.,State Water Resources Dept,34.6,23,184945000,32.0,0,2024-09-27,Stage 1 of 5,20.4,Low,218,2026-08-25,0.297,N,2
LA-2022-0216,Tamil Nadu,Salem,10.8577,78.6503,Highway,State PWD,56.9,41,441956000,100.0,0,2022-12-11,Stage 5 of 5,79.3,Low,114,2026-08-17,0.0,N,12
LA-2022-0217,Bihar,Muzaffarpur,25.2346,84.811,Highway,State PWD,6.3,29,29218000,38.7,5,2022-07-17,Stage 4 of 5,21.7,Low,102,2026-04-24,0.697,Y,25
LA-2024-0218,Odisha,Cuttack,21.4148,85.4778,Highway,NHAI,7.8,51,59044000,100.0,1,2024-02-13,Stage 5 of 5,85.0,Low,276,2026-08-23,0.18,N,5
LA-2024-0219,Uttar Pradesh,Varanasi,27.4186,81.1209,Urban Infra/Metro,Urban Dev. Authority,40.6,86,305023000,0.0,8,2024-03-10,Stage 1 of 5,0.0,Medium,108,2026-06-29,0.958,Y,151
LA-2022-0220,Maharashtra,Raigad,19.7796,76.2197,Industrial Corridor,State Industrial Dev. Corp,6.6,39,53352000,99.3,0,2022-02-07,Stage 5 of 5,79.4,Medium,188,2026-08-05,0.031,N,5
LA-2020-0221,Rajasthan,Udaipur,26.7868,74.6483,Power Transmission,State Electricity Board,10.9,29,102444000,34.4,0,2020-11-17,Stage 1 of 5,21.7,Medium,109,2026-08-13,0.281,N,1
LA-2024-0222,Uttar Pradesh,Agra,27.379,81.3917,Highway,NHAI,14.6,89,98452000,83.7,0,2024-03-31,Stage 4 of 5,79.1,High,170,2026-08-06,0.068,N,3
LA-2021-0223,Karnataka,Belagavi,15.4806,75.5961,Irrigation/Water Res.,State Water Resources Dept,15.8,53,160104000,31.5,0,2021-07-18,Stage 2 of 5,39.0,Medium,247,2026-08-07,0.358,Y,547
LA-2023-0224,Rajasthan,Jodhpur,26.4804,74.7716,Irrigation/Water Res.,State Water Resources Dept,4.7,35,46889000,96.5,0,2023-07-11,Stage 5 of 5,65.3,Low,167,2026-08-24,0.039,N,0
LA-2023-0225,Bihar,Darbhanga,24.5719,85.1892,Railway,State Railway Infra Corp,43.3,146,249516000,39.0,0,2023-05-03,Stage 2 of 5,51.5,Medium,303,2026-08-26,0.199,N,10
LA-2025-0226,Tamil Nadu,Salem,11.722,78.5792,Urban Infra/Metro,Urban Dev. Authority,10.9,40,57214000,85.6,0,2025-07-05,Stage 4 of 5,67.2,High,245,2026-08-24,0.128,N,19
LA-2025-0227,Karnataka,Hubballi-Dharwad,15.0865,75.4045,Highway,NHAI,35.8,266,354752000,40.1,1,2025-04-27,Stage 2 of 5,29.6,High,105,2026-08-21,0.174,N,16
LA-2024-0228,Rajasthan,Alwar,27.463,73.6298,Industrial Corridor,State Industrial Dev. Corp,21.1,81,214262000,87.2,0,2024-12-05,Stage 4 of 5,71.3,Low,282,2026-07-17,0.119,N,5
LA-2021-0229,Maharashtra,Raigad,19.1734,76.1989,Highway,NHAI,18.2,29,89178000,32.9,5,2021-02-15,Stage 3 of 5,37.1,Medium,191,2026-02-26,0.597,Y,136
LA-2020-0230,Maharashtra,Nashik,19.9134,75.2625,Highway,State PWD,5.7,28,54270000,57.4,0,2020-11-03,Stage 2 of 5,34.0,Low,197,2026-08-07,0.23,N,0
LA-2024-0231,West Bengal,Kolkata,23.1139,87.8595,Power Transmission,Power Grid Corp,51.1,704,315954000,68.9,0,2024-05-22,Stage 4 of 5,48.6,Medium,235,2026-08-25,0.161,N,8
LA-2024-0232,Uttar Pradesh,Kanpur,27.3935,81.4906,Railway,State Railway Infra Corp,8.4,51,67464000,77.9,0,2024-07-28,Stage 4 of 5,81.9,Medium,202,2026-08-12,0.056,N,11
LA-2024-0233,Rajasthan,Jodhpur,27.2597,74.7268,Power Transmission,Power Grid Corp,108.9,1320,1127679000,100.0,0,2024-05-03,Stage 5 of 5,82.2,Low,149,2026-08-12,0.161,N,13
LA-2022-0234,Andhra Pradesh,Vijayawada,16.3017,79.3849,Railway,Ministry of Railways,4.8,16,42259000,54.9,2,2022-10-15,Stage 3 of 5,51.2,Medium,268,2026-08-25,0.247,N,11
LA-2022-0235,Rajasthan,Jaipur,26.9005,73.9126,Industrial Corridor,State Industrial Dev. Corp,20.1,42,131026000,60.5,0,2022-06-21,Stage 3 of 5,66.9,Low,397,2026-08-22,0.095,N,21
LA-2025-0236,West Bengal,Nadia,23.2723,87.9719,Power Transmission,Power Grid Corp,4.4,8,38751000,45.4,0,2025-10-16,Stage 2 of 5,34.3,High,239,2026-08-26,0.078,N,8
LA-2023-0237,Karnataka,Hubballi-Dharwad,15.6729,76.1134,Urban Infra/Metro,Urban Dev. Authority,25.4,135,157009000,61.5,2,2023-12-03,Stage 3 of 5,46.7,Medium,319,2026-06-28,0.452,Y,130
LA-2025-0238,Gujarat,Bharuch,21.9036,70.9427,Industrial Corridor,State Industrial Dev. Corp,4.3,19,36868000,95.3,0,2025-02-19,Stage 5 of 5,86.5,Medium,268,2026-08-21,0.152,N,10
LA-2022-0239,Maharashtra,Raigad,19.178,75.5435,Railway,State Railway Infra Corp,6.6,23,61097000,79.5,0,2022-11-28,Stage 4 of 5,71.4,Medium,147,2026-08-26,0.146,N,34
LA-2023-0240,Andhra Pradesh,Kurnool,16.2918,79.8568,Railway,State Railway Infra Corp,46.9,165,397112000,69.3,0,2023-12-10,Stage 3 of 5,53.5,Medium,164,2026-08-24,0.208,N,2
LA-2021-0241,Gujarat,Surat,22.5563,71.5962,Industrial Corridor,State Industrial Dev. Corp,18.6,86,91441000,52.1,1,2021-03-03,Stage 3 of 5,47.9,Medium,383,2026-07-17,0.391,Y,197
LA-2023-0242,West Bengal,Kolkata,23.26,88.3621,Industrial Corridor,State Industrial Dev. Corp,22.5,29,147087000,60.0,1,2023-11-23,Stage 3 of 5,59.2,Low,252,2026-07-30,0.22,N,10
LA-2021-0243,Karnataka,Hubballi-Dharwad,15.6834,75.2781,Highway,NHAI,54.5,169,437276000,69.9,0,2021-07-09,Stage 3 of 5,75.8,Medium,191,2026-07-30,0.318,Y,344
LA-2021-0244,Bihar,Gaya,24.586,84.8405,Power Transmission,State Electricity Board,8.6,23,65212000,51.5,0,2021-03-11,Stage 3 of 5,25.0,Medium,252,2026-06-03,0.375,Y,306
LA-2022-0245,Andhra Pradesh,Visakhapatnam,16.0974,79.5602,Irrigation/Water Res.,State Water Resources Dept,7.7,27,78646000,98.3,0,2022-10-09,Stage 5 of 5,72.9,Medium,296,2026-08-26,0.019,N,21
LA-2025-0246,Andhra Pradesh,Visakhapatnam,16.4225,79.2075,Railway,State Railway Infra Corp,2.0,13,9385000,45.1,4,2025-12-17,Stage 3 of 5,40.8,Medium,237,2026-06-29,0.575,Y,738
LA-2022-0247,Rajasthan,Jodhpur,26.8388,73.6602,Industrial Corridor,DMIC/NICDC,10.8,58,50063000,53.1,0,2022-12-02,Stage 2 of 5,56.4,Medium,231,2026-08-27,0.148,N,9
LA-2025-0248,Tamil Nadu,Tiruchirappalli,10.5755,78.4483,Railway,State Railway Infra Corp,11.6,38,92959000,76.9,1,2025-03-31,Stage 5 of 5,56.4,Low,20,2026-08-18,0.253,N,15
LA-2026-0249,Maharashtra,Satara,20.3239,75.3382,Railway,State Railway Infra Corp,56.3,203,324021000,84.2,0,2026-01-03,Stage 4 of 5,79.7,Low,51,2026-06-28,0.062,N,5
LA-2023-0250,Tamil Nadu,Tiruchirappalli,11.3883,79.2288,Railway,State Railway Infra Corp,12.6,118,81320000,58.1,2,2023-03-11,Stage 4 of 5,49.1,Low,229,2026-07-10,0.356,Y,169
LA-2025-0251,Maharashtra,Satara,20.2962,76.1526,Irrigation/Water Res.,State Water Resources Dept,6.9,58,40944000,26.2,0,2025-08-10,Stage 1 of 5,19.4,Medium,217,2026-05-16,0.368,Y,403
LA-2023-0252,Karnataka,Mysuru,15.4158,76.0713,Power Transmission,State Electricity Board,4.2,5,38297000,87.4,0,2023-11-22,Stage 5 of 5,72.5,Low,212,2026-08-27,0.116,N,3
LA-2025-0253,Maharashtra,Aurangabad,20.1387,75.4876,Railway,State Railway Infra Corp,50.4,191,337260000,50.7,0,2025-01-16,Stage 3 of 5,41.5,Low,254,2026-06-25,0.251,N,6
LA-2025-0254,Bihar,Gaya,24.7111,85.7825,Railway,State Railway Infra Corp,6.9,54,18141000,18.4,2,2025-12-30,Stage 1 of 5,22.9,Low,109,2026-03-03,0.521,Y,425
LA-2024-0255,Uttar Pradesh,Meerut,26.8583,81.4368,Industrial Corridor,DMIC/NICDC,97.1,582,890668000,46.8,0,2024-11-04,Stage 2 of 5,42.3,Low,98,2026-08-27,0.217,N,60
LA-2020-0256,Gujarat,Surat,21.7578,70.7778,Railway,State Railway Infra Corp,4.0,7,9946000,79.6,0,2020-10-28,Stage 4 of 5,59.6,High,62,2026-08-20,0.181,N,17
LA-2024-0257,Tamil Nadu,Salem,11.6579,79.0027,Highway,NHAI,19.1,240,145619000,65.8,0,2024-02-09,Stage 3 of 5,44.2,High,157,2026-08-23,0.174,N,13
LA-2022-0258,Gujarat,Vadodara,22.4927,71.2106,Urban Infra/Metro,State Metro Rail Corp,47.5,41,140807000,41.8,0,2022-07-07,Stage 1 of 5,34.9,Medium,155,2026-08-27,0.221,N,18
LA-2024-0259,Odisha,Sundargarh,20.6349,84.6708,Highway,State PWD,44.2,173,146680000,72.3,2,2024-05-06,Stage 5 of 5,63.6,Medium,254,2026-08-10,0.248,N,13
LA-2024-0260,Maharashtra,Nashik,19.871,75.7743,Railway,Ministry of Railways,9.5,69,87817000,65.0,3,2024-03-24,Stage 4 of 5,39.5,Medium,80,2026-08-23,0.264,N,3
LA-2024-0261,West Bengal,Howrah,22.8801,87.7887,Irrigation/Water Res.,State Water Resources Dept,15.0,125,70348000,70.8,0,2024-04-03,Stage 3 of 5,53.0,Medium,45,2026-07-20,0.186,N,5
LA-2023-0262,Karnataka,Mysuru,14.8601,75.1966,Railway,State Railway Infra Corp,51.5,107,145508000,40.5,0,2023-03-23,Stage 2 of 5,24.7,Medium,218,2026-06-21,0.324,Y,284
LA-2021-0263,Uttar Pradesh,Kanpur,26.3283,80.7265,Highway,NHAI,65.3,250,563698000,24.1,3,2021-04-17,Stage 2 of 5,15.2,High,97,2026-05-13,0.519,Y,200
LA-2021-0264,Rajasthan,Jodhpur,26.4869,73.7432,Irrigation/Water Res.,State Water Resources Dept,21.5,9,104220000,77.4,0,2021-11-12,Stage 3 of 5,75.2,Medium,197,2026-08-24,0.185,N,0
LA-2025-0265,Gujarat,Rajkot,22.031,70.8105,Railway,State Railway Infra Corp,127.8,167,382633000,40.2,0,2025-02-04,Stage 2 of 5,19.3,High,249,2026-08-21,0.221,N,0
LA-2022-0266,Odisha,Sundargarh,20.6704,85.4666,Highway,State PWD,101.6,376,440747000,81.9,1,2022-08-10,Stage 4 of 5,45.9,Low,400,2026-07-18,0.302,Y,699
LA-2020-0267,Maharashtra,Aurangabad,19.2864,75.1731,Highway,NHAI,11.4,29,105935000,68.7,0,2020-11-22,Stage 3 of 5,59.6,High,182,2026-08-06,0.038,N,9
LA-2023-0268,Tamil Nadu,Coimbatore,11.3122,79.2547,Highway,State PWD,10.8,15,19866000,81.8,0,2023-01-24,Stage 4 of 5,60.8,High,177,2026-08-24,0.17,N,0
LA-2024-0269,Rajasthan,Alwar,27.2656,74.1691,Highway,NHAI,6.3,11,16881000,100.0,0,2024-05-04,Stage 5 of 5,90.7,Medium,245,2026-08-12,0.0,N,6
LA-2025-0270,Maharashtra,Satara,19.1658,75.2815,Industrial Corridor,DMIC/NICDC,14.4,116,107244000,94.9,0,2025-03-31,Stage 5 of 5,83.7,Low,43,2026-08-02,0.118,N,0
LA-2022-0271,Bihar,Muzaffarpur,24.907,85.3689,Highway,NHAI,30.3,162,113380000,100.0,1,2022-06-20,Stage 5 of 5,75.1,Low,219,2026-08-04,0.13,N,4
LA-2021-0272,Karnataka,Belagavi,15.5416,76.1856,Industrial Corridor,DMIC/NICDC,25.6,190,238500000,64.2,1,2021-10-02,Stage 4 of 5,57.8,Medium,265,2026-08-27,0.306,Y,699
LA-2026-0273,Karnataka,Hubballi-Dharwad,15.7383,75.4573,Irrigation/Water Res.,State Water Resources Dept,19.7,72,126011000,60.8,3,2026-02-10,Stage 4 of 5,45.4,Low,107,2026-07-21,0.419,Y,80
LA-2025-0274,Andhra Pradesh,Anantapur,16.3121,79.7321,Power Transmission,Power Grid Corp,35.1,118,302742000,89.0,0,2025-09-10,Stage 4 of 5,82.2,Medium,191,2026-08-27,0.0,N,5
LA-2025-0275,Maharashtra,Aurangabad,19.2771,75.6214,Industrial Corridor,State Industrial Dev. Corp,9.7,17,33099000,45.3,1,2025-09-17,Stage 2 of 5,31.4,Low,135,2026-08-23,0.322,Y,58
LA-2021-0276,Bihar,Bhagalpur,24.9062,84.9332,Highway,State PWD,94.6,267,333169000,45.2,0,2021-12-31,Stage 2 of 5,46.1,Medium,29,2026-08-09,0.082,N,5
LA-2020-0277,Madhya Pradesh,Gwalior,23.5023,78.2666,Power Transmission,Power Grid Corp,7.4,54,46152000,55.2,0,2020-12-24,Stage 2 of 5,40.4,Medium,147,2026-07-27,0.055,N,1
LA-2022-0278,Madhya Pradesh,Gwalior,23.5492,79.0992,Highway,State PWD,18.0,46,55640000,40.6,3,2022-07-09,Stage 2 of 5,34.7,Low,137,2026-08-07,0.413,Y,165
LA-2024-0279,Maharashtra,Raigad,19.5622,76.2916,Irrigation/Water Res.,State Water Resources Dept,10.5,35,42152000,73.5,0,2024-01-02,Stage 4 of 5,70.1,Medium,131,2026-06-30,0.175,N,14
LA-2022-0280,Andhra Pradesh,Vijayawada,16.2163,79.74,Highway,State PWD,3.6,26,31843000,77.3,0,2022-11-14,Stage 4 of 5,75.1,Medium,82,2026-08-23,0.252,N,2
LA-2022-0281,Maharashtra,Nagpur,20.1997,75.3977,Highway,NHAI,7.5,64,45218000,81.6,0,2022-08-22,Stage 4 of 5,70.8,Medium,312,2026-08-09,0.0,N,3
LA-2021-0282,Karnataka,Hubballi-Dharwad,14.8919,76.1675,Highway,NHAI,15.9,71,82268000,99.8,0,2021-01-05,Stage 5 of 5,80.9,Medium,106,2026-08-15,0.0,N,3
LA-2020-0283,Andhra Pradesh,Visakhapatnam,16.5077,79.7162,Railway,State Railway Infra Corp,34.2,143,212147000,84.5,0,2020-11-03,Stage 4 of 5,66.6,Medium,271,2026-07-28,0.127,N,15
LA-2025-0284,Bihar,Gaya,24.6754,85.829,Railway,State Railway Infra Corp,9.9,21,57096000,72.2,0,2025-07-27,Stage 4 of 5,61.7,High,81,2026-08-23,0.227,N,13
LA-2025-0285,West Bengal,Howrah,22.5965,88.0326,Highway,NHAI,38.0,239,320022000,52.4,2,2025-04-24,Stage 3 of 5,29.5,High,237,2026-05-06,0.401,Y,255
LA-2022-0286,Andhra Pradesh,Guntur,15.4373,79.9829,Highway,State PWD,18.3,58,135389000,39.5,0,2022-07-26,Stage 1 of 5,23.7,High,54,2026-08-24,0.233,N,44
LA-2025-0287,Odisha,Sundargarh,20.9324,85.5755,Power Transmission,Power Grid Corp,50.3,268,474332000,87.4,2,2025-02-27,Stage 5 of 5,78.1,Low,188,2026-08-22,0.244,N,11
LA-2024-0288,Uttar Pradesh,Varanasi,27.0883,80.3634,Highway,State PWD,15.8,124,151109000,78.3,0,2024-06-05,Stage 4 of 5,82.4,Low,103,2026-08-14,0.145,N,30
LA-2022-0289,Maharashtra,Nashik,20.3063,75.7359,Highway,State PWD,4.8,34,50027000,47.5,0,2022-04-04,Stage 2 of 5,51.5,Medium,146,2026-08-23,0.277,N,5
LA-2023-0290,West Bengal,Hooghly,23.4879,88.1725,Highway,State PWD,7.1,28,54333000,67.2,3,2023-07-02,Stage 4 of 5,47.5,High,97,2026-06-25,0.389,Y,48
LA-2022-0291,Maharashtra,Nashik,19.7589,76.0915,Urban Infra/Metro,State Metro Rail Corp,13.1,81,87091000,63.2,0,2022-06-02,Stage 3 of 5,49.2,Medium,190,2026-07-25,0.25,N,19
LA-2023-0292,Madhya Pradesh,Gwalior,23.0989,78.6902,Irrigation/Water Res.,State Water Resources Dept,18.6,85,104172000,60.5,0,2023-05-19,Stage 3 of 5,30.9,Medium,251,2026-08-23,0.262,N,4
LA-2022-0293,Bihar,Darbhanga,25.4075,84.9603,Industrial Corridor,State Industrial Dev. Corp,23.1,86,116480000,92.3,0,2022-11-16,Stage 5 of 5,91.7,Medium,195,2026-08-25,0.091,N,8
LA-2023-0294,Uttar Pradesh,Ghaziabad,26.5677,80.9692,Highway,NHAI,10.9,116,35210000,83.5,0,2023-04-22,Stage 4 of 5,67.2,Low,231,2026-08-27,0.164,N,10
LA-2023-0295,Maharashtra,Raigad,19.4931,75.5651,Industrial Corridor,State Industrial Dev. Corp,28.7,57,77797000,47.6,0,2023-12-30,Stage 2 of 5,19.9,High,450,2026-08-25,0.217,N,21
LA-2021-0296,Maharashtra,Satara,19.6359,76.3062,Highway,NHAI,22.3,39,129826000,83.1,0,2021-03-17,Stage 4 of 5,72.0,Low,192,2026-08-25,0.024,N,6
LA-2025-0297,Bihar,Patna,24.985,85.897,Highway,NHAI,7.8,23,47585000,96.2,0,2025-12-28,Stage 5 of 5,94.0,Medium,114,2026-08-25,0.0,N,7
LA-2025-0298,Maharashtra,Nagpur,19.5836,75.2217,Highway,NHAI,16.4,67,144301000,64.8,1,2025-03-09,Stage 3 of 5,44.4,Medium,205,2026-08-24,0.35,Y,165
LA-2024-0299,Andhra Pradesh,Anantapur,15.7609,79.3217,Industrial Corridor,State Industrial Dev. Corp,7.3,46,30012000,59.3,1,2024-02-09,Stage 5 of 5,68.0,Low,20,2026-08-25,0.256,N,53
LA-2023-0300,Andhra Pradesh,Vijayawada,15.8163,79.6088,Irrigation/Water Res.,State Water Resources Dept,9.0,23,52434000,43.4,0,2023-04-07,Stage 2 of 5,39.3,Medium,148,2026-08-24,0.218,N,0
LA-2022-0301,Gujarat,Rajkot,22.4022,71.3886,Power Transmission,Power Grid Corp,11.8,39,46865000,70.8,5,2022-03-04,Stage 5 of 5,57.3,High,273,2026-03-04,0.576,Y,1122
LA-2021-0302,Tamil Nadu,Tiruchirappalli,11.2553,79.0763,Irrigation/Water Res.,State Water Resources Dept,14.1,58,75286000,100.0,0,2021-03-24,Stage 5 of 5,84.5,Low,236,2026-08-01,0.145,N,5
LA-2026-0303,Rajasthan,Alwar,26.844,73.7178,Industrial Corridor,DMIC/NICDC,14.7,114,113555000,73.5,0,2026-01-25,Stage 4 of 5,73.3,High,208,2026-08-26,0.259,N,5
LA-2022-0304,Uttar Pradesh,Meerut,26.921,80.7237,Highway,State PWD,14.7,122,58311000,55.1,0,2022-05-01,Stage 2 of 5,38.1,Low,20,2026-08-12,0.288,N,4
LA-2023-0305,Uttar Pradesh,Noida,26.4746,80.8991,Highway,NHAI,270.9,1675,2458961000,66.8,3,2023-03-16,Stage 5 of 5,60.9,Medium,158,2026-08-12,0.464,Y,240
LA-2021-0306,Uttar Pradesh,Meerut,27.2649,81.4334,Irrigation/Water Res.,State Water Resources Dept,4.8,34,38492000,99.1,0,2021-12-01,Stage 5 of 5,82.3,High,294,2026-07-28,0.126,N,51
LA-2023-0307,Tamil Nadu,Madurai,11.1632,78.0903,Highway,NHAI,117.5,244,875577000,69.5,0,2023-06-08,Stage 3 of 5,72.9,Low,374,2026-08-21,0.002,N,28
LA-2021-0308,Madhya Pradesh,Bhopal,22.9018,78.7154,Industrial Corridor,DMIC/NICDC,26.0,107,152386000,61.9,0,2021-11-26,Stage 3 of 5,48.4,High,66,2026-08-21,0.149,N,8
LA-2025-0309,Madhya Pradesh,Gwalior,23.2877,78.663,Urban Infra/Metro,Urban Dev. Authority,8.8,35,47128000,52.3,0,2025-08-09,Stage 3 of 5,44.1,Medium,177,2026-08-15,0.095,N,1
LA-2022-0310,Tamil Nadu,Coimbatore,10.9815,79.2022,Power Transmission,Power Grid Corp,41.6,309,316600000,57.1,0,2022-08-18,Stage 3 of 5,48.3,Medium,20,2026-08-26,0.139,N,35
LA-2020-0311,Tamil Nadu,Tiruchirappalli,11.014,78.1062,Railway,Ministry of Railways,36.6,53,146681000,87.9,0,2020-12-09,Stage 5 of 5,81.9,Medium,210,2026-08-08,0.207,N,15
LA-2022-0312,Tamil Nadu,Chennai,11.1752,78.9564,Industrial Corridor,DMIC/NICDC,4.5,45,45520000,100.0,0,2022-09-27,Stage 5 of 5,79.1,Medium,119,2026-07-10,0.0,N,3
LA-2023-0313,Maharashtra,Satara,19.5977,75.1449,Highway,NHAI,9.2,57,52408000,59.8,2,2023-05-26,Stage 4 of 5,37.8,High,243,2026-08-20,0.311,Y,430
LA-2023-0314,Gujarat,Bharuch,22.5434,71.3452,Railway,Ministry of Railways,40.2,162,332269000,64.9,0,2023-08-02,Stage 3 of 5,64.2,High,181,2026-08-21,0.233,N,32
LA-2024-0315,Tamil Nadu,Madurai,10.7533,79.0229,Urban Infra/Metro,Urban Dev. Authority,5.7,25,38724000,65.0,0,2024-09-21,Stage 4 of 5,53.4,Low,20,2026-08-23,0.231,N,0
LA-2024-0316,Rajasthan,Udaipur,27.1362,74.3473,Railway,Ministry of Railways,3.4,10,11044000,83.6,0,2024-08-03,Stage 4 of 5,58.5,Medium,163,2026-08-21,0.126,N,38
LA-2025-0317,Tamil Nadu,Tiruchirappalli,11.6222,79.1055,Railway,State Railway Infra Corp,9.8,9,37368000,45.0,2,2025-03-18,Stage 3 of 5,42.6,Low,247,2026-07-20,0.385,Y,238
LA-2024-0318,Gujarat,Ahmedabad,22.3744,71.0316,Industrial Corridor,DMIC/NICDC,6.5,30,47351000,30.3,3,2024-09-19,Stage 2 of 5,21.6,Medium,253,2026-06-04,0.662,Y,136
LA-2022-0319,Tamil Nadu,Salem,11.4625,78.9775,Urban Infra/Metro,State Metro Rail Corp,12.0,37,93460000,45.5,0,2022-07-31,Stage 2 of 5,60.8,Medium,226,2026-08-21,0.236,N,1
LA-2021-0320,Odisha,Ganjam,21.3047,85.092,Power Transmission,State Electricity Board,35.0,82,312836000,38.5,2,2021-11-11,Stage 3 of 5,17.9,Medium,20,2026-07-03,0.325,Y,29
LA-2021-0321,Gujarat,Rajkot,22.0895,71.5624,Railway,Ministry of Railways,9.2,71,93656000,42.2,0,2021-08-12,Stage 2 of 5,43.2,Low,56,2026-08-21,0.338,Y,185
LA-2023-0322,Rajasthan,Alwar,26.795,74.4509,Highway,NHAI,168.9,152,396719000,46.9,1,2023-09-10,Stage 3 of 5,57.9,Medium,166,2026-08-23,0.157,N,5
LA-2023-0323,Maharashtra,Raigad,19.4241,75.6016,Power Transmission,State Electricity Board,60.9,133,222015000,53.7,0,2023-09-24,Stage 2 of 5,48.4,Medium,233,2026-08-26,0.187,N,3
LA-2024-0324,Odisha,Ganjam,20.4423,85.4916,Railway,State Railway Infra Corp,7.6,18,23505000,58.5,1,2024-01-09,Stage 3 of 5,38.4,Medium,170,2026-08-22,0.233,N,32
LA-2024-0325,Maharashtra,Aurangabad,20.0686,76.0619,Irrigation/Water Res.,State Water Resources Dept,27.2,143,175685000,72.3,2,2024-12-24,Stage 4 of 5,49.4,High,240,2026-08-01,0.309,Y,228
LA-2022-0326,Maharashtra,Nashik,19.8693,75.8361,Highway,NHAI,17.1,92,118411000,24.6,5,2022-01-06,Stage 3 of 5,25.2,Medium,310,2026-07-11,0.592,Y,686
LA-2023-0327,Bihar,Patna,25.0999,85.0922,Industrial Corridor,DMIC/NICDC,16.1,84,139924000,49.8,0,2023-03-30,Stage 2 of 5,33.6,High,121,2026-08-17,0.206,N,1
LA-2020-0328,Tamil Nadu,Salem,10.9654,78.6994,Industrial Corridor,State Industrial Dev. Corp,12.2,59,34293000,89.1,0,2020-09-30,Stage 4 of 5,72.1,High,141,2026-08-18,0.113,N,9
LA-2020-0329,West Bengal,Nadia,23.5457,87.5133,Industrial Corridor,DMIC/NICDC,32.0,76,174039000,58.0,0,2020-11-15,Stage 3 of 5,47.5,Medium,250,2026-08-18,0.231,N,5
LA-2024-0330,Tamil Nadu,Madurai,11.3901,78.9512,Railway,Ministry of Railways,8.6,65,59959000,43.2,0,2024-03-29,Stage 2 of 5,37.7,Low,203,2026-05-16,0.372,Y,69
LA-2025-0331,Tamil Nadu,Salem,10.6134,79.1477,Urban Infra/Metro,Urban Dev. Authority,17.4,36,82906000,59.9,0,2025-10-16,Stage 2 of 5,45.9,Medium,74,2026-08-24,0.13,N,9
LA-2025-0332,Bihar,Gaya,25.3411,84.7488,Highway,State PWD,17.5,37,40988000,58.4,2,2025-02-19,Stage 3 of 5,48.7,High,194,2026-08-06,0.127,N,33
LA-2024-0333,Maharashtra,Nagpur,19.5356,75.62,Highway,State PWD,5.0,37,28763000,64.7,0,2024-10-30,Stage 3 of 5,61.0,Medium,287,2026-08-27,0.25,N,11
LA-2023-0334,Odisha,Sundargarh,21.3909,84.7051,Power Transmission,State Electricity Board,18.6,143,107611000,77.8,0,2023-12-14,Stage 4 of 5,57.5,Low,194,2026-08-09,0.189,N,5
LA-2024-0335,Gujarat,Vadodara,22.0307,71.5668,Power Transmission,State Electricity Board,12.3,54,96475000,73.7,0,2024-06-14,Stage 4 of 5,70.2,High,164,2026-08-15,0.028,N,32
LA-2022-0336,Bihar,Darbhanga,24.8475,85.1632,Railway,Ministry of Railways,78.7,162,656352000,46.0,0,2022-08-19,Stage 2 of 5,32.6,Medium,380,2026-08-06,0.244,N,26
LA-2025-0337,Maharashtra,Thane,19.3845,75.7578,Urban Infra/Metro,State Metro Rail Corp,21.5,102,126102000,58.5,0,2025-06-15,Stage 3 of 5,60.9,Medium,98,2026-08-05,0.01,N,18
LA-2022-0338,Uttar Pradesh,Lucknow,27.0403,80.8166,Railway,Ministry of Railways,7.2,77,65977000,16.1,4,2022-12-29,Stage 2 of 5,7.6,Medium,174,2026-05-27,0.709,Y,294
LA-2021-0339,Odisha,Ganjam,21.5032,85.4497,Irrigation/Water Res.,State Water Resources Dept,9.2,25,43902000,76.9,3,2021-09-04,Stage 5 of 5,76.5,High,184,2026-07-28,0.323,Y,400
LA-2024-0340,Maharashtra,Thane,20.2708,75.2079,Industrial Corridor,State Industrial Dev. Corp,29.2,171,201468000,86.6,0,2024-07-21,Stage 5 of 5,73.4,High,248,2026-07-18,0.066,N,36
LA-2024-0341,Gujarat,Rajkot,22.4712,71.5266,Highway,State PWD,11.2,49,37396000,0.0,12,2024-11-10,Stage 1 of 5,0.0,Low,156,2026-07-17,1.266,Y,281
LA-2022-0342,Maharashtra,Aurangabad,19.8597,75.7429,Highway,NHAI,4.2,49,17111000,88.1,1,2022-10-13,Stage 5 of 5,60.4,Low,278,2026-07-24,0.166,N,19
LA-2020-0343,Bihar,Patna,24.7256,85.3336,Power Transmission,State Electricity Board,39.4,236,156703000,69.1,4,2020-11-17,Stage 4 of 5,58.4,Low,130,2026-07-29,0.465,Y,242
LA-2020-0344,Odisha,Cuttack,20.3578,85.5998,Highway,State PWD,30.1,249,202561000,76.6,0,2020-12-23,Stage 4 of 5,50.5,Medium,164,2026-07-29,0.169,N,49
LA-2023-0345,Uttar Pradesh,Kanpur,27.234,80.9682,Railway,Ministry of Railways,32.6,24,156303000,55.4,0,2023-06-10,Stage 3 of 5,50.3,High,268,2026-08-26,0.188,N,25
LA-2023-0346,Odisha,Sundargarh,20.7794,84.6196,Urban Infra/Metro,Urban Dev. Authority,9.7,132,90238000,65.2,0,2023-06-27,Stage 4 of 5,68.7,Medium,314,2026-06-17,0.329,Y,1024
LA-2022-0347,Gujarat,Rajkot,21.816,71.5118,Urban Infra/Metro,Urban Dev. Authority,2.0,11,12248000,67.1,0,2022-12-02,Stage 3 of 5,72.4,Medium,139,2026-08-25,0.181,N,1
LA-2021-0348,Maharashtra,Aurangabad,19.1651,75.7723,Urban Infra/Metro,Urban Dev. Authority,25.7,261,181055000,28.6,0,2021-05-11,Stage 2 of 5,22.7,Medium,204,2026-08-04,0.333,Y,170
LA-2023-0349,Tamil Nadu,Madurai,11.5697,78.8512,Railway,State Railway Infra Corp,17.8,30,42000000,66.8,1,2023-08-04,Stage 3 of 5,54.6,High,63,2026-08-08,0.375,Y,52
LA-2023-0350,Andhra Pradesh,Guntur,16.2067,79.2356,Highway,State PWD,43.6,26,109464000,58.4,0,2023-08-15,Stage 3 of 5,46.8,High,326,2026-07-24,0.338,Y,142
LA-2025-0351,Uttar Pradesh,Ghaziabad,27.3848,81.3572,Industrial Corridor,State Industrial Dev. Corp,26.3,35,79337000,94.8,0,2025-01-30,Stage 5 of 5,66.3,Medium,313,2026-08-12,0.042,N,4
LA-2023-0352,Bihar,Patna,24.979,84.8948,Railway,Ministry of Railways,19.9,43,146471000,85.9,0,2023-03-17,Stage 4 of 5,57.5,Medium,513,2026-08-19,0.191,N,3
LA-2021-0353,Uttar Pradesh,Ghaziabad,27.2806,81.4768,Railway,Ministry of Railways,7.7,13,30907000,41.5,0,2021-07-27,Stage 2 of 5,30.6,Medium,327,2026-07-23,0.408,Y,1011
LA-2025-0354,Tamil Nadu,Tiruchirappalli,10.5433,78.2515,Urban Infra/Metro,State Metro Rail Corp,20.1,52,154409000,88.4,0,2025-12-31,Stage 4 of 5,76.5,Medium,177,2026-08-26,0.0,N,12
LA-2022-0355,Madhya Pradesh,Indore,23.1824,78.8168,Highway,NHAI,7.0,36,46134000,91.3,0,2022-09-04,Stage 4 of 5,77.7,High,354,2026-07-27,0.154,N,4
LA-2021-0356,Maharashtra,Raigad,19.5698,75.9801,Highway,State PWD,22.5,30,168758000,100.0,0,2021-01-20,Stage 5 of 5,100.0,Medium,79,2026-07-08,0.0,N,16
LA-2021-0357,Uttar Pradesh,Ghaziabad,26.9632,80.8552,Railway,State Railway Infra Corp,31.5,78,190561000,35.9,0,2021-08-28,Stage 1 of 5,20.7,Medium,118,2026-08-25,0.12,N,6
LA-2021-0358,Andhra Pradesh,Visakhapatnam,16.1094,79.9389,Highway,NHAI,4.8,20,15410000,89.9,1,2021-03-10,Stage 5 of 5,78.0,Medium,254,2026-08-27,0.175,N,21
LA-2021-0359,Rajasthan,Udaipur,26.6579,74.689,Railway,Ministry of Railways,16.0,213,143047000,40.7,2,2021-05-03,Stage 2 of 5,32.3,Medium,54,2026-08-14,0.31,Y,101
LA-2022-0360,Odisha,Sundargarh,20.3977,85.5435,Railway,Ministry of Railways,40.7,146,117721000,0.0,3,2022-04-24,Stage 1 of 5,2.2,Low,155,2025-12-15,0.673,Y,355
LA-2021-0361,Madhya Pradesh,Jabalpur,23.4039,78.889,Highway,NHAI,7.5,20,46781000,80.3,0,2021-08-15,Stage 4 of 5,57.6,High,22,2026-07-24,0.042,N,13
LA-2024-0362,Rajasthan,Jodhpur,27.6184,73.645,Highway,State PWD,47.6,239,237125000,65.6,0,2024-06-01,Stage 3 of 5,56.9,High,241,2026-08-01,0.227,N,4
LA-2023-0363,Bihar,Patna,24.8228,85.1741,Power Transmission,Power Grid Corp,14.4,23,29207000,64.1,0,2023-03-22,Stage 3 of 5,54.7,Low,287,2026-07-16,0.129,N,18
LA-2022-0364,Bihar,Darbhanga,25.2905,85.2709,Irrigation/Water Res.,State Water Resources Dept,4.9,20,33639000,20.4,0,2022-02-05,Stage 1 of 5,7.7,Medium,318,2026-04-17,0.365,Y,883
LA-2026-0365,Tamil Nadu,Coimbatore,11.3752,78.4145,Railway,State Railway Infra Corp,7.2,112,66235000,45.3,0,2026-03-09,Stage 2 of 5,30.2,Medium,355,2026-08-02,0.216,N,3
LA-2023-0366,Karnataka,Bengaluru Rural,15.791,75.255,Urban Infra/Metro,State Metro Rail Corp,17.1,30,147474000,99.2,0,2023-08-12,Stage 5 of 5,86.2,Medium,181,2026-08-23,0.1,N,27
LA-2022-0367,Maharashtra,Thane,19.9178,75.1746,Urban Infra/Metro,Urban Dev. Authority,12.1,31,59100000,97.2,0,2022-03-09,Stage 5 of 5,85.1,Medium,248,2026-08-13,0.0,N,60
LA-2025-0368,Maharashtra,Aurangabad,19.5434,75.8619,Highway,State PWD,39.3,144,213887000,75.7,0,2025-05-18,Stage 4 of 5,63.9,Medium,98,2026-08-07,0.143,N,25
LA-2022-0369,Uttar Pradesh,Varanasi,26.3789,81.2117,Highway,State PWD,38.6,203,184045000,52.7,0,2022-09-08,Stage 2 of 5,52.3,Medium,258,2026-08-18,0.234,N,32
LA-2025-0370,Gujarat,Surat,22.3522,71.4916,Urban Infra/Metro,State Metro Rail Corp,63.4,246,356004000,34.8,3,2025-03-12,Stage 2 of 5,34.9,Medium,314,2026-06-10,0.423,Y,571
LA-2021-0371,Madhya Pradesh,Jabalpur,22.691,78.9104,Highway,State PWD,17.4,47,139447000,68.6,0,2021-11-01,Stage 4 of 5,51.8,Medium,207,2026-07-22,0.159,N,12
LA-2021-0372,Maharashtra,Pune,20.0494,76.1976,Highway,NHAI,14.2,29,86553000,90.4,1,2021-02-21,Stage 5 of 5,87.2,Medium,265,2026-08-15,0.253,N,2
LA-2021-0373,Maharashtra,Aurangabad,20.1185,76.3016,Railway,State Railway Infra Corp,9.6,38,86009000,73.6,2,2021-10-09,Stage 4 of 5,54.2,Low,254,2026-08-24,0.225,N,1
LA-2023-0374,Karnataka,Bengaluru Rural,15.5086,75.8635,Highway,NHAI,7.8,28,49931000,69.0,0,2023-11-30,Stage 3 of 5,50.5,Medium,129,2026-08-17,0.289,N,40
LA-2022-0375,Uttar Pradesh,Noida,27.0128,80.6904,Highway,NHAI,43.2,128,312615000,22.8,3,2022-05-10,Stage 2 of 5,10.7,Low,138,2026-08-19,0.536,Y,301
LA-2025-0376,Maharashtra,Satara,19.4192,75.1817,Highway,State PWD,9.9,13,38640000,28.0,0,2025-01-01,Stage 1 of 5,24.3,Medium,270,2026-08-23,0.395,Y,461
LA-2025-0377,Bihar,Patna,24.967,85.1994,Highway,NHAI,106.8,517,1067545000,89.2,0,2025-02-26,Stage 5 of 5,74.8,Medium,256,2026-08-19,0.185,N,26
LA-2023-0378,Maharashtra,Pune,19.1679,75.4778,Industrial Corridor,DMIC/NICDC,9.0,69,57323000,66.0,0,2023-11-20,Stage 4 of 5,49.1,Low,20,2026-03-01,0.311,Y,15
LA-2023-0379,Uttar Pradesh,Agra,26.9663,81.278,Industrial Corridor,State Industrial Dev. Corp,10.9,86,37455000,60.3,1,2023-09-11,Stage 4 of 5,72.8,High,20,2026-08-25,0.182,N,5
LA-2021-0380,Maharashtra,Satara,19.7558,76.0759,Railway,State Railway Infra Corp,5.1,47,34743000,38.7,4,2021-03-04,Stage 3 of 5,31.6,Low,373,2026-08-26,0.496,Y,246
LA-2025-0381,Odisha,Ganjam,21.1547,85.3774,Railway,State Railway Infra Corp,39.2,408,288824000,56.2,0,2025-03-29,Stage 3 of 5,53.4,Low,138,2026-08-10,0.28,N,25
LA-2025-0382,Tamil Nadu,Madurai,10.9317,78.3719,Highway,State PWD,176.6,816,1065101000,63.2,1,2025-06-23,Stage 4 of 5,66.7,Low,210,2026-08-03,0.222,N,23
LA-2021-0383,Madhya Pradesh,Jabalpur,23.4293,79.2566,Highway,NHAI,25.3,247,315501000,32.3,1,2021-03-12,Stage 1 of 5,25.6,High,88,2026-05-09,0.39,Y,134
LA-2022-0384,Odisha,Khordha,21.2297,85.3495,Highway,NHAI,37.3,225,253954000,68.8,3,2022-11-18,Stage 5 of 5,62.6,High,118,2026-07-09,0.44,Y,49
LA-2021-0385,Karnataka,Mysuru,15.0815,75.5283,Urban Infra/Metro,Urban Dev. Authority,31.7,103,255915000,24.0,0,2021-03-21,Stage 1 of 5,41.2,Low,98,2026-07-16,0.407,Y,246
LA-2025-0386,Bihar,Patna,25.569,85.3105,Power Transmission,Power Grid Corp,11.6,106,89603000,80.2,0,2025-12-31,Stage 4 of 5,62.2,Medium,249,2026-08-10,0.132,N,28
LA-2025-0387,Uttar Pradesh,Noida,27.221,80.9864,Highway,NHAI,30.4,110,104472000,56.8,5,2025-08-14,Stage 4 of 5,54.5,Medium,89,2026-08-19,0.482,Y,738
LA-2021-0388,Madhya Pradesh,Bhopal,22.5771,79.2157,Highway,NHAI,6.5,7,39185000,71.1,1,2021-03-29,Stage 4 of 5,64.9,Medium,24,2026-08-23,0.266,N,45
LA-2021-0389,Odisha,Khordha,21.2383,85.5701,Railway,State Railway Infra Corp,17.3,123,83101000,86.3,0,2021-01-04,Stage 4 of 5,74.0,Low,172,2026-08-03,0.018,N,13
LA-2021-0390,West Bengal,Nadia,22.8534,87.3119,Industrial Corridor,DMIC/NICDC,5.3,31,47722000,46.9,0,2021-12-30,Stage 2 of 5,36.1,Medium,110,2026-03-05,0.339,Y,198
LA-2025-0391,Karnataka,Belagavi,15.8992,75.1485,Railway,Ministry of Railways,48.0,142,119996000,75.0,0,2025-09-08,Stage 4 of 5,78.6,Low,78,2026-08-26,0.182,N,11
LA-2023-0392,Maharashtra,Nagpur,19.9957,75.8877,Railway,State Railway Infra Corp,15.1,84,73080000,45.2,0,2023-05-20,Stage 2 of 5,41.6,Medium,144,2026-07-30,0.321,Y,624
LA-2025-0393,Karnataka,Belagavi,15.8426,75.2234,Highway,State PWD,14.7,62,108639000,37.2,3,2025-06-08,Stage 3 of 5,23.8,Medium,99,2026-08-12,0.456,Y,202
LA-2026-0394,Uttar Pradesh,Lucknow,26.7001,80.7262,Irrigation/Water Res.,State Water Resources Dept,28.7,24,89558000,44.2,0,2026-02-13,Stage 2 of 5,52.4,High,330,2026-07-04,0.257,N,24
LA-2024-0395,Madhya Pradesh,Jabalpur,23.4511,78.9348,Railway,Ministry of Railways,21.9,50,171126000,22.5,5,2024-10-09,Stage 2 of 5,0.0,Medium,205,2026-02-18,0.651,Y,98
LA-2021-0396,Tamil Nadu,Salem,10.6434,78.7145,Industrial Corridor,State Industrial Dev. Corp,18.3,104,156454000,88.8,0,2021-04-04,Stage 4 of 5,64.8,Medium,321,2026-08-04,0.095,N,23
LA-2024-0397,Karnataka,Mysuru,14.9624,75.4105,Urban Infra/Metro,State Metro Rail Corp,10.8,34,64768000,24.5,0,2024-05-25,Stage 1 of 5,33.8,Medium,34,2026-08-18,0.253,N,1
LA-2021-0398,Gujarat,Vadodara,22.5493,71.2041,Railway,Ministry of Railways,12.5,39,124372000,94.4,0,2021-05-28,Stage 5 of 5,87.2,Medium,196,2026-08-21,0.184,N,1
LA-2024-0399,Rajasthan,Jaipur,27.42,74.7653,Industrial Corridor,State Industrial Dev. Corp,12.4,157,73507000,23.9,0,2024-06-02,Stage 2 of 5,23.1,Medium,20,2026-07-29,0.206,N,5
LA-2022-0400,Karnataka,Mysuru,15.7466,75.7079,Highway,State PWD,67.3,107,170952000,84.2,0,2022-06-13,Stage 4 of 5,68.8,Low,60,2026-08-27,0.0,N,5
LA-2023-0401,Andhra Pradesh,Anantapur,16.0425,79.8309,Highway,State PWD,53.0,288,368843000,50.4,2,2023-01-27,Stage 3 of 5,40.0,Low,222,2026-08-26,0.47,Y,921
LA-2023-0402,Maharashtra,Aurangabad,19.6759,75.5902,Industrial Corridor,State Industrial Dev. Corp,13.0,11,44616000,73.6,0,2023-03-29,Stage 3 of 5,55.7,High,221,2026-08-25,0.291,N,18
LA-2025-0403,Bihar,Muzaffarpur,25.6436,85.6331,Urban Infra/Metro,Urban Dev. Authority,30.6,65,191951000,99.4,0,2025-08-10,Stage 5 of 5,92.1,Medium,212,2026-08-26,0.0,N,3
LA-2022-0404,Uttar Pradesh,Kanpur,26.8584,80.8022,Railway,State Railway Infra Corp,89.4,126,688184000,77.9,0,2022-11-09,Stage 4 of 5,88.7,High,165,2026-08-15,0.211,N,4
LA-2021-0405,Maharashtra,Nashik,20.1973,75.1504,Industrial Corridor,DMIC/NICDC,11.5,6,47951000,56.2,1,2021-05-23,Stage 3 of 5,38.0,Low,393,2026-08-23,0.355,Y,1769
LA-2021-0406,Odisha,Ganjam,21.1599,84.6365,Industrial Corridor,State Industrial Dev. Corp,29.6,106,209856000,55.7,0,2021-09-17,Stage 2 of 5,55.2,Medium,241,2026-08-24,0.212,N,1
LA-2023-0407,Tamil Nadu,Tiruchirappalli,11.684,78.1716,Highway,NHAI,20.8,113,150530000,96.5,1,2023-06-24,Stage 5 of 5,89.8,Low,40,2026-08-04,0.127,N,2
LA-2023-0408,Maharashtra,Aurangabad,19.7139,76.2402,Highway,State PWD,5.3,27,30029000,100.0,0,2023-08-02,Stage 5 of 5,91.8,Low,237,2026-07-29,0.029,N,38
LA-2023-0409,Bihar,Darbhanga,25.5247,84.7712,Highway,State PWD,10.5,6,44716000,47.7,2,2023-11-29,Stage 3 of 5,40.9,Medium,285,2026-07-25,0.455,Y,761
LA-2021-0410,Odisha,Khordha,21.0013,84.8872,Highway,NHAI,20.4,75,142905000,100.0,0,2021-03-17,Stage 5 of 5,95.3,High,144,2026-06-15,0.0,N,2
LA-2023-0411,Gujarat,Surat,22.0866,70.9382,Highway,NHAI,13.9,28,101594000,77.4,0,2023-04-16,Stage 3 of 5,64.6,Low,249,2026-08-24,0.008,N,5
LA-2025-0412,Rajasthan,Udaipur,26.5076,74.431,Highway,NHAI,4.3,15,36714000,29.6,0,2025-07-04,Stage 1 of 5,28.8,High,136,2026-08-12,0.128,N,2
LA-2021-0413,Tamil Nadu,Coimbatore,11.3136,78.0673,Urban Infra/Metro,Urban Dev. Authority,23.2,78,54468000,78.2,2,2021-03-18,Stage 5 of 5,83.3,Low,111,2026-05-13,0.329,Y,195
LA-2023-0414,West Bengal,Nadia,22.5141,87.5347,Urban Infra/Metro,Urban Dev. Authority,48.5,184,326325000,34.2,0,2023-11-28,Stage 2 of 5,27.1,High,233,2026-08-17,0.295,N,24
LA-2023-0415,Madhya Pradesh,Indore,22.9792,79.1214,Railway,State Railway Infra Corp,5.4,7,32259000,40.0,3,2023-01-18,Stage 3 of 5,28.2,Medium,224,2026-08-22,0.388,Y,159
LA-2024-0416,Maharashtra,Raigad,20.208,75.6344,Railway,State Railway Infra Corp,2.5,14,18598000,68.7,1,2024-02-07,Stage 4 of 5,59.0,Medium,49,2026-08-08,0.452,Y,77
LA-2024-0417,Madhya Pradesh,Bhopal,23.5721,79.2416,Power Transmission,State Electricity Board,69.6,119,465878000,37.0,0,2024-09-14,Stage 2 of 5,39.8,Low,407,2026-08-17,0.299,N,49
LA-2025-0418,Bihar,Bhagalpur,25.1842,85.8266,Power Transmission,State Electricity Board,6.0,16,36870000,75.6,3,2025-04-20,Stage 4 of 5,64.8,High,283,2026-07-08,0.349,Y,553
LA-2024-0419,Karnataka,Belagavi,15.5893,76.245,Power Transmission,State Electricity Board,12.9,131,112735000,88.0,0,2024-07-13,Stage 4 of 5,52.8,High,90,2026-08-18,0.034,N,1
LA-2022-0420,Tamil Nadu,Chennai,11.0296,78.5751,Highway,NHAI,13.9,107,46342000,100.0,0,2022-12-10,Stage 4 of 5,91.0,High,127,2026-08-10,0.0,N,7
LA-2021-0421,Bihar,Bhagalpur,25.3801,84.8494,Industrial Corridor,DMIC/NICDC,9.7,22,22025000,50.4,1,2021-10-22,Stage 3 of 5,46.7,Medium,37,2026-08-01,0.24,N,2
LA-2022-0422,Andhra Pradesh,Kurnool,16.1035,79.8197,Railway,State Railway Infra Corp,46.9,531,501185000,62.7,0,2022-08-16,Stage 3 of 5,39.6,Low,87,2026-08-11,0.0,N,2
LA-2022-0423,Gujarat,Rajkot,22.0655,70.7687,Irrigation/Water Res.,State Water Resources Dept,17.6,36,100573000,54.7,0,2022-11-02,Stage 2 of 5,42.2,Medium,253,2026-07-21,0.32,Y,1001
LA-2023-0424,Andhra Pradesh,Kurnool,15.4135,80.3314,Highway,NHAI,40.8,47,189381000,21.1,0,2023-10-17,Stage 1 of 5,28.7,Low,258,2026-08-25,0.38,Y,105
LA-2022-0425,Maharashtra,Nashik,19.3029,75.3364,Railway,State Railway Infra Corp,6.8,30,28835000,35.3,1,2022-02-25,Stage 2 of 5,49.1,Medium,327,2026-08-23,0.368,Y,576
LA-2021-0426,Karnataka,Belagavi,15.2189,75.7926,Irrigation/Water Res.,State Water Resources Dept,29.6,94,202999000,38.3,4,2021-01-31,Stage 4 of 5,39.3,Low,153,2026-07-31,0.552,Y,85
LA-2022-0427,Rajasthan,Alwar,26.7816,74.3362,Railway,Ministry of Railways,11.6,9,47807000,81.5,0,2022-03-30,Stage 4 of 5,82.7,Medium,309,2026-08-27,0.142,N,3
LA-2022-0428,Bihar,Darbhanga,25.113,85.7081,Railway,State Railway Infra Corp,22.0,163,191302000,87.5,2,2022-12-13,Stage 4 of 5,70.3,Low,317,2026-08-20,0.398,Y,296
LA-2025-0429,Maharashtra,Aurangabad,20.1078,75.1894,Industrial Corridor,State Industrial Dev. Corp,53.7,114,148835000,66.7,0,2025-04-08,Stage 3 of 5,41.5,Low,20,2026-08-15,0.269,N,5
LA-2023-0430,Rajasthan,Jodhpur,27.1548,74.6417,Highway,State PWD,2.0,20,17321000,66.4,2,2023-07-13,Stage 3 of 5,61.7,Medium,46,2026-08-11,0.238,N,2
LA-2021-0431,Tamil Nadu,Tiruchirappalli,11.3519,78.5039,Highway,State PWD,32.9,207,244233000,71.0,0,2021-10-26,Stage 5 of 5,69.5,Medium,246,2026-08-25,0.285,N,14
LA-2024-0432,West Bengal,Nadia,23.3357,87.7037,Irrigation/Water Res.,State Water Resources Dept,34.7,52,211079000,65.7,0,2024-11-11,Stage 4 of 5,62.0,Medium,173,2026-08-07,0.199,N,1
LA-2021-0433,Maharashtra,Nagpur,19.9422,75.441,Power Transmission,State Electricity Board,2.9,14,16428000,49.3,1,2021-07-13,Stage 3 of 5,33.8,Medium,208,2026-08-18,0.263,N,7
LA-2022-0434,Karnataka,Mysuru,15.4782,76.2955,Highway,State PWD,3.1,6,21565000,89.7,0,2022-02-17,Stage 4 of 5,76.9,Medium,155,2026-07-17,0.056,N,12
LA-2022-0435,Rajasthan,Alwar,26.6978,73.882,Highway,State PWD,10.2,96,67719000,91.5,0,2022-12-27,Stage 5 of 5,84.4,Medium,207,2026-08-13,0.0,N,27
LA-2025-0436,Gujarat,Ahmedabad,21.7128,71.7125,Industrial Corridor,State Industrial Dev. Corp,33.5,201,225418000,67.4,0,2025-03-10,Stage 3 of 5,43.9,Medium,169,2026-08-21,0.13,N,18
LA-2021-0437,Rajasthan,Jodhpur,26.7705,73.7214,Urban Infra/Metro,State Metro Rail Corp,47.8,28,196782000,60.6,0,2021-02-04,Stage 3 of 5,65.1,Medium,261,2026-08-24,0.094,N,24
LA-2021-0438,Maharashtra,Nashik,19.9002,75.7889,Railway,Ministry of Railways,31.5,419,236927000,61.2,8,2021-07-03,Stage 5 of 5,37.2,Medium,221,2026-04-22,0.934,Y,974
LA-2023-0439,Andhra Pradesh,Anantapur,15.8904,79.8808,Railway,State Railway Infra Corp,8.5,99,57382000,95.7,0,2023-01-11,Stage 5 of 5,86.2,High,85,2026-08-25,0.0,N,16
LA-2025-0440,Andhra Pradesh,Visakhapatnam,15.601,79.8083,Highway,NHAI,41.7,135,242564000,45.1,1,2025-03-10,Stage 2 of 5,45.2,Low,154,2026-08-21,0.301,Y,154
LA-2024-0441,Odisha,Khordha,21.0275,84.5054,Railway,State Railway Infra Corp,7.1,26,56260000,0.0,12,2024-06-14,Stage 2 of 5,12.7,Medium,191,2026-08-02,1.355,Y,866
LA-2023-0442,Gujarat,Ahmedabad,22.1545,71.6446,Highway,NHAI,10.7,45,43009000,87.6,0,2023-03-11,Stage 4 of 5,73.0,Low,114,2026-08-02,0.13,N,36
LA-2025-0443,Maharashtra,Aurangabad,19.2631,75.821,Irrigation/Water Res.,State Water Resources Dept,2.7,19,19178000,38.8,1,2025-02-19,Stage 2 of 5,25.2,Low,281,2026-08-12,0.377,Y,549
LA-2024-0444,Maharashtra,Thane,19.6489,75.1317,Power Transmission,State Electricity Board,5.9,27,32903000,48.0,0,2024-09-03,Stage 2 of 5,36.6,Low,313,2026-08-24,0.179,N,5
LA-2024-0445,Uttar Pradesh,Varanasi,27.1765,80.5018,Railway,State Railway Infra Corp,97.6,383,783289000,70.5,0,2024-10-13,Stage 4 of 5,53.0,Medium,132,2026-08-04,0.25,N,1
LA-2025-0446,West Bengal,Nadia,23.1604,87.5884,Urban Infra/Metro,State Metro Rail Corp,16.9,126,176691000,76.1,0,2025-07-24,Stage 4 of 5,76.8,Low,480,2026-08-17,0.194,N,11
LA-2025-0447,Madhya Pradesh,Gwalior,23.4561,79.1078,Industrial Corridor,State Industrial Dev. Corp,15.9,14,88633000,77.0,0,2025-12-13,Stage 4 of 5,74.8,Low,303,2026-07-24,0.053,N,12
LA-2020-0448,Tamil Nadu,Salem,11.1187,78.9998,Urban Infra/Metro,State Metro Rail Corp,5.2,15,33207000,40.9,0,2020-11-26,Stage 2 of 5,41.4,Medium,245,2026-08-08,0.337,Y,259
LA-2025-0449,Uttar Pradesh,Agra,27.0059,81.5174,Highway,NHAI,64.7,824,777026000,43.4,0,2025-08-07,Stage 2 of 5,33.4,Medium,298,2026-06-12,0.386,Y,45
LA-2021-0450,Uttar Pradesh,Meerut,27.0931,80.9621,Irrigation/Water Res.,State Water Resources Dept,27.4,56,79203000,46.1,2,2021-02-07,Stage 2 of 5,40.6,High,367,2026-05-27,0.451,Y,1032
LA-2021-0451,Uttar Pradesh,Ghaziabad,26.2609,80.707,Irrigation/Water Res.,State Water Resources Dept,6.3,41,59936000,33.1,2,2021-08-04,Stage 3 of 5,23.1,Medium,245,2026-08-02,0.566,Y,221
LA-2023-0452,Gujarat,Vadodara,22.1336,70.8088,Power Transmission,State Electricity Board,13.0,48,42874000,68.3,2,2023-05-15,Stage 4 of 5,51.1,Low,321,2026-08-08,0.53,Y,590
LA-2023-0453,Madhya Pradesh,Bhopal,23.306,78.3994,Power Transmission,State Electricity Board,33.4,286,186170000,93.0,0,2023-07-31,Stage 5 of 5,96.4,Low,245,2026-08-12,0.033,N,7
LA-2022-0454,Maharashtra,Raigad,20.3181,75.131,Irrigation/Water Res.,State Water Resources Dept,5.8,12,47577000,18.5,5,2022-11-09,Stage 2 of 5,8.8,High,61,2026-07-30,0.645,Y,273
LA-2022-0455,Karnataka,Hubballi-Dharwad,15.3017,76.0897,Urban Infra/Metro,State Metro Rail Corp,2.2,14,19796000,53.6,0,2022-01-22,Stage 3 of 5,62.1,Low,281,2026-08-26,0.132,N,16
LA-2022-0456,Maharashtra,Aurangabad,20.0551,75.2415,Highway,State PWD,126.9,489,940238000,71.5,2,2022-10-19,Stage 4 of 5,59.9,Low,385,2026-08-02,0.32,Y,896
LA-2020-0457,Maharashtra,Nashik,19.8823,75.4598,Highway,State PWD,18.0,206,180408000,66.2,0,2020-09-22,Stage 2 of 5,47.3,Low,133,2026-08-25,0.235,N,26
LA-2025-0458,Andhra Pradesh,Anantapur,15.8703,80.3147,Highway,State PWD,16.3,150,68713000,56.4,0,2025-12-25,Stage 3 of 5,60.5,Low,259,2026-08-26,0.096,N,6
LA-2022-0459,Bihar,Muzaffarpur,24.8971,84.8419,Highway,State PWD,23.0,87,87851000,58.9,0,2022-12-25,Stage 3 of 5,57.3,Low,75,2026-06-09,0.312,Y,104
LA-2023-0460,Tamil Nadu,Coimbatore,10.8257,78.8504,Industrial Corridor,State Industrial Dev. Corp,16.0,53,93001000,28.7,1,2023-09-26,Stage 2 of 5,13.1,Medium,120,2026-04-22,0.329,Y,58
LA-2025-0461,Odisha,Ganjam,20.5685,84.9864,Railway,Ministry of Railways,18.9,77,149970000,58.8,0,2025-07-19,Stage 2 of 5,64.7,Low,208,2026-08-27,0.027,N,26
LA-2023-0462,Uttar Pradesh,Meerut,26.4298,81.3772,Railway,State Railway Infra Corp,14.3,23,119815000,77.5,0,2023-03-20,Stage 5 of 5,63.4,Low,71,2026-08-26,0.275,N,7
LA-2021-0463,Tamil Nadu,Chennai,11.5737,78.114,Railway,State Railway Infra Corp,9.1,52,68688000,88.2,0,2021-11-03,Stage 5 of 5,87.6,High,229,2026-08-22,0.118,N,1
LA-2020-0464,Uttar Pradesh,Kanpur,26.7463,81.3458,Urban Infra/Metro,Urban Dev. Authority,6.4,35,63936000,47.3,0,2020-09-27,Stage 3 of 5,51.2,Medium,269,2026-08-25,0.162,N,0
LA-2026-0465,Karnataka,Hubballi-Dharwad,14.7743,75.3771,Industrial Corridor,DMIC/NICDC,7.4,27,36627000,62.8,2,2026-02-20,Stage 3 of 5,46.6,Medium,366,2026-08-26,0.305,Y,566
LA-2024-0466,West Bengal,Howrah,22.9416,87.7502,Highway,State PWD,21.8,46,165589000,58.0,0,2024-04-14,Stage 2 of 5,50.7,High,262,2026-08-22,0.104,N,24
LA-2023-0467,Uttar Pradesh,Lucknow,26.2499,80.8873,Railway,Ministry of Railways,5.0,26,21532000,46.6,3,2023-09-05,Stage 3 of 5,33.1,High,222,2026-08-14,0.379,Y,175
LA-2021-0468,Gujarat,Bharuch,22.349,70.7495,Railway,State Railway Infra Corp,35.1,220,323724000,69.1,1,2021-10-12,Stage 4 of 5,47.4,Medium,246,2026-07-22,0.216,N,0
LA-2024-0469,Andhra Pradesh,Visakhapatnam,15.4407,79.7302,Industrial Corridor,DMIC/NICDC,40.2,84,372664000,70.0,3,2024-02-09,Stage 5 of 5,72.1,Medium,282,2026-08-04,0.284,N,9
LA-2020-0470,Uttar Pradesh,Lucknow,26.4689,81.1638,Irrigation/Water Res.,State Water Resources Dept,36.9,29,172719000,63.8,0,2020-11-13,Stage 3 of 5,54.9,High,292,2026-08-22,0.179,N,4
LA-2025-0471,Maharashtra,Pune,19.469,75.7307,Irrigation/Water Res.,State Water Resources Dept,16.5,75,165041000,99.9,0,2025-07-24,Stage 5 of 5,78.5,Medium,24,2026-08-24,0.146,N,0
LA-2023-0472,Tamil Nadu,Salem,10.5656,78.1567,Highway,NHAI,4.2,24,26482000,82.7,0,2023-03-12,Stage 4 of 5,60.0,Medium,246,2026-08-10,0.104,N,11
LA-2020-0473,Tamil Nadu,Chennai,11.0183,79.1314,Highway,State PWD,61.1,403,645464000,87.7,0,2020-10-07,Stage 5 of 5,80.3,Low,239,2026-07-16,0.233,N,27
LA-2023-0474,Rajasthan,Udaipur,27.0038,74.0211,Highway,State PWD,19.7,18,134962000,21.0,0,2023-02-23,Stage 1 of 5,12.3,Medium,104,2026-08-27,0.273,N,13
LA-2024-0475,Maharashtra,Thane,19.5982,75.9787,Irrigation/Water Res.,State Water Resources Dept,8.9,99,87368000,41.6,1,2024-07-29,Stage 3 of 5,20.8,Low,234,2026-07-21,0.478,Y,611
LA-2024-0476,Uttar Pradesh,Kanpur,27.2814,81.2375,Railway,Ministry of Railways,2.0,8,11265000,30.1,1,2024-09-03,Stage 1 of 5,22.9,Low,108,2026-05-13,0.584,Y,35
LA-2023-0477,Tamil Nadu,Madurai,11.1654,78.1671,Railway,State Railway Infra Corp,10.5,37,44557000,52.4,4,2023-04-27,Stage 4 of 5,34.3,Low,246,2026-05-14,0.534,Y,201
LA-2020-0478,Bihar,Bhagalpur,25.1791,85.8268,Irrigation/Water Res.,State Water Resources Dept,46.3,110,214905000,62.2,2,2020-11-15,Stage 4 of 5,80.0,Medium,512,2026-08-25,0.305,Y,417
LA-2024-0479,Maharashtra,Satara,20.3228,76.2623,Highway,NHAI,22.1,28,181537000,45.1,0,2024-12-08,Stage 2 of 5,31.2,High,405,2026-08-12,0.132,N,9
LA-2023-0480,Andhra Pradesh,Anantapur,15.4085,79.8401,Urban Infra/Metro,State Metro Rail Corp,26.1,185,125809000,56.7,1,2023-12-07,Stage 3 of 5,38.2,Medium,146,2026-07-17,0.391,Y,205
LA-2026-0481,Odisha,Cuttack,21.2631,85.5618,Industrial Corridor,DMIC/NICDC,13.6,78,29799000,74.6,0,2026-01-28,Stage 3 of 5,69.4,High,181,2026-08-11,0.122,N,0
LA-2024-0482,Uttar Pradesh,Noida,26.942,80.5889,Highway,NHAI,24.6,95,246462000,79.9,2,2024-07-31,Stage 5 of 5,62.9,Medium,281,2026-08-05,0.367,Y,353
LA-2025-0483,Gujarat,Rajkot,22.2313,71.1295,Industrial Corridor,State Industrial Dev. Corp,55.9,29,107649000,81.3,0,2025-12-23,Stage 4 of 5,74.1,Medium,141,2026-08-20,0.086,N,2
LA-2025-0484,Tamil Nadu,Chennai,11.221,78.368,Power Transmission,State Electricity Board,9.2,69,34660000,85.2,0,2025-06-05,Stage 4 of 5,66.8,Medium,145,2026-08-15,0.113,N,7
LA-2023-0485,Karnataka,Mysuru,15.0067,75.3157,Urban Infra/Metro,Urban Dev. Authority,21.8,96,163657000,63.4,0,2023-08-05,Stage 3 of 5,47.7,Medium,338,2026-08-10,0.089,N,16
LA-2022-0486,Madhya Pradesh,Bhopal,23.5231,78.0695,Urban Infra/Metro,State Metro Rail Corp,30.7,240,278824000,100.0,0,2022-11-19,Stage 5 of 5,91.1,Medium,62,2026-08-19,0.073,N,12
LA-2024-0487,Maharashtra,Nashik,19.7147,76.2234,Railway,Ministry of Railways,7.8,72,67810000,55.6,2,2024-03-29,Stage 3 of 5,13.0,Medium,20,2026-08-24,0.36,Y,15
LA-2023-0488,Bihar,Bhagalpur,25.4687,85.7068,Railway,State Railway Infra Corp,10.3,43,56752000,63.3,0,2023-05-14,Stage 3 of 5,42.4,Low,168,2026-07-31,0.347,Y,602
LA-2021-0489,Andhra Pradesh,Guntur,15.7641,79.9081,Railway,State Railway Infra Corp,33.3,108,136583000,29.5,0,2021-12-13,Stage 1 of 5,13.3,Medium,274,2026-08-22,0.238,N,28
LA-2025-0490,West Bengal,Howrah,23.2543,88.0285,Industrial Corridor,State Industrial Dev. Corp,24.7,165,224106000,67.6,0,2025-08-18,Stage 5 of 5,42.4,Medium,291,2026-07-09,0.215,N,19
LA-2024-0491,Uttar Pradesh,Agra,26.2688,81.0009,Industrial Corridor,DMIC/NICDC,9.4,25,55217000,83.5,0,2024-01-16,Stage 4 of 5,61.4,Low,20,2026-08-22,0.022,N,10
LA-2021-0492,Karnataka,Mysuru,15.3292,75.2696,Industrial Corridor,State Industrial Dev. Corp,7.9,29,69761000,34.9,0,2021-12-24,Stage 1 of 5,40.5,Low,162,2026-04-22,0.378,Y,520
LA-2021-0493,Rajasthan,Jodhpur,26.4742,74.1832,Railway,Ministry of Railways,10.7,10,54683000,52.0,2,2021-08-31,Stage 3 of 5,38.8,High,326,2026-07-13,0.352,Y,229
LA-2021-0494,Maharashtra,Thane,19.9406,76.1736,Irrigation/Water Res.,State Water Resources Dept,26.1,204,175521000,91.1,0,2021-09-09,Stage 5 of 5,75.4,High,225,2026-08-25,0.189,N,35
LA-2023-0495,Madhya Pradesh,Indore,22.7448,79.2286,Highway,State PWD,7.0,36,33454000,77.7,0,2023-04-26,Stage 3 of 5,61.1,High,41,2026-08-23,0.066,N,12
LA-2022-0496,Tamil Nadu,Tiruchirappalli,10.9517,78.4572,Highway,NHAI,37.7,79,349092000,82.3,0,2022-12-26,Stage 5 of 5,77.9,Medium,186,2026-08-26,0.304,Y,176
LA-2021-0497,Rajasthan,Jodhpur,26.9464,73.7047,Industrial Corridor,DMIC/NICDC,7.9,28,74255000,74.2,0,2021-05-29,Stage 4 of 5,43.6,Medium,275,2026-07-09,0.125,N,1
LA-2021-0498,Gujarat,Vadodara,21.8782,70.7499,Irrigation/Water Res.,State Water Resources Dept,10.4,47,83046000,76.5,0,2021-03-08,Stage 4 of 5,62.4,High,180,2026-08-21,0.249,N,15
LA-2020-0499,Maharashtra,Nashik,20.0461,75.7203,Irrigation/Water Res.,State Water Resources Dept,2.0,21,10281000,81.2,0,2020-10-20,Stage 4 of 5,81.9,Low,231,2026-07-15,0.136,N,12
LA-2023-0500,Maharashtra,Satara,19.5058,75.3462,Irrigation/Water Res.,State Water Resources Dept,6.3,22,38803000,83.4,0,2023-09-03,Stage 4 of 5,75.3,Medium,180,2026-08-15,0.164,N,1
LA-2025-0501,Bihar,Bhagalpur,25.5856,85.1489,Highway,NHAI,2.0,12,17341000,62.3,1,2025-12-21,Stage 3 of 5,38.7,High,46,2026-08-17,0.312,Y,46
LA-2023-0502,Maharashtra,Pune,19.8493,75.3158,Railway,State Railway Infra Corp,32.9,92,206123000,40.7,1,2023-02-08,Stage 2 of 5,54.7,High,98,2026-07-26,0.229,N,9
LA-2020-0503,Andhra Pradesh,Guntur,15.9114,80.2903,Industrial Corridor,DMIC/NICDC,29.5,56,78258000,37.7,0,2020-12-12,Stage 1 of 5,17.3,Low,302,2026-07-26,0.339,Y,171
LA-2024-0504,Tamil Nadu,Salem,10.8848,78.099,Highway,State PWD,41.4,94,226619000,11.1,4,2024-04-10,Stage 1 of 5,0.8,High,73,2025-09-26,0.558,Y,273
LA-2023-0505,Tamil Nadu,Salem,11.7177,78.1644,Highway,State PWD,19.3,88,164015000,80.5,0,2023-04-12,Stage 4 of 5,54.2,Medium,369,2026-08-26,0.141,N,9
LA-2022-0506,Tamil Nadu,Coimbatore,11.4126,78.9776,Power Transmission,State Electricity Board,7.6,46,35099000,62.1,0,2022-01-06,Stage 3 of 5,56.3,Low,106,2026-08-19,0.292,N,0
LA-2021-0507,Andhra Pradesh,Kurnool,15.3235,79.3685,Urban Infra/Metro,State Metro Rail Corp,7.6,35,50019000,79.0,0,2021-03-28,Stage 4 of 5,62.4,Medium,278,2026-06-20,0.147,N,7
LA-2020-0508,Bihar,Gaya,25.1607,85.3488,Railway,State Railway Infra Corp,14.1,43,96911000,59.5,1,2020-10-17,Stage 3 of 5,56.2,Low,108,2026-08-26,0.173,N,44
LA-2025-0509,Andhra Pradesh,Anantapur,16.421,79.6408,Urban Infra/Metro,Urban Dev. Authority,21.8,140,223786000,65.5,0,2025-12-25,Stage 3 of 5,51.1,Low,92,2026-08-17,0.267,N,49
LA-2022-0510,Rajasthan,Udaipur,27.054,73.8679,Irrigation/Water Res.,State Water Resources Dept,20.2,217,131497000,82.0,0,2022-06-10,Stage 4 of 5,79.2,Low,250,2026-08-21,0.122,N,4
LA-2024-0511,Uttar Pradesh,Lucknow,27.0717,80.9105,Railway,State Railway Infra Corp,2.0,12,12200000,64.5,0,2024-02-10,Stage 3 of 5,68.3,Medium,20,2026-07-27,0.079,N,0
LA-2021-0512,Bihar,Bhagalpur,25.2028,84.8801,Highway,NHAI,161.9,1059,1520679000,0.0,4,2021-01-09,Stage 1 of 5,17.6,Medium,155,2026-07-11,0.709,Y,466
LA-2021-0513,Maharashtra,Thane,20.2611,75.2387,Railway,Ministry of Railways,27.0,74,249616000,79.1,5,2021-04-15,Stage 5 of 5,65.5,Medium,182,2026-07-28,0.387,Y,310
LA-2022-0514,Tamil Nadu,Tiruchirappalli,10.6665,78.7229,Highway,State PWD,7.6,17,30374000,26.0,0,2022-11-19,Stage 1 of 5,29.0,Low,145,2026-08-25,0.329,Y,141
LA-2021-0515,Odisha,Sundargarh,21.3796,85.077,Industrial Corridor,State Industrial Dev. Corp,17.2,66,112141000,53.6,0,2021-01-15,Stage 3 of 5,55.6,High,218,2026-08-15,0.167,N,8
LA-2023-0516,Gujarat,Bharuch,22.4403,70.7773,Irrigation/Water Res.,State Water Resources Dept,16.0,93,119823000,89.2,0,2023-08-05,Stage 5 of 5,67.4,Medium,95,2026-07-31,0.269,N,0
LA-2021-0517,Uttar Pradesh,Noida,27.0482,81.3138,Highway,NHAI,16.1,50,92085000,49.6,1,2021-06-15,Stage 4 of 5,53.7,Medium,148,2026-08-22,0.258,N,2
LA-2020-0518,Bihar,Darbhanga,24.9145,85.6295,Highway,State PWD,19.7,149,227770000,21.4,1,2020-12-29,Stage 1 of 5,33.3,Medium,235,2026-07-15,0.277,N,4
LA-2022-0519,Tamil Nadu,Coimbatore,10.7142,78.9236,Industrial Corridor,State Industrial Dev. Corp,8.3,19,25650000,18.1,8,2022-12-14,Stage 3 of 5,16.2,Low,300,2026-06-05,0.898,Y,323
LA-2022-0520,West Bengal,Kolkata,23.0767,88.3229,Irrigation/Water Res.,State Water Resources Dept,46.9,166,407010000,12.5,3,2022-10-31,Stage 1 of 5,29.2,High,182,2026-07-27,0.517,Y,190
LA-2023-0521,Gujarat,Rajkot,22.1522,71.1448,Highway,NHAI,12.4,29,41539000,100.0,0,2023-03-04,Stage 5 of 5,76.3,High,241,2026-08-20,0.072,N,1
LA-2025-0522,Gujarat,Bharuch,22.1449,70.8451,Irrigation/Water Res.,State Water Resources Dept,15.1,97,122680000,89.1,0,2025-10-21,Stage 4 of 5,100.0,Medium,30,2026-08-07,0.007,N,46
LA-2025-0523,Tamil Nadu,Coimbatore,11.1729,79.0075,Railway,Ministry of Railways,16.2,33,142046000,27.0,0,2025-01-09,Stage 1 of 5,25.2,High,173,2026-07-04,0.515,Y,268
LA-2022-0524,Tamil Nadu,Madurai,10.9169,78.0873,Industrial Corridor,DMIC/NICDC,26.9,72,182831000,22.5,2,2022-03-20,Stage 1 of 5,18.4,Low,289,2026-08-11,0.513,Y,435
LA-2022-0525,West Bengal,Nadia,23.4809,88.394,Power Transmission,Power Grid Corp,16.4,105,86366000,14.9,5,2022-10-10,Stage 2 of 5,9.8,Medium,296,2026-06-02,0.793,Y,733
LA-2024-0526,Bihar,Gaya,24.9208,85.7828,Highway,NHAI,20.5,31,67406000,12.2,8,2024-10-11,Stage 3 of 5,17.7,Medium,301,2026-04-14,0.85,Y,105
LA-2022-0527,Madhya Pradesh,Jabalpur,22.5303,78.7425,Highway,State PWD,26.9,48,224624000,71.3,2,2022-05-25,Stage 4 of 5,49.4,Medium,193,2026-08-17,0.273,N,44
LA-2024-0528,Rajasthan,Jodhpur,27.2351,74.0463,Railway,State Railway Infra Corp,14.6,68,143361000,47.7,0,2024-11-01,Stage 2 of 5,42.0,Low,145,2026-08-13,0.258,N,1
LA-2022-0529,Bihar,Muzaffarpur,24.7252,84.7319,Railway,State Railway Infra Corp,49.1,316,222462000,67.9,0,2022-12-09,Stage 4 of 5,49.0,Medium,362,2026-08-25,0.193,N,7
LA-2024-0530,Maharashtra,Raigad,19.3116,75.8994,Industrial Corridor,DMIC/NICDC,10.9,68,97219000,48.2,0,2024-11-28,Stage 2 of 5,42.4,Low,163,2026-08-16,0.232,N,3
LA-2022-0531,Andhra Pradesh,Visakhapatnam,16.4721,80.2963,Railway,State Railway Infra Corp,10.5,116,37593000,65.6,0,2022-10-24,Stage 3 of 5,48.2,High,348,2026-07-14,0.051,N,15
LA-2021-0532,Odisha,Khordha,20.3997,84.8973,Railway,Ministry of Railways,109.1,873,1108480000,16.5,1,2021-06-02,Stage 1 of 5,31.7,Low,80,2026-06-05,0.461,Y,248
LA-2021-0533,West Bengal,Howrah,22.8949,87.4619,Industrial Corridor,DMIC/NICDC,29.8,102,109835000,60.3,0,2021-05-27,Stage 3 of 5,62.6,Medium,234,2026-08-23,0.221,N,5
LA-2024-0534,Karnataka,Belagavi,15.3931,75.3086,Highway,NHAI,21.5,129,205285000,27.4,3,2024-07-14,Stage 2 of 5,21.2,Low,211,2026-07-29,0.581,Y,547
LA-2021-0535,Tamil Nadu,Salem,10.7413,78.9652,Highway,NHAI,8.7,63,58493000,20.4,2,2021-08-02,Stage 1 of 5,19.2,Medium,197,2026-03-13,0.479,Y,524
LA-2021-0536,Tamil Nadu,Madurai,10.564,78.9255,Power Transmission,Power Grid Corp,23.2,212,234059000,100.0,0,2021-08-07,Stage 5 of 5,90.1,Medium,204,2026-08-18,0.0,N,3
LA-2021-0537,Karnataka,Hubballi-Dharwad,15.6577,75.4761,Railway,State Railway Infra Corp,46.5,239,438786000,64.9,1,2021-06-04,Stage 4 of 5,51.9,Medium,134,2026-08-23,0.283,N,27
LA-2021-0538,Bihar,Bhagalpur,25.2976,85.2284,Railway,State Railway Infra Corp,14.4,35,128281000,50.4,0,2021-04-23,Stage 3 of 5,34.6,Medium,235,2026-07-25,0.356,Y,324
LA-2023-0539,Karnataka,Belagavi,14.7405,75.7163,Irrigation/Water Res.,State Water Resources Dept,10.6,97,78847000,53.4,0,2023-06-24,Stage 3 of 5,62.8,High,196,2026-08-26,0.205,N,45
LA-2023-0540,Andhra Pradesh,Vijayawada,16.3879,79.4696,Highway,State PWD,30.2,209,286916000,50.6,0,2023-01-02,Stage 3 of 5,43.9,High,299,2026-07-29,0.271,N,4
LA-2020-0541,Bihar,Patna,24.5492,85.0066,Industrial Corridor,DMIC/NICDC,47.2,281,182094000,65.6,0,2020-11-13,Stage 3 of 5,62.7,Medium,387,2026-08-23,0.306,Y,694
LA-2021-0542,Bihar,Darbhanga,24.6543,85.5103,Highway,NHAI,4.9,19,13647000,62.9,0,2021-08-14,Stage 3 of 5,56.5,High,117,2026-08-24,0.24,N,0
LA-2022-0543,Rajasthan,Jaipur,27.3013,74.4151,Highway,State PWD,50.5,298,171753000,77.0,2,2022-05-18,Stage 5 of 5,70.6,Medium,95,2026-08-21,0.218,N,29
LA-2022-0544,Andhra Pradesh,Guntur,15.5168,79.5997,Power Transmission,State Electricity Board,24.9,86,77584000,44.7,8,2022-08-01,Stage 4 of 5,27.3,Low,229,2026-08-02,0.79,Y,452
LA-2023-0545,Odisha,Khordha,21.4762,84.6034,Irrigation/Water Res.,State Water Resources Dept,12.0,31,73704000,59.7,0,2023-12-20,Stage 3 of 5,67.1,Medium,164,2026-08-08,0.162,N,8
LA-2024-0546,Tamil Nadu,Chennai,11.3535,78.3957,Railway,Ministry of Railways,9.5,39,37882000,63.8,0,2024-02-08,Stage 3 of 5,58.0,Low,131,2026-08-24,0.283,N,52
LA-2022-0547,Rajasthan,Udaipur,26.4878,74.635,Irrigation/Water Res.,State Water Resources Dept,14.6,111,91872000,18.8,2,2022-10-23,Stage 1 of 5,20.6,Medium,160,2026-08-18,0.546,Y,790
LA-2021-0548,Madhya Pradesh,Bhopal,23.0095,79.0545,Railway,Ministry of Railways,21.4,48,115961000,53.7,8,2021-10-05,Stage 5 of 5,48.6,Medium,247,2026-06-26,0.766,Y,940
LA-2021-0549,Odisha,Cuttack,20.8236,85.4901,Highway,NHAI,105.8,449,766950000,48.7,0,2021-11-28,Stage 3 of 5,37.8,Low,248,2026-08-26,0.14,N,16
LA-2024-0550,Maharashtra,Aurangabad,19.9751,75.3687,Power Transmission,State Electricity Board,46.4,82,338221000,51.6,0,2024-10-13,Stage 2 of 5,41.4,Medium,192,2026-08-19,0.238,N,4
LA-2022-0551,Madhya Pradesh,Jabalpur,23.2409,78.8843,Urban Infra/Metro,Urban Dev. Authority,31.6,89,298113000,49.5,0,2022-04-20,Stage 2 of 5,49.1,Medium,151,2026-07-29,0.275,N,27
LA-2023-0552,Uttar Pradesh,Agra,26.6542,80.7485,Highway,NHAI,2.6,24,25250000,97.4,0,2023-06-07,Stage 5 of 5,81.3,Medium,286,2026-08-23,0.158,N,18
LA-2021-0553,Andhra Pradesh,Kurnool,15.6158,79.8318,Urban Infra/Metro,State Metro Rail Corp,16.9,81,70463000,60.1,0,2021-09-18,Stage 3 of 5,59.4,Low,249,2026-08-22,0.194,N,8
LA-2024-0554,Gujarat,Rajkot,22.7928,71.2502,Urban Infra/Metro,Urban Dev. Authority,56.8,319,464491000,40.5,0,2024-09-27,Stage 2 of 5,14.4,Medium,161,2026-08-23,0.248,N,1
LA-2022-0555,Maharashtra,Nashik,19.5639,75.8265,Highway,NHAI,12.0,53,94304000,62.2,3,2022-09-25,Stage 4 of 5,55.3,High,265,2026-07-07,0.347,Y,255
LA-2023-0556,Tamil Nadu,Madurai,11.3236,78.5539,Highway,NHAI,30.1,234,295269000,89.5,0,2023-10-10,Stage 5 of 5,71.4,Medium,215,2026-08-25,0.074,N,2
LA-2025-0557,Maharashtra,Aurangabad,19.9955,76.1834,Irrigation/Water Res.,State Water Resources Dept,20.3,94,101132000,34.3,5,2025-01-04,Stage 3 of 5,18.0,Low,197,2025-11-16,0.847,Y,192
LA-2025-0558,Karnataka,Mysuru,15.7789,75.4975,Railway,State Railway Infra Corp,3.2,36,28667000,74.3,0,2025-11-25,Stage 3 of 5,68.4,Medium,20,2026-08-18,0.069,N,7
LA-2023-0559,West Bengal,Kolkata,23.3013,87.7702,Highway,State PWD,7.7,29,41120000,68.9,0,2023-12-19,Stage 4 of 5,52.4,Medium,311,2026-08-26,0.201,N,0
LA-2023-0560,Maharashtra,Thane,19.4311,76.2005,Highway,State PWD,37.0,79,216786000,62.7,4,2023-07-14,Stage 5 of 5,61.9,Low,145,2026-07-02,0.426,Y,267
LA-2022-0561,Uttar Pradesh,Lucknow,26.5895,81.3839,Power Transmission,State Electricity Board,15.6,59,102129000,50.1,0,2022-02-13,Stage 2 of 5,32.6,High,330,2026-08-11,0.239,N,1
LA-2022-0562,Bihar,Bhagalpur,24.7435,85.1964,Highway,NHAI,6.3,46,31703000,0.0,12,2022-07-07,Stage 1 of 5,0.0,Medium,147,2026-02-16,1.22,Y,391
LA-2022-0563,Uttar Pradesh,Lucknow,27.3014,81.3463,Urban Infra/Metro,Urban Dev. Authority,66.0,205,334356000,37.3,1,2022-11-27,Stage 2 of 5,28.6,Medium,262,2026-06-15,0.418,Y,270
LA-2023-0564,Rajasthan,Jaipur,27.5155,74.229,Industrial Corridor,State Industrial Dev. Corp,4.9,25,30471000,71.3,0,2023-01-09,Stage 4 of 5,60.8,High,234,2026-08-24,0.109,N,3
LA-2024-0565,West Bengal,Kolkata,23.2321,88.1096,Highway,NHAI,6.2,47,30587000,38.1,0,2024-02-11,Stage 1 of 5,31.1,High,64,2026-08-23,0.247,N,2
LA-2025-0566,Uttar Pradesh,Meerut,26.6831,80.7944,Urban Infra/Metro,Urban Dev. Authority,4.1,15,26067000,75.8,0,2025-08-22,Stage 4 of 5,62.9,Medium,123,2026-08-24,0.117,N,4
LA-2023-0567,Rajasthan,Jodhpur,26.6626,74.5623,Railway,Ministry of Railways,20.8,121,184389000,34.1,0,2023-06-06,Stage 1 of 5,32.3,High,247,2026-08-27,0.247,N,54
LA-2021-0568,Rajasthan,Jodhpur,27.4807,74.5271,Irrigation/Water Res.,State Water Resources Dept,39.2,158,343447000,86.7,0,2021-07-02,Stage 5 of 5,99.4,High,123,2026-08-11,0.198,N,19
LA-2020-0569,Karnataka,Mysuru,15.2626,75.6829,Railway,Ministry of Railways,25.2,56,175800000,27.6,0,2020-10-17,Stage 1 of 5,20.5,Low,125,2026-08-25,0.184,N,16
LA-2021-0570,Maharashtra,Satara,19.7506,75.5183,Highway,NHAI,49.4,102,466334000,65.9,0,2021-07-22,Stage 3 of 5,52.9,Medium,184,2026-08-17,0.204,N,32
LA-2025-0571,Maharashtra,Nashik,19.2893,75.1715,Irrigation/Water Res.,State Water Resources Dept,31.1,206,152376000,55.9,0,2025-08-21,Stage 3 of 5,31.6,Medium,185,2026-08-22,0.222,N,2
LA-2026-0572,Uttar Pradesh,Meerut,27.1974,80.8455,Highway,NHAI,18.3,35,72861000,56.7,1,2026-01-30,Stage 3 of 5,39.8,Low,172,2026-08-12,0.256,N,1
LA-2025-0573,Andhra Pradesh,Guntur,15.3675,79.3294,Highway,NHAI,37.5,259,268659000,48.6,0,2025-08-01,Stage 2 of 5,38.5,Medium,134,2026-08-20,0.154,N,29
LA-2024-0574,Madhya Pradesh,Indore,22.9348,78.3869,Highway,State PWD,23.2,90,127871000,77.8,0,2024-12-06,Stage 4 of 5,75.1,Medium,228,2026-06-29,0.073,N,51
LA-2022-0575,Gujarat,Surat,21.7435,71.2416,Power Transmission,Power Grid Corp,15.3,128,52862000,100.0,0,2022-06-09,Stage 5 of 5,92.5,High,142,2026-08-02,0.046,N,1
LA-2021-0576,Uttar Pradesh,Kanpur,26.3317,80.8265,Irrigation/Water Res.,State Water Resources Dept,5.3,15,33931000,46.2,0,2021-06-09,Stage 2 of 5,48.8,High,141,2026-08-21,0.216,N,15
LA-2023-0577,Odisha,Cuttack,20.3807,85.231,Industrial Corridor,State Industrial Dev. Corp,9.8,31,64616000,76.9,0,2023-07-31,Stage 4 of 5,62.7,Low,328,2026-08-18,0.195,N,23
LA-2022-0578,Tamil Nadu,Madurai,11.6438,78.5709,Railway,Ministry of Railways,17.7,51,66097000,79.2,0,2022-10-12,Stage 5 of 5,60.3,Medium,372,2026-08-24,0.155,N,12
LA-2025-0579,Uttar Pradesh,Agra,27.2158,80.4108,Highway,State PWD,11.1,13,73759000,91.9,0,2025-07-17,Stage 5 of 5,73.5,High,167,2026-08-23,0.123,N,7
LA-2021-0580,West Bengal,Kolkata,23.3435,87.6171,Power Transmission,Power Grid Corp,49.9,96,157241000,100.0,0,2021-07-14,Stage 5 of 5,82.5,Medium,230,2026-07-28,0.0,N,27
LA-2021-0581,Uttar Pradesh,Ghaziabad,27.2348,80.5313,Railway,Ministry of Railways,65.3,56,390442000,73.8,1,2021-07-01,Stage 4 of 5,75.0,Medium,139,2026-08-27,0.248,N,16
LA-2023-0582,Bihar,Gaya,25.2743,84.747,Highway,State PWD,18.0,53,100299000,84.5,1,2023-06-30,Stage 5 of 5,86.9,High,223,2026-08-27,0.0,N,43
LA-2022-0583,Odisha,Khordha,21.0862,84.9508,Highway,NHAI,64.9,46,143330000,91.7,0,2022-05-15,Stage 5 of 5,76.3,Medium,204,2026-07-28,0.0,N,4
LA-2021-0584,Gujarat,Rajkot,22.1548,70.6796,Industrial Corridor,DMIC/NICDC,15.9,111,106435000,11.2,8,2021-12-31,Stage 2 of 5,8.8,High,273,2026-04-23,0.93,Y,937
LA-2021-0585,West Bengal,Hooghly,23.4334,88.2892,Urban Infra/Metro,State Metro Rail Corp,20.1,98,98131000,91.4,0,2021-03-12,Stage 5 of 5,48.7,Medium,165,2026-08-24,0.071,N,1
LA-2024-0586,Uttar Pradesh,Varanasi,26.829,81.2879,Railway,Ministry of Railways,9.5,33,42966000,41.7,1,2024-11-28,Stage 2 of 5,31.4,Medium,387,2026-05-29,0.369,Y,691
LA-2023-0587,Gujarat,Bharuch,21.7575,71.3325,Highway,NHAI,9.1,58,45163000,76.6,2,2023-12-28,Stage 4 of 5,78.1,High,182,2026-06-24,0.347,Y,171
LA-2024-0588,Andhra Pradesh,Anantapur,15.3602,79.5759,Irrigation/Water Res.,State Water Resources Dept,6.7,60,64102000,100.0,0,2024-08-07,Stage 5 of 5,76.2,Medium,333,2026-08-23,0.141,N,6
LA-2025-0589,Rajasthan,Alwar,26.9088,74.3676,Power Transmission,Power Grid Corp,15.9,198,169678000,85.0,0,2025-03-21,Stage 4 of 5,74.5,Low,232,2026-08-12,0.095,N,2
LA-2022-0590,Tamil Nadu,Chennai,11.3427,78.4784,Highway,State PWD,6.4,43,23040000,90.3,0,2022-03-01,Stage 5 of 5,78.7,Low,350,2026-08-26,0.134,N,15
LA-2023-0591,Maharashtra,Satara,19.3058,75.2236,Highway,State PWD,37.2,203,281567000,69.6,1,2023-11-30,Stage 4 of 5,79.8,High,250,2026-08-23,0.141,N,0
LA-2023-0592,Tamil Nadu,Salem,11.553,78.3601,Railway,Ministry of Railways,4.4,23,35433000,72.5,0,2023-09-21,Stage 4 of 5,50.0,Low,76,2026-08-20,0.191,N,25
LA-2021-0593,Odisha,Ganjam,21.4971,85.5179,Urban Infra/Metro,Urban Dev. Authority,5.5,29,54496000,68.6,0,2021-06-08,Stage 3 of 5,40.6,Medium,20,2026-08-09,0.136,N,3
LA-2025-0594,Bihar,Patna,25.6463,85.0261,Industrial Corridor,State Industrial Dev. Corp,19.2,103,169385000,88.8,1,2025-07-27,Stage 4 of 5,98.5,Medium,253,2026-08-23,0.0,N,3
LA-2022-0595,Gujarat,Vadodara,22.4813,70.7369,Highway,NHAI,3.7,24,20356000,98.7,0,2022-07-18,Stage 5 of 5,100.0,Medium,187,2026-08-16,0.054,N,4
LA-2021-0596,Bihar,Patna,25.1638,85.3342,Power Transmission,Power Grid Corp,6.2,38,33011000,58.1,0,2021-05-10,Stage 3 of 5,45.5,Medium,250,2026-08-19,0.103,N,2
LA-2024-0597,Rajasthan,Udaipur,26.4748,74.1216,Railway,State Railway Infra Corp,14.2,140,143073000,33.5,0,2024-05-03,Stage 2 of 5,22.5,Low,115,2026-07-24,0.413,Y,89
LA-2021-0598,Tamil Nadu,Salem,11.3737,78.8732,Highway,State PWD,8.8,78,43793000,53.9,0,2021-06-21,Stage 3 of 5,30.5,Low,49,2026-08-21,0.21,N,12
LA-2025-0599,Rajasthan,Alwar,27.1219,74.006,Railway,State Railway Infra Corp,15.9,41,140937000,65.2,0,2025-10-22,Stage 3 of 5,59.4,Low,219,2026-06-30,0.239,N,7
LA-2026-0600,Tamil Nadu,Chennai,11.675,78.2986,Power Transmission,Power Grid Corp,6.3,29,36865000,85.2,0,2026-01-14,Stage 5 of 5,69.3,Medium,261,2026-08-03,0.06,N,37
LA-2024-0601,West Bengal,Howrah,22.7759,87.5379,Railway,State Railway Infra Corp,26.3,92,139211000,81.7,0,2024-04-21,Stage 4 of 5,65.8,Low,173,2026-08-26,0.198,N,3
LA-2020-0602,Maharashtra,Aurangabad,19.8782,75.9297,Irrigation/Water Res.,State Water Resources Dept,15.0,58,72384000,72.1,0,2020-09-30,Stage 3 of 5,75.2,Low,248,2026-08-14,0.136,N,7
LA-2024-0603,Odisha,Ganjam,21.1519,85.5784,Highway,State PWD,56.8,325,299262000,67.1,2,2024-05-09,Stage 3 of 5,48.7,High,174,2026-08-21,0.321,Y,290
LA-2023-0604,Uttar Pradesh,Meerut,26.4969,81.2643,Urban Infra/Metro,Urban Dev. Authority,28.9,143,159940000,56.3,2,2023-05-19,Stage 3 of 5,53.9,Medium,482,2026-08-26,0.264,N,7
LA-2021-0605,Andhra Pradesh,Kurnool,15.9493,79.8586,Urban Infra/Metro,Urban Dev. Authority,10.2,56,40989000,98.1,0,2021-12-22,Stage 5 of 5,73.1,Medium,135,2026-08-25,0.0,N,4
LA-2022-0606,Madhya Pradesh,Bhopal,23.0635,78.9427,Railway,State Railway Infra Corp,81.3,379,692207000,85.2,0,2022-10-20,Stage 4 of 5,61.5,Low,238,2026-08-27,0.121,N,13
LA-2021-0607,Maharashtra,Aurangabad,19.2248,76.2442,Power Transmission,State Electricity Board,3.7,18,32029000,87.0,0,2021-08-24,Stage 4 of 5,69.4,High,136,2026-08-24,0.042,N,1
LA-2024-0608,Tamil Nadu,Madurai,10.5891,78.4612,Industrial Corridor,DMIC/NICDC,40.5,80,160912000,57.4,0,2024-09-15,Stage 3 of 5,35.2,High,320,2026-08-14,0.266,N,3
LA-2024-0609,Uttar Pradesh,Noida,27.4315,81.0181,Industrial Corridor,DMIC/NICDC,12.2,34,60299000,33.4,4,2024-01-31,Stage 3 of 5,32.7,High,270,2026-08-24,0.513,Y,53
LA-2021-0610,Tamil Nadu,Chennai,11.1876,78.2034,Highway,NHAI,10.5,47,32951000,39.3,1,2021-11-17,Stage 2 of 5,50.8,Low,194,2026-08-23,0.265,N,3
LA-2022-0611,Gujarat,Ahmedabad,22.4806,71.7489,Urban Infra/Metro,State Metro Rail Corp,6.1,68,19884000,82.9,0,2022-09-04,Stage 4 of 5,67.0,High,152,2026-08-23,0.072,N,0
LA-2020-0612,Uttar Pradesh,Varanasi,26.312,81.1342,Power Transmission,Power Grid Corp,6.0,46,30323000,60.5,0,2020-10-19,Stage 3 of 5,34.7,High,162,2026-08-05,0.117,N,2
LA-2025-0613,Tamil Nadu,Madurai,11.2627,79.0416,Railway,Ministry of Railways,6.1,19,40322000,74.6,0,2025-03-04,Stage 4 of 5,59.4,Medium,133,2026-08-24,0.158,N,6
LA-2024-0614,Uttar Pradesh,Agra,27.1966,81.4927,Railway,Ministry of Railways,22.2,294,160847000,77.2,0,2024-05-01,Stage 4 of 5,68.7,High,93,2026-08-18,0.131,N,20
LA-2025-0615,Maharashtra,Thane,19.6274,75.7226,Urban Infra/Metro,Urban Dev. Authority,6.8,13,43646000,75.0,0,2025-11-25,Stage 4 of 5,69.8,Low,134,2026-08-26,0.077,N,6
LA-2024-0616,Andhra Pradesh,Visakhapatnam,15.8139,79.5007,Irrigation/Water Res.,State Water Resources Dept,12.9,46,61928000,100.0,0,2024-01-12,Stage 5 of 5,87.2,High,342,2026-08-20,0.067,N,11
LA-2021-0617,Odisha,Sundargarh,21.1562,84.6505,Railway,State Railway Infra Corp,5.5,39,24636000,47.8,0,2021-08-04,Stage 3 of 5,15.8,Medium,247,2026-08-17,0.24,N,2
LA-2022-0618,Tamil Nadu,Chennai,11.3824,79.1153,Railway,State Railway Infra Corp,46.4,598,356410000,54.6,0,2022-01-08,Stage 3 of 5,44.8,Low,161,2026-08-18,0.216,N,1
LA-2021-0619,Bihar,Darbhanga,25.3542,85.2975,Railway,State Railway Infra Corp,23.9,182,132295000,15.3,5,2021-12-18,Stage 2 of 5,15.8,Medium,321,2026-05-24,0.773,Y,1047
LA-2021-0620,West Bengal,Hooghly,23.5822,87.3949,Power Transmission,Power Grid Corp,2.0,12,6863000,77.7,0,2021-03-03,Stage 4 of 5,68.7,Medium,182,2026-08-26,0.101,N,2
LA-2023-0621,Gujarat,Bharuch,22.7165,71.5417,Irrigation/Water Res.,State Water Resources Dept,13.8,41,89946000,56.5,0,2023-08-04,Stage 3 of 5,56.9,Medium,43,2026-08-24,0.252,N,32
LA-2022-0622,Bihar,Gaya,25.5154,85.4521,Highway,State PWD,75.0,164,648138000,55.7,0,2022-05-17,Stage 3 of 5,51.0,Medium,259,2026-07-17,0.205,N,32
LA-2023-0623,Maharashtra,Nagpur,20.1933,75.2688,Irrigation/Water Res.,State Water Resources Dept,8.2,48,24549000,52.5,0,2023-12-28,Stage 2 of 5,42.0,High,205,2026-07-24,0.244,N,0
LA-2025-0624,Gujarat,Vadodara,21.7486,70.7247,Railway,State Railway Infra Corp,19.0,96,91565000,74.9,0,2025-03-19,Stage 4 of 5,68.9,Low,183,2026-06-15,0.173,N,14
LA-2025-0625,Karnataka,Bengaluru Rural,14.9763,76.1299,Railway,State Railway Infra Corp,15.6,56,145983000,99.3,0,2025-01-23,Stage 5 of 5,100.0,Low,114,2026-08-23,0.0,N,5
LA-2020-0626,Bihar,Darbhanga,24.6147,84.7639,Irrigation/Water Res.,State Water Resources Dept,2.0,25,21123000,98.0,0,2020-10-12,Stage 5 of 5,79.6,Low,112,2026-08-19,0.148,N,38
LA-2024-0627,Andhra Pradesh,Kurnool,15.4813,79.5854,Industrial Corridor,State Industrial Dev. Corp,4.7,15,24024000,56.8,0,2024-12-04,Stage 2 of 5,31.6,Medium,280,2026-08-24,0.241,N,16
LA-2024-0628,Rajasthan,Udaipur,26.6411,74.271,Urban Infra/Metro,State Metro Rail Corp,46.3,241,453308000,44.2,0,2024-03-26,Stage 2 of 5,44.2,High,111,2026-08-16,0.222,N,21
LA-2020-0629,Uttar Pradesh,Noida,26.5503,81.5169,Power Transmission,State Electricity Board,12.8,60,63389000,61.9,1,2020-11-14,Stage 3 of 5,45.9,Medium,74,2026-08-23,0.374,Y,70
LA-2024-0630,Bihar,Bhagalpur,25.1942,85.3396,Railway,State Railway Infra Corp,9.6,58,68103000,95.4,0,2024-08-05,Stage 5 of 5,70.4,High,164,2026-08-24,0.137,N,28
LA-2023-0631,Gujarat,Vadodara,21.6913,70.9083,Industrial Corridor,State Industrial Dev. Corp,14.0,23,51246000,73.9,0,2023-01-06,Stage 3 of 5,63.6,Medium,174,2026-08-23,0.217,N,4
LA-2024-0632,Maharashtra,Nagpur,19.5723,75.4037,Highway,NHAI,33.5,112,114757000,65.8,2,2024-04-24,Stage 4 of 5,57.6,High,350,2026-07-11,0.3,Y,272
LA-2025-0633,Rajasthan,Alwar,27.2948,74.5662,Highway,NHAI,66.7,70,591766000,34.6,1,2025-04-26,Stage 1 of 5,29.5,Low,123,2026-03-03,0.348,Y,517
LA-2021-0634,Gujarat,Surat,22.0729,70.8155,Highway,NHAI,98.6,517,974744000,82.2,0,2021-08-03,Stage 4 of 5,80.1,Low,45,2026-07-21,0.109,N,3
LA-2021-0635,Odisha,Khordha,21.1872,84.7852,Highway,NHAI,4.3,13,17043000,34.9,0,2021-10-11,Stage 1 of 5,31.6,Low,302,2026-07-22,0.364,Y,146
LA-2023-0636,Bihar,Muzaffarpur,25.3707,85.2427,Railway,State Railway Infra Corp,50.7,84,129250000,29.5,2,2023-08-20,Stage 2 of 5,19.9,Low,159,2026-05-29,0.552,Y,101
LA-2021-0637,West Bengal,Nadia,22.9057,88.0252,Urban Infra/Metro,Urban Dev. Authority,13.3,23,119396000,52.3,0,2021-08-21,Stage 3 of 5,50.6,Medium,38,2026-08-18,0.16,N,4
LA-2024-0638,Maharashtra,Nagpur,19.8106,75.1155,Railway,State Railway Infra Corp,7.6,71,52504000,82.0,1,2024-08-08,Stage 5 of 5,75.2,Medium,324,2026-08-27,0.255,N,1
LA-2023-0639,Maharashtra,Nashik,19.6716,75.2652,Railway,State Railway Infra Corp,36.9,297,354173000,58.8,2,2023-08-05,Stage 4 of 5,38.0,High,148,2026-08-03,0.293,N,10
LA-2026-0640,Bihar,Darbhanga,25.3887,85.7407,Highway,NHAI,3.8,9,8697000,80.7,0,2026-03-17,Stage 5 of 5,73.4,Low,363,2026-07-19,0.018,N,8
LA-2022-0641,Rajasthan,Jaipur,26.5467,73.7757,Irrigation/Water Res.,State Water Resources Dept,31.1,70,117310000,71.1,0,2022-03-14,Stage 3 of 5,45.3,Low,211,2026-08-02,0.266,N,9
LA-2026-0642,Uttar Pradesh,Noida,26.2678,81.0892,Railway,Ministry of Railways,37.2,158,284829000,62.9,0,2026-01-03,Stage 3 of 5,45.2,Medium,324,2026-07-24,0.319,Y,224
LA-2022-0643,Madhya Pradesh,Bhopal,23.2422,78.7181,Industrial Corridor,DMIC/NICDC,56.1,522,349500000,50.8,1,2022-08-10,Stage 3 of 5,51.4,Low,213,2026-08-01,0.251,N,48
LA-2021-0644,Odisha,Ganjam,21.4719,84.7627,Power Transmission,State Electricity Board,15.3,101,96275000,82.1,0,2021-12-04,Stage 4 of 5,70.0,Low,196,2026-08-18,0.0,N,7
LA-2021-0645,Uttar Pradesh,Varanasi,27.1696,80.8189,Industrial Corridor,DMIC/NICDC,11.9,33,95055000,69.1,0,2021-08-16,Stage 4 of 5,64.3,Medium,150,2026-08-26,0.248,N,0
LA-2021-0646,West Bengal,Nadia,22.7233,88.4257,Highway,State PWD,12.7,115,104183000,13.3,2,2021-08-23,Stage 1 of 5,0.0,Medium,48,2026-08-20,0.54,Y,70
LA-2025-0647,Odisha,Cuttack,20.3929,85.6776,Power Transmission,Power Grid Corp,7.0,34,31029000,58.8,0,2025-09-12,Stage 3 of 5,42.6,Medium,113,2026-07-14,0.307,Y,390
LA-2024-0648,Uttar Pradesh,Ghaziabad,26.3139,80.4914,Urban Infra/Metro,Urban Dev. Authority,7.4,73,62132000,43.0,1,2024-09-27,Stage 2 of 5,25.8,High,218,2026-05-30,0.436,Y,692
LA-2023-0649,Maharashtra,Pune,19.5328,76.3033,Railway,State Railway Infra Corp,12.6,96,54613000,70.5,5,2023-01-08,Stage 5 of 5,49.1,Medium,322,2026-02-12,0.551,Y,448
LA-2023-0650,Uttar Pradesh,Kanpur,27.2102,80.8258,Highway,State PWD,8.4,29,22625000,64.5,0,2023-11-15,Stage 3 of 5,47.3,High,126,2026-08-26,0.289,N,14
LA-2022-0651,Tamil Nadu,Tiruchirappalli,11.3138,78.7678,Highway,State PWD,8.5,61,85972000,33.4,0,2022-01-10,Stage 1 of 5,20.7,Medium,117,2026-08-26,0.114,N,12
LA-2025-0652,Maharashtra,Pune,20.2786,75.3379,Highway,NHAI,6.1,14,18907000,0.0,5,2025-03-01,Stage 2 of 5,10.4,High,118,2026-07-29,0.623,Y,122
LA-2025-0653,Rajasthan,Alwar,27.1303,74.6664,Industrial Corridor,State Industrial Dev. Corp,40.6,424,422057000,36.5,3,2025-06-10,Stage 2 of 5,35.3,High,374,2026-07-17,0.41,Y,628
LA-2024-0654,Gujarat,Ahmedabad,22.4314,71.3278,Industrial Corridor,State Industrial Dev. Corp,96.8,450,549150000,80.7,0,2024-12-23,Stage 3 of 5,90.0,Medium,321,2026-08-23,0.0,N,28
LA-2022-0655,Uttar Pradesh,Ghaziabad,26.2654,80.5989,Railway,Ministry of Railways,6.7,9,50415000,27.1,1,2022-11-01,Stage 1 of 5,23.6,Medium,263,2026-04-26,0.393,Y,770
LA-2025-0656,Rajasthan,Jodhpur,27.4362,74.2326,Industrial Corridor,DMIC/NICDC,21.3,154,88960000,73.7,0,2025-07-20,Stage 4 of 5,76.5,Medium,178,2026-07-30,0.238,N,1
LA-2024-0657,Bihar,Bhagalpur,25.1937,85.6221,Highway,State PWD,9.5,63,90143000,34.9,2,2024-10-23,Stage 2 of 5,23.0,Low,322,2026-07-30,0.574,Y,477
LA-2025-0658,Madhya Pradesh,Bhopal,23.5184,79.2455,Industrial Corridor,State Industrial Dev. Corp,10.0,27,49308000,33.1,2,2025-10-06,Stage 2 of 5,17.6,Low,289,2026-07-14,0.515,Y,1630
LA-2021-0659,Andhra Pradesh,Kurnool,15.8523,80.1726,Highway,State PWD,26.4,174,224783000,40.6,4,2021-11-07,Stage 4 of 5,33.0,Low,65,2026-06-22,0.502,Y,106
LA-2021-0660,Gujarat,Surat,21.7626,71.3033,Industrial Corridor,State Industrial Dev. Corp,21.4,27,164608000,49.6,0,2021-03-26,Stage 2 of 5,35.7,Low,97,2026-08-23,0.173,N,21
LA-2021-0661,Odisha,Ganjam,21.2935,85.6139,Industrial Corridor,State Industrial Dev. Corp,21.3,38,86186000,100.0,0,2021-09-06,Stage 5 of 5,83.7,Low,48,2026-08-24,0.003,N,5
LA-2023-0662,Odisha,Sundargarh,20.3628,84.8735,Highway,NHAI,4.2,27,29669000,77.5,3,2023-12-11,Stage 5 of 5,58.9,Low,473,2026-08-23,0.415,Y,382
LA-2022-0663,Odisha,Ganjam,20.6169,84.5322,Urban Infra/Metro,State Metro Rail Corp,87.1,313,715068000,64.5,0,2022-04-10,Stage 3 of 5,57.3,Low,202,2026-07-31,0.256,N,1
LA-2023-0664,Gujarat,Rajkot,22.1486,70.964,Highway,NHAI,11.5,73,99806000,86.2,1,2023-03-29,Stage 5 of 5,80.3,Medium,401,2026-07-25,0.022,N,3
LA-2025-0665,Uttar Pradesh,Varanasi,26.5839,80.8417,Highway,NHAI,18.9,259,166570000,13.7,3,2025-06-22,Stage 1 of 5,17.8,Low,267,2026-05-14,0.587,Y,820
LA-2025-0666,Maharashtra,Satara,20.3072,75.2614,Highway,State PWD,24.6,205,175738000,63.4,0,2025-07-15,Stage 3 of 5,52.9,Medium,213,2026-08-22,0.1,N,21
LA-2024-0667,Andhra Pradesh,Anantapur,16.4339,79.3956,Highway,State PWD,50.2,97,269621000,17.0,0,2024-09-29,Stage 1 of 5,25.7,High,81,2026-06-02,0.354,Y,245
LA-2020-0668,Maharashtra,Thane,19.4861,75.2261,Highway,State PWD,32.4,143,189602000,94.0,0,2020-12-15,Stage 5 of 5,76.0,High,227,2026-08-18,0.0,N,6
LA-2022-0669,Andhra Pradesh,Kurnool,16.2531,80.3097,Irrigation/Water Res.,State Water Resources Dept,48.9,47,339147000,44.7,0,2022-02-14,Stage 2 of 5,41.6,High,222,2026-08-24,0.313,Y,91
LA-2020-0670,Uttar Pradesh,Lucknow,26.3826,81.3575,Highway,State PWD,9.3,30,27694000,41.4,1,2020-10-24,Stage 2 of 5,30.8,Low,269,2026-08-20,0.323,Y,60
LA-2024-0671,Maharashtra,Pune,19.1766,76.2557,Industrial Corridor,DMIC/NICDC,16.8,72,77090000,48.7,8,2024-01-18,Stage 5 of 5,44.5,Low,171,2026-07-11,0.712,Y,204
LA-2025-0672,Tamil Nadu,Coimbatore,10.5459,78.1341,Highway,State PWD,51.6,150,212988000,61.9,0,2025-03-30,Stage 4 of 5,36.7,Medium,230,2026-07-21,0.244,N,1
LA-2024-0673,Maharashtra,Satara,19.913,75.9208,Irrigation/Water Res.,State Water Resources Dept,7.5,14,23962000,64.8,0,2024-02-20,Stage 3 of 5,54.6,High,208,2026-08-10,0.251,N,9
LA-2023-0674,Rajasthan,Jaipur,27.5808,74.0074,Industrial Corridor,DMIC/NICDC,20.2,23,91657000,87.0,0,2023-12-05,Stage 5 of 5,58.5,Medium,364,2026-07-07,0.042,N,2
LA-2022-0675,Karnataka,Bengaluru Rural,15.0175,75.9829,Irrigation/Water Res.,State Water Resources Dept,3.0,21,20800000,97.5,0,2022-04-17,Stage 5 of 5,89.1,Medium,79,2026-08-25,0.001,N,22
LA-2025-0676,Gujarat,Rajkot,21.9579,71.5728,Highway,State PWD,22.8,188,161621000,64.9,2,2025-04-15,Stage 4 of 5,52.7,Low,251,2026-07-03,0.097,N,2
LA-2023-0677,Uttar Pradesh,Agra,26.7973,80.6057,Railway,Ministry of Railways,18.6,200,128087000,62.2,1,2023-10-16,Stage 3 of 5,71.0,Medium,252,2026-07-12,0.397,Y,817
LA-2024-0678,Uttar Pradesh,Varanasi,26.4156,80.5342,Irrigation/Water Res.,State Water Resources Dept,2.0,11,18196000,100.0,0,2024-12-19,Stage 5 of 5,97.5,Medium,327,2026-08-23,0.194,N,34
LA-2022-0679,Madhya Pradesh,Jabalpur,22.3897,78.4758,Highway,NHAI,6.9,34,63960000,81.2,2,2022-02-14,Stage 5 of 5,67.4,Low,157,2026-07-23,0.32,Y,158
LA-2023-0680,Bihar,Bhagalpur,25.0468,85.8766,Highway,NHAI,5.8,73,55098000,10.9,4,2023-12-23,Stage 1 of 5,26.0,Medium,241,2026-06-16,0.658,Y,668
LA-2026-0681,Rajasthan,Jaipur,27.535,73.6465,Highway,NHAI,25.7,79,65665000,100.0,0,2026-02-13,Stage 5 of 5,96.6,High,152,2026-08-11,0.075,N,13
LA-2023-0682,Karnataka,Mysuru,15.563,75.4991,Irrigation/Water Res.,State Water Resources Dept,22.3,20,166432000,53.8,0,2023-08-13,Stage 2 of 5,50.4,High,122,2026-08-26,0.226,N,21
LA-2022-0683,Maharashtra,Nashik,20.0554,75.6243,Urban Infra/Metro,State Metro Rail Corp,45.8,404,459843000,46.4,0,2022-09-17,Stage 2 of 5,40.3,Medium,302,2026-08-22,0.215,N,27
LA-2022-0684,Bihar,Gaya,24.5297,85.1762,Industrial Corridor,State Industrial Dev. Corp,10.6,63,72620000,86.2,0,2022-08-02,Stage 4 of 5,76.1,Medium,298,2026-08-26,0.045,N,17
LA-2021-0685,Rajasthan,Jodhpur,27.3572,73.9122,Industrial Corridor,DMIC/NICDC,96.1,589,688858000,55.6,2,2021-10-14,Stage 3 of 5,46.5,High,20,2026-07-11,0.4,Y,65
LA-2021-0686,Odisha,Cuttack,21.0282,85.1288,Industrial Corridor,State Industrial Dev. Corp,19.0,93,114236000,64.8,0,2021-07-04,Stage 4 of 5,42.8,Low,119,2026-08-17,0.125,N,48
LA-2025-0687,West Bengal,Howrah,22.8338,87.8042,Railway,Ministry of Railways,12.3,40,114022000,82.8,0,2025-04-29,Stage 4 of 5,78.7,High,245,2026-08-24,0.0,N,8
LA-2023-0688,Maharashtra,Nagpur,20.1441,75.8431,Irrigation/Water Res.,State Water Resources Dept,35.6,69,188093000,85.4,0,2023-09-02,Stage 4 of 5,73.1,High,254,2026-08-26,0.205,N,5
LA-2022-0689,Madhya Pradesh,Gwalior,23.0767,78.4147,Highway,State PWD,22.5,111,165896000,77.3,0,2022-10-29,Stage 4 of 5,66.0,High,201,2026-08-13,0.112,N,4
LA-2026-0690,Andhra Pradesh,Anantapur,16.3914,79.8522,Highway,State PWD,10.9,12,26435000,68.3,0,2026-01-18,Stage 4 of 5,63.4,Medium,335,2026-07-09,0.206,N,14
LA-2024-0691,Uttar Pradesh,Meerut,27.388,80.9922,Irrigation/Water Res.,State Water Resources Dept,13.2,28,92921000,42.5,0,2024-10-06,Stage 2 of 5,16.0,Medium,168,2026-08-06,0.345,Y,193
LA-2020-0692,Odisha,Cuttack,21.4153,84.7969,Power Transmission,State Electricity Board,5.4,20,51376000,82.4,2,2020-11-23,Stage 5 of 5,73.0,Medium,177,2026-08-08,0.212,N,20
LA-2022-0693,West Bengal,Kolkata,23.3149,87.547,Highway,State PWD,28.3,87,119962000,46.6,0,2022-04-13,Stage 1 of 5,41.1,Low,159,2026-07-30,0.272,N,8
LA-2023-0694,Gujarat,Rajkot,22.1142,70.6502,Irrigation/Water Res.,State Water Resources Dept,9.9,50,39055000,40.0,3,2023-10-21,Stage 2 of 5,28.4,Medium,116,2026-07-29,0.372,Y,226
LA-2023-0695,Maharashtra,Satara,19.7136,76.1762,Railway,State Railway Infra Corp,20.6,91,159806000,67.9,0,2023-01-29,Stage 3 of 5,52.4,High,162,2026-08-19,0.103,N,7
LA-2022-0696,Bihar,Darbhanga,25.1141,85.4119,Railway,Ministry of Railways,44.5,342,214227000,68.8,3,2022-02-26,Stage 4 of 5,63.8,Medium,172,2026-08-14,0.466,Y,50
LA-2021-0697,Bihar,Bhagalpur,24.9205,85.343,Irrigation/Water Res.,State Water Resources Dept,92.3,610,426196000,100.0,0,2021-10-17,Stage 5 of 5,64.7,Low,109,2026-08-11,0.0,N,28
LA-2021-0698,Tamil Nadu,Madurai,10.9438,78.2813,Railway,State Railway Infra Corp,5.9,44,40470000,52.8,0,2021-08-29,Stage 3 of 5,32.6,High,80,2026-08-20,0.249,N,3
LA-2024-0699,Maharashtra,Aurangabad,19.7065,75.6166,Industrial Corridor,State Industrial Dev. Corp,22.6,31,170641000,85.9,0,2024-12-14,Stage 5 of 5,79.3,Low,75,2026-08-23,0.073,N,1
LA-2024-0700,Rajasthan,Jaipur,26.4444,73.9691,Railway,State Railway Infra Corp,4.9,23,34526000,97.7,0,2024-07-14,Stage 5 of 5,100.0,High,119,2026-08-21,0.0,N,22
LA-2025-0701,Rajasthan,Udaipur,26.8395,74.0611,Power Transmission,Power Grid Corp,53.8,8,194711000,30.8,3,2025-09-10,Stage 3 of 5,33.3,Medium,231,2026-08-23,0.452,Y,135
LA-2024-0702,Uttar Pradesh,Kanpur,26.6972,81.4049,Urban Infra/Metro,State Metro Rail Corp,8.0,32,42909000,77.6,0,2024-01-23,Stage 3 of 5,63.6,High,421,2026-06-27,0.218,N,3
LA-2024-0703,Rajasthan,Alwar,27.3706,74.0142,Irrigation/Water Res.,State Water Resources Dept,45.7,188,313492000,38.1,0,2024-09-26,Stage 2 of 5,37.7,Low,68,2026-08-07,0.45,Y,133
LA-2020-0704,Maharashtra,Thane,19.9708,75.4828,Irrigation/Water Res.,State Water Resources Dept,13.9,74,116152000,62.3,4,2020-11-04,Stage 5 of 5,58.5,Medium,175,2026-08-26,0.426,Y,406
LA-2024-0705,Gujarat,Rajkot,22.3471,71.6895,Railway,Ministry of Railways,5.8,9,13141000,99.2,0,2024-07-02,Stage 4 of 5,77.1,High,162,2026-08-22,0.023,N,60
LA-2024-0706,Andhra Pradesh,Guntur,16.0446,79.4692,Industrial Corridor,DMIC/NICDC,53.2,839,692703000,69.1,1,2024-04-18,Stage 3 of 5,66.8,Medium,168,2026-08-22,0.22,N,1
LA-2025-0707,Bihar,Darbhanga,25.1572,84.8398,Urban Infra/Metro,State Metro Rail Corp,54.2,110,325189000,42.0,0,2025-04-12,Stage 2 of 5,35.5,Low,383,2026-08-21,0.267,N,12
LA-2024-0708,West Bengal,Kolkata,22.9959,87.9177,Industrial Corridor,DMIC/NICDC,17.6,19,155280000,94.3,0,2024-01-21,Stage 5 of 5,91.6,High,188,2026-08-09,0.0,N,22
LA-2025-0709,Gujarat,Ahmedabad,21.7635,71.7037,Railway,State Railway Infra Corp,109.2,992,684626000,83.5,0,2025-05-07,Stage 5 of 5,69.7,Low,187,2026-08-23,0.272,N,12
LA-2021-0710,Maharashtra,Raigad,19.8934,75.2711,Railway,Ministry of Railways,26.9,61,77119000,65.3,0,2021-08-27,Stage 3 of 5,34.7,Low,235,2026-08-26,0.146,N,7
LA-2024-0711,Gujarat,Bharuch,22.4896,71.3486,Industrial Corridor,State Industrial Dev. Corp,6.9,59,50802000,40.6,0,2024-11-15,Stage 3 of 5,38.9,High,310,2026-08-06,0.346,Y,1070
LA-2022-0712,Karnataka,Bengaluru Rural,15.7875,75.4926,Highway,NHAI,8.9,41,68751000,79.0,0,2022-02-21,Stage 3 of 5,67.6,Medium,122,2026-08-26,0.175,N,12
LA-2024-0713,Karnataka,Hubballi-Dharwad,15.5957,75.1653,Irrigation/Water Res.,State Water Resources Dept,6.7,25,25427000,51.2,0,2024-02-10,Stage 2 of 5,38.6,Medium,23,2026-08-01,0.364,Y,24
LA-2023-0714,Maharashtra,Thane,20.1939,75.4485,Highway,NHAI,13.9,78,99834000,17.4,0,2023-09-16,Stage 1 of 5,4.1,Low,183,2026-07-31,0.445,Y,446
LA-2022-0715,Maharashtra,Nashik,19.2347,75.423,Irrigation/Water Res.,State Water Resources Dept,29.4,288,166449000,70.1,0,2022-07-03,Stage 3 of 5,76.8,Medium,173,2026-08-23,0.188,N,4
LA-2021-0716,Uttar Pradesh,Ghaziabad,26.8894,81.0446,Power Transmission,State Electricity Board,30.4,101,289041000,51.6,0,2021-03-02,Stage 3 of 5,43.1,Low,119,2026-08-23,0.192,N,60
LA-2023-0717,Bihar,Muzaffarpur,25.0386,85.0739,Irrigation/Water Res.,State Water Resources Dept,23.7,62,160172000,37.9,0,2023-07-27,Stage 2 of 5,39.9,Medium,279,2026-06-01,0.301,Y,136
LA-2021-0718,Karnataka,Bengaluru Rural,15.7282,75.4144,Power Transmission,State Electricity Board,22.5,151,227543000,54.3,0,2021-05-13,Stage 2 of 5,37.4,Medium,232,2026-08-11,0.19,N,23
LA-2025-0719,Tamil Nadu,Chennai,11.5528,79.184,Irrigation/Water Res.,State Water Resources Dept,67.4,161,454809000,67.7,0,2025-08-31,Stage 4 of 5,73.7,Medium,152,2026-08-07,0.257,N,47
LA-2025-0720,Tamil Nadu,Chennai,11.7159,78.3753,Highway,State PWD,5.7,33,45361000,39.6,0,2025-01-14,Stage 1 of 5,44.0,Medium,65,2026-08-25,0.36,Y,27
LA-2025-0721,Madhya Pradesh,Jabalpur,23.1043,79.0257,Railway,State Railway Infra Corp,44.0,156,258983000,12.6,3,2025-06-27,Stage 1 of 5,3.3,Medium,158,2026-03-19,0.738,Y,523
LA-2022-0722,Uttar Pradesh,Kanpur,26.2849,80.8876,Power Transmission,Power Grid Corp,117.2,345,462961000,24.4,0,2022-12-08,Stage 1 of 5,17.4,High,224,2026-08-24,0.264,N,6
LA-2023-0723,Andhra Pradesh,Guntur,16.1168,79.7039,Railway,Ministry of Railways,16.9,52,135010000,75.1,0,2023-09-19,Stage 4 of 5,57.3,Medium,177,2026-07-15,0.073,N,41
LA-2025-0724,Rajasthan,Jodhpur,27.4364,73.7363,Urban Infra/Metro,Urban Dev. Authority,15.9,25,57215000,60.3,0,2025-04-30,Stage 3 of 5,55.5,Medium,129,2026-07-28,0.238,N,16
LA-2024-0725,Maharashtra,Nashik,19.8679,75.7968,Highway,State PWD,10.5,171,87225000,49.4,0,2024-09-01,Stage 2 of 5,41.9,High,383,2026-08-13,0.209,N,15
LA-2021-0726,Bihar,Gaya,24.8762,85.8336,Industrial Corridor,State Industrial Dev. Corp,21.9,35,50067000,84.8,0,2021-11-29,Stage 4 of 5,92.3,Low,217,2026-08-23,0.0,N,6
LA-2021-0727,Gujarat,Vadodara,22.1979,71.1842,Highway,State PWD,28.6,141,97896000,84.5,0,2021-10-25,Stage 5 of 5,80.8,Medium,105,2026-08-18,0.0,N,4
LA-2022-0728,Uttar Pradesh,Kanpur,26.499,80.4515,Highway,State PWD,20.0,130,95350000,48.5,1,2022-08-27,Stage 2 of 5,43.3,Medium,63,2026-08-21,0.085,N,3
LA-2020-0729,Bihar,Gaya,25.4508,85.6294,Highway,NHAI,36.4,294,275316000,19.9,2,2020-12-03,Stage 1 of 5,12.9,High,111,2026-08-24,0.536,Y,224
LA-2025-0730,Bihar,Muzaffarpur,24.9471,85.4063,Railway,State Railway Infra Corp,4.0,15,18921000,27.7,0,2025-09-17,Stage 1 of 5,29.8,Medium,135,2026-07-11,0.361,Y,124
LA-2024-0731,Rajasthan,Jaipur,27.1124,74.1771,Irrigation/Water Res.,State Water Resources Dept,7.3,21,26357000,62.1,0,2024-12-31,Stage 3 of 5,54.5,High,85,2026-08-23,0.246,N,6
LA-2022-0732,Uttar Pradesh,Ghaziabad,26.9851,80.7965,Railway,Ministry of Railways,7.6,34,42597000,79.6,4,2022-09-06,Stage 5 of 5,78.8,Medium,238,2026-03-04,0.411,Y,544
LA-2022-0733,Bihar,Gaya,24.7701,85.1713,Irrigation/Water Res.,State Water Resources Dept,5.2,26,44092000,45.3,2,2022-12-14,Stage 3 of 5,28.8,Medium,104,2026-08-02,0.443,Y,124
LA-2023-0734,Tamil Nadu,Salem,10.9707,78.3127,Power Transmission,Power Grid Corp,2.7,20,16681000,89.1,0,2023-08-20,Stage 4 of 5,76.7,Low,167,2026-08-12,0.0,N,1
LA-2025-0735,Andhra Pradesh,Vijayawada,15.6401,79.1441,Industrial Corridor,State Industrial Dev. Corp,11.9,99,66550000,34.2,0,2025-09-17,Stage 1 of 5,20.6,High,51,2026-08-03,0.308,Y,82
LA-2024-0736,Karnataka,Mysuru,15.4036,76.2983,Power Transmission,Power Grid Corp,134.6,931,1125992000,71.5,0,2024-03-19,Stage 4 of 5,54.9,Medium,160,2026-08-23,0.209,N,26
LA-2024-0737,Rajasthan,Udaipur,26.8104,73.634,Power Transmission,Power Grid Corp,32.7,141,144627000,82.9,0,2024-11-22,Stage 4 of 5,62.0,Medium,141,2026-08-07,0.028,N,7
LA-2023-0738,Bihar,Darbhanga,24.7559,84.8534,Railway,Ministry of Railways,8.2,51,57342000,48.1,4,2023-09-17,Stage 3 of 5,50.9,Medium,228,2026-07-01,0.606,Y,745
LA-2024-0739,Bihar,Bhagalpur,24.9229,85.0996,Industrial Corridor,State Industrial Dev. Corp,30.9,53,192356000,74.4,0,2024-03-24,Stage 4 of 5,62.8,High,41,2026-07-15,0.026,N,11
LA-2023-0740,Madhya Pradesh,Gwalior,22.9378,78.8919,Irrigation/Water Res.,State Water Resources Dept,36.8,202,223445000,50.8,0,2023-03-24,Stage 3 of 5,47.1,High,54,2026-07-30,0.262,N,9
LA-2021-0741,Maharashtra,Nagpur,19.967,75.7715,Highway,NHAI,10.8,90,109518000,56.8,0,2021-06-28,Stage 3 of 5,49.4,Medium,67,2026-08-24,0.206,N,32
LA-2024-0742,Andhra Pradesh,Anantapur,16.1198,79.7266,Highway,NHAI,8.0,29,16908000,1.9,3,2024-04-26,Stage 1 of 5,1.6,Medium,28,2026-08-24,0.499,Y,34
LA-2024-0743,Rajasthan,Alwar,27.5765,74.444,Railway,Ministry of Railways,51.4,220,419359000,82.9,0,2024-08-21,Stage 4 of 5,67.6,Medium,109,2026-08-24,0.0,N,25
LA-2025-0744,West Bengal,Nadia,23.3664,88.1046,Highway,State PWD,20.5,84,106228000,45.9,3,2025-10-30,Stage 3 of 5,43.5,Low,168,2026-08-06,0.493,Y,1017
LA-2025-0745,Uttar Pradesh,Kanpur,26.3049,81.2393,Industrial Corridor,State Industrial Dev. Corp,46.6,430,225034000,62.1,0,2025-04-13,Stage 3 of 5,59.5,High,20,2026-08-06,0.156,N,20
LA-2022-0746,Uttar Pradesh,Varanasi,26.6129,80.9399,Highway,State PWD,18.8,119,100119000,71.0,0,2022-02-17,Stage 3 of 5,62.3,Low,245,2026-08-14,0.059,N,9
LA-2023-0747,Odisha,Ganjam,21.2533,85.6292,Railway,Ministry of Railways,20.5,24,79058000,11.6,3,2023-12-18,Stage 1 of 5,3.7,Low,75,2026-04-22,0.776,Y,116
LA-2020-0748,Bihar,Darbhanga,25.4609,84.848,Highway,NHAI,8.7,38,32651000,74.2,0,2020-10-05,Stage 4 of 5,54.1,Medium,310,2026-08-10,0.114,N,11
LA-2023-0749,West Bengal,Hooghly,22.9091,87.7687,Power Transmission,State Electricity Board,32.4,190,181015000,85.6,0,2023-10-31,Stage 4 of 5,81.5,Low,164,2026-08-24,0.0,N,29
LA-2024-0750,Tamil Nadu,Coimbatore,10.7258,78.5428,Power Transmission,State Electricity Board,15.6,86,94591000,87.2,0,2024-06-16,Stage 5 of 5,70.3,Low,158,2026-08-12,0.153,N,4
LA-2021-0751,Uttar Pradesh,Kanpur,26.7211,81.526,Highway,State PWD,8.6,12,47061000,87.6,0,2021-07-04,Stage 5 of 5,78.0,Medium,107,2026-08-17,0.062,N,7
LA-2023-0752,Gujarat,Rajkot,22.108,71.7801,Highway,State PWD,29.2,178,137204000,75.7,0,2023-09-25,Stage 4 of 5,61.3,High,134,2026-08-26,0.165,N,11
LA-2022-0753,Uttar Pradesh,Meerut,26.8711,81.369,Industrial Corridor,DMIC/NICDC,7.0,29,23219000,82.0,0,2022-08-31,Stage 3 of 5,68.7,High,110,2026-08-26,0.135,N,10
LA-2026-0754,Tamil Nadu,Tiruchirappalli,10.733,79.1743,Industrial Corridor,DMIC/NICDC,54.0,86,329494000,69.1,0,2026-01-07,Stage 3 of 5,45.5,High,141,2026-08-27,0.179,N,6
LA-2024-0755,Odisha,Cuttack,20.7593,85.0123,Railway,Ministry of Railways,2.0,15,15080000,96.8,0,2024-07-28,Stage 5 of 5,81.5,Medium,192,2026-08-27,0.195,N,49
LA-2021-0756,West Bengal,Howrah,23.1724,87.8001,Power Transmission,State Electricity Board,44.3,69,309299000,57.6,0,2021-06-13,Stage 2 of 5,58.4,Low,403,2026-07-26,0.121,N,3
LA-2024-0757,West Bengal,Kolkata,23.164,88.3552,Irrigation/Water Res.,State Water Resources Dept,13.2,65,77702000,57.8,0,2024-05-28,Stage 3 of 5,36.8,High,116,2026-08-11,0.114,N,41
LA-2024-0758,Uttar Pradesh,Meerut,26.9843,81.3906,Industrial Corridor,DMIC/NICDC,23.5,149,202786000,47.0,1,2024-11-07,Stage 3 of 5,35.7,Low,184,2026-07-09,0.459,Y,505
LA-2022-0759,Karnataka,Bengaluru Rural,15.8397,75.1917,Highway,NHAI,22.6,211,120172000,73.0,1,2022-04-12,Stage 4 of 5,73.3,Low,216,2026-08-25,0.233,N,15
LA-2021-0760,Bihar,Bhagalpur,25.3988,84.7941,Highway,NHAI,131.6,239,518779000,71.1,2,2021-05-03,Stage 4 of 5,50.2,Low,192,2026-08-24,0.34,Y,464
LA-2021-0761,Gujarat,Surat,21.7602,71.7748,Irrigation/Water Res.,State Water Resources Dept,10.9,59,104019000,18.2,0,2021-09-18,Stage 1 of 5,14.3,Low,261,2026-07-10,0.372,Y,733
LA-2024-0762,Andhra Pradesh,Kurnool,16.0673,80.2023,Industrial Corridor,State Industrial Dev. Corp,4.3,12,20669000,72.4,0,2024-11-11,Stage 3 of 5,61.5,Medium,128,2026-07-26,0.024,N,17
LA-2024-0763,Maharashtra,Satara,19.2373,75.504,Highway,State PWD,7.6,19,26069000,0.0,8,2024-11-21,Stage 2 of 5,0.0,Medium,24,2026-05-06,1.04,Y,59
LA-2022-0764,Tamil Nadu,Chennai,10.5724,78.4057,Railway,Ministry of Railways,11.1,11,99724000,60.6,1,2022-12-20,Stage 3 of 5,47.3,Medium,181,2026-08-24,0.24,N,31
LA-2020-0765,Uttar Pradesh,Meerut,26.9539,80.5167,Highway,State PWD,8.7,11,48767000,43.2,1,2020-12-28,Stage 2 of 5,39.0,Medium,262,2026-08-09,0.268,N,8
LA-2025-0766,Uttar Pradesh,Ghaziabad,26.6197,81.0661,Highway,NHAI,9.3,10,45797000,73.8,0,2025-04-10,Stage 3 of 5,59.0,Medium,178,2026-07-05,0.168,N,6
LA-2024-0767,Andhra Pradesh,Kurnool,16.2059,79.7784,Irrigation/Water Res.,State Water Resources Dept,117.5,593,1063326000,78.2,0,2024-10-25,Stage 4 of 5,68.9,Low,372,2026-08-17,0.148,N,29
LA-2024-0768,Karnataka,Hubballi-Dharwad,15.0673,75.6627,Railway,State Railway Infra Corp,42.4,249,161651000,63.0,2,2024-08-02,Stage 4 of 5,53.8,Medium,274,2026-08-21,0.277,N,31
LA-2021-0769,Uttar Pradesh,Noida,27.2852,80.8476,Industrial Corridor,DMIC/NICDC,35.3,244,188774000,52.4,3,2021-01-01,Stage 4 of 5,53.1,Medium,293,2026-04-01,0.405,Y,307
LA-2026-0770,Bihar,Patna,25.1673,85.4675,Urban Infra/Metro,Urban Dev. Authority,46.0,275,178348000,83.5,0,2026-02-06,Stage 5 of 5,65.4,Low,131,2026-06-20,0.013,N,4
LA-2024-0771,Odisha,Cuttack,21.356,85.1849,Power Transmission,Power Grid Corp,22.7,123,173169000,64.2,0,2024-10-14,Stage 3 of 5,37.2,Low,148,2026-08-26,0.396,Y,369
LA-2023-0772,Gujarat,Vadodara,21.8608,71.3889,Railway,Ministry of Railways,24.0,134,198064000,61.5,0,2023-08-31,Stage 3 of 5,57.4,Low,225,2026-08-23,0.171,N,17
LA-2025-0773,Andhra Pradesh,Guntur,15.921,79.7738,Power Transmission,Power Grid Corp,32.9,105,273320000,97.7,0,2025-02-16,Stage 5 of 5,76.0,Medium,173,2026-08-22,0.0,N,49
LA-2021-0774,Andhra Pradesh,Vijayawada,15.8463,79.1545,Highway,NHAI,18.4,26,53261000,48.6,0,2021-11-25,Stage 3 of 5,35.8,Low,121,2026-08-16,0.198,N,11
LA-2025-0775,Tamil Nadu,Madurai,10.9929,78.5624,Power Transmission,State Electricity Board,21.7,83,147823000,49.5,0,2025-06-25,Stage 2 of 5,54.4,Medium,121,2026-08-23,0.152,N,9
LA-2022-0776,Odisha,Cuttack,21.4122,85.3217,Highway,State PWD,12.7,25,54938000,95.1,0,2022-08-17,Stage 5 of 5,82.7,Medium,213,2026-08-06,0.006,N,21
LA-2022-0777,Odisha,Ganjam,20.6232,85.669,Urban Infra/Metro,State Metro Rail Corp,40.8,58,364899000,81.3,1,2022-03-11,Stage 5 of 5,71.7,Medium,207,2026-08-20,0.203,N,14
LA-2026-0778,Uttar Pradesh,Lucknow,26.7659,80.7572,Urban Infra/Metro,State Metro Rail Corp,14.0,15,109704000,82.6,0,2026-02-27,Stage 4 of 5,87.7,Low,207,2026-08-20,0.159,N,19
LA-2022-0779,Tamil Nadu,Madurai,10.8904,78.2973,Irrigation/Water Res.,State Water Resources Dept,2.6,8,18275000,56.6,0,2022-04-09,Stage 3 of 5,61.6,Medium,295,2026-08-17,0.166,N,5
LA-2024-0780,Karnataka,Mysuru,15.5074,75.8379,Railway,State Railway Infra Corp,41.1,22,339269000,88.9,0,2024-01-09,Stage 4 of 5,81.0,Low,175,2026-08-14,0.0,N,2
LA-2020-0781,Uttar Pradesh,Lucknow,27.1965,81.3159,Railway,State Railway Infra Corp,25.7,73,111887000,49.8,5,2020-10-26,Stage 4 of 5,39.8,Medium,171,2026-08-06,0.507,Y,614
LA-2024-0782,Maharashtra,Nagpur,19.3466,76.173,Highway,State PWD,22.3,49,184243000,2.6,1,2024-08-05,Stage 1 of 5,3.1,Medium,262,2026-08-26,0.354,Y,320
LA-2024-0783,Karnataka,Bengaluru Rural,15.8423,75.3382,Irrigation/Water Res.,State Water Resources Dept,21.4,96,207359000,79.9,0,2024-05-16,Stage 4 of 5,54.6,Medium,301,2026-08-23,0.185,N,20
LA-2023-0784,Maharashtra,Nagpur,19.6526,75.9127,Railway,State Railway Infra Corp,22.1,76,201860000,70.6,0,2023-02-03,Stage 3 of 5,46.7,High,127,2026-08-15,0.172,N,7
LA-2022-0785,Uttar Pradesh,Kanpur,26.7651,80.4143,Irrigation/Water Res.,State Water Resources Dept,16.1,43,41715000,90.9,0,2022-10-11,Stage 4 of 5,73.2,Low,53,2026-08-10,0.054,N,11
LA-2020-0786,Gujarat,Ahmedabad,21.953,71.017,Irrigation/Water Res.,State Water Resources Dept,14.6,25,77651000,65.1,0,2020-12-19,Stage 3 of 5,56.4,High,220,2026-07-29,0.088,N,31
LA-2022-0787,Uttar Pradesh,Meerut,26.4858,80.9417,Power Transmission,State Electricity Board,2.2,22,22070000,68.4,0,2022-06-05,Stage 4 of 5,53.0,Medium,370,2026-08-24,0.15,N,7
LA-2022-0788,Madhya Pradesh,Bhopal,22.6691,78.1336,Irrigation/Water Res.,State Water Resources Dept,29.6,90,251349000,71.9,0,2022-10-22,Stage 3 of 5,72.0,Medium,279,2026-08-23,0.057,N,4
LA-2020-0789,Karnataka,Mysuru,14.8291,76.2393,Power Transmission,State Electricity Board,4.0,36,18726000,44.6,0,2020-11-29,Stage 2 of 5,24.7,Low,229,2026-08-24,0.298,N,13
LA-2023-0790,Andhra Pradesh,Kurnool,16.3398,80.1897,Irrigation/Water Res.,State Water Resources Dept,10.4,98,59058000,63.8,0,2023-03-02,Stage 3 of 5,46.3,Medium,20,2026-08-03,0.338,Y,17
LA-2025-0791,Andhra Pradesh,Anantapur,16.09,80.2995,Railway,State Railway Infra Corp,3.9,11,20721000,43.1,0,2025-05-04,Stage 2 of 5,14.3,High,126,2026-08-21,0.288,N,35
LA-2024-0792,Madhya Pradesh,Indore,23.0602,78.1405,Irrigation/Water Res.,State Water Resources Dept,4.7,27,30991000,58.3,0,2024-12-02,Stage 3 of 5,52.9,Low,232,2026-08-17,0.29,N,11
LA-2022-0793,Tamil Nadu,Coimbatore,11.054,78.8731,Highway,NHAI,4.5,38,31907000,82.6,0,2022-07-17,Stage 5 of 5,54.6,Medium,116,2026-08-26,0.031,N,60
LA-2024-0794,Gujarat,Bharuch,22.6767,71.2253,Railway,State Railway Infra Corp,6.6,30,55515000,73.7,0,2024-04-01,Stage 3 of 5,64.1,Medium,176,2026-07-25,0.29,N,34
LA-2024-0795,Gujarat,Ahmedabad,22.3883,71.7882,Highway,NHAI,6.7,20,50094000,63.7,0,2024-02-24,Stage 3 of 5,41.6,Low,214,2026-08-23,0.093,N,1
LA-2021-0796,Bihar,Muzaffarpur,25.5191,85.4636,Irrigation/Water Res.,State Water Resources Dept,21.7,303,214853000,91.5,0,2021-12-22,Stage 4 of 5,71.0,Medium,442,2026-08-24,0.228,N,60
LA-2025-0797,Gujarat,Ahmedabad,22.0741,71.2235,Highway,State PWD,17.9,45,60149000,49.8,4,2025-10-17,Stage 4 of 5,37.7,Medium,80,2026-08-06,0.533,Y,260
LA-2024-0798,Uttar Pradesh,Ghaziabad,26.6802,80.3726,Urban Infra/Metro,Urban Dev. Authority,23.0,214,251253000,75.8,0,2024-07-09,Stage 4 of 5,64.2,Medium,347,2026-08-27,0.071,N,5
LA-2025-0799,Maharashtra,Raigad,19.6261,76.2431,Power Transmission,Power Grid Corp,11.8,226,61052000,82.9,0,2025-10-05,Stage 4 of 5,84.4,Medium,276,2026-08-19,0.0,N,23
LA-2025-0800,Karnataka,Belagavi,15.463,75.9567,Industrial Corridor,State Industrial Dev. Corp,69.5,635,809780000,63.4,0,2025-11-27,Stage 3 of 5,46.8,High,179,2026-08-18,0.128,N,5
LA-2022-0801,Gujarat,Vadodara,22.2484,71.4534,Highway,NHAI,7.9,22,57890000,93.1,1,2022-07-18,Stage 5 of 5,77.9,Medium,47,2026-08-24,0.17,N,19
LA-2022-0802,Tamil Nadu,Chennai,11.1299,78.2916,Industrial Corridor,DMIC/NICDC,5.1,32,50671000,56.0,0,2022-11-02,Stage 2 of 5,29.1,Medium,133,2026-06-17,0.345,Y,292
LA-2023-0803,Maharashtra,Nagpur,19.2088,76.0612,Irrigation/Water Res.,State Water Resources Dept,9.5,42,74758000,51.7,0,2023-01-14,Stage 2 of 5,37.9,Medium,183,2026-08-12,0.377,Y,314
LA-2021-0804,Karnataka,Belagavi,15.3045,75.2985,Highway,State PWD,20.9,71,151434000,97.1,2,2021-10-18,Stage 5 of 5,90.4,Medium,98,2026-08-23,0.279,N,11
LA-2025-0805,Tamil Nadu,Coimbatore,11.617,78.5569,Highway,State PWD,35.8,49,199698000,50.9,2,2025-05-25,Stage 4 of 5,43.7,Medium,298,2026-07-18,0.351,Y,214
LA-2022-0806,Uttar Pradesh,Kanpur,26.5914,80.4383,Highway,State PWD,179.3,774,1335917000,44.4,8,2022-04-20,Stage 5 of 5,39.4,Medium,281,2026-07-15,0.848,Y,1426
LA-2020-0807,Maharashtra,Raigad,19.7777,76.0948,Highway,NHAI,3.2,7,17930000,48.1,0,2020-11-30,Stage 2 of 5,46.3,High,176,2026-08-24,0.183,N,13
LA-2025-0808,Uttar Pradesh,Meerut,26.6186,81.2352,Highway,NHAI,23.6,52,79415000,61.3,0,2025-08-27,Stage 3 of 5,52.4,High,223,2026-08-23,0.124,N,8
LA-2025-0809,Uttar Pradesh,Lucknow,26.7644,80.8007,Irrigation/Water Res.,State Water Resources Dept,34.6,82,249649000,86.3,0,2025-03-04,Stage 4 of 5,80.4,High,226,2026-07-18,0.091,N,16
LA-2023-0810,West Bengal,Kolkata,23.3026,87.9435,Industrial Corridor,DMIC/NICDC,6.2,14,55314000,71.1,0,2023-03-20,Stage 4 of 5,70.5,Low,317,2026-08-23,0.195,N,29
LA-2021-0811,Maharashtra,Nagpur,19.6904,75.5409,Industrial Corridor,State Industrial Dev. Corp,14.0,52,121041000,33.6,0,2021-02-14,Stage 1 of 5,28.7,Low,148,2026-08-06,0.251,N,14
LA-2025-0812,Rajasthan,Jodhpur,26.9858,74.6949,Railway,Ministry of Railways,28.5,66,90117000,14.9,2,2025-04-17,Stage 1 of 5,4.4,High,101,2026-07-08,0.661,Y,213
LA-2022-0813,Bihar,Bhagalpur,24.7198,84.8573,Power Transmission,State Electricity Board,22.7,80,174963000,65.7,0,2022-02-04,Stage 2 of 5,52.1,Low,416,2026-08-21,0.171,N,13
LA-2022-0814,Uttar Pradesh,Agra,26.6183,81.1869,Highway,State PWD,52.9,1246,716536000,37.0,0,2022-08-20,Stage 1 of 5,25.6,High,342,2026-08-25,0.272,N,0
LA-2022-0815,Uttar Pradesh,Meerut,27.3147,81.5067,Highway,State PWD,33.3,559,253305000,76.9,1,2022-07-26,Stage 5 of 5,79.9,Medium,472,2026-08-07,0.193,N,11
LA-2023-0816,Andhra Pradesh,Guntur,16.2915,79.6506,Highway,NHAI,13.4,54,98786000,82.4,0,2023-06-03,Stage 4 of 5,60.1,Medium,93,2026-08-13,0.184,N,24
LA-2024-0817,Andhra Pradesh,Vijayawada,15.9325,79.6738,Railway,State Railway Infra Corp,11.1,43,31529000,100.0,0,2024-12-20,Stage 5 of 5,73.3,High,153,2026-08-23,0.117,N,2
LA-2022-0818,Uttar Pradesh,Ghaziabad,26.5886,81.1229,Highway,NHAI,6.8,31,40739000,100.0,0,2022-04-22,Stage 5 of 5,92.0,Low,249,2026-07-14,0.056,N,11
LA-2023-0819,Karnataka,Belagavi,15.7374,75.5387,Irrigation/Water Res.,State Water Resources Dept,53.8,47,182912000,71.0,0,2023-06-25,Stage 3 of 5,53.2,High,153,2026-07-12,0.312,Y,349
LA-2023-0820,Maharashtra,Pune,19.7819,76.1,Highway,State PWD,15.1,87,112490000,76.1,1,2023-04-15,Stage 4 of 5,74.7,Medium,219,2026-07-27,0.164,N,19
LA-2024-0821,Karnataka,Hubballi-Dharwad,15.7117,76.009,Irrigation/Water Res.,State Water Resources Dept,36.4,122,178606000,34.6,1,2024-08-29,Stage 2 of 5,36.6,High,199,2026-07-22,0.342,Y,111
LA-2024-0822,Rajasthan,Alwar,26.8872,73.6913,Railway,State Railway Infra Corp,47.6,147,140631000,95.9,0,2024-07-16,Stage 5 of 5,91.5,Medium,215,2026-08-25,0.0,N,6
LA-2025-0823,Gujarat,Vadodara,22.2056,71.789,Irrigation/Water Res.,State Water Resources Dept,33.1,75,225527000,39.9,0,2025-08-26,Stage 1 of 5,23.6,Low,203,2026-08-17,0.191,N,22
LA-2022-0824,Bihar,Muzaffarpur,25.6517,85.182,Railway,State Railway Infra Corp,38.2,292,319321000,99.5,0,2022-01-15,Stage 5 of 5,65.7,Low,172,2026-08-27,0.076,N,60
LA-2022-0825,Uttar Pradesh,Ghaziabad,26.4728,81.2067,Railway,State Railway Infra Corp,4.8,11,13774000,93.9,0,2022-09-25,Stage 5 of 5,74.6,Medium,167,2026-08-15,0.123,N,7
LA-2023-0826,Rajasthan,Jaipur,26.9637,73.7647,Railway,State Railway Infra Corp,18.4,38,156855000,57.3,2,2023-07-17,Stage 3 of 5,50.4,High,246,2026-07-30,0.361,Y,132
LA-2023-0827,Maharashtra,Pune,19.851,75.848,Industrial Corridor,DMIC/NICDC,32.8,208,148314000,73.7,0,2023-04-11,Stage 4 of 5,58.0,Low,361,2026-08-12,0.118,N,4
LA-2024-0828,Gujarat,Bharuch,22.7212,70.8719,Railway,Ministry of Railways,12.8,31,94485000,100.0,0,2024-04-22,Stage 5 of 5,92.9,Medium,116,2026-08-23,0.159,N,34
LA-2022-0829,Uttar Pradesh,Agra,26.9083,80.7293,Railway,State Railway Infra Corp,46.9,173,228003000,22.8,8,2022-07-15,Stage 3 of 5,27.8,Medium,181,2026-06-21,0.859,Y,380
LA-2020-0830,Gujarat,Vadodara,22.8431,70.9504,Irrigation/Water Res.,State Water Resources Dept,3.5,15,22595000,82.3,0,2020-11-27,Stage 5 of 5,65.8,Medium,304,2026-08-25,0.198,N,0
LA-2021-0831,Tamil Nadu,Chennai,11.2416,78.9895,Railway,State Railway Infra Corp,10.3,122,107514000,29.6,3,2021-10-12,Stage 2 of 5,28.1,High,149,2026-08-11,0.533,Y,352
LA-2021-0832,Gujarat,Vadodara,21.8871,71.0105,Industrial Corridor,DMIC/NICDC,8.7,20,28129000,39.0,0,2021-01-11,Stage 1 of 5,39.7,Low,339,2026-08-11,0.221,N,8
LA-2021-0833,Tamil Nadu,Salem,10.6647,78.9942,Industrial Corridor,DMIC/NICDC,6.9,39,37872000,63.0,0,2021-08-20,Stage 4 of 5,52.0,Low,103,2026-08-06,0.265,N,6
LA-2025-0834,Maharashtra,Nagpur,20.1542,75.8813,Railway,State Railway Infra Corp,7.4,24,20723000,59.4,0,2025-09-18,Stage 3 of 5,73.6,High,286,2026-07-30,0.1,N,30
LA-2022-0835,Odisha,Sundargarh,20.8413,85.6767,Railway,State Railway Infra Corp,6.5,37,56132000,73.0,0,2022-01-02,Stage 4 of 5,62.1,Low,175,2026-08-21,0.249,N,14
LA-2025-0836,Andhra Pradesh,Visakhapatnam,15.7783,79.8066,Highway,State PWD,6.7,63,36113000,46.2,1,2025-04-26,Stage 3 of 5,43.1,High,178,2026-08-19,0.256,N,1
LA-2023-0837,Bihar,Darbhanga,25.2235,85.2397,Urban Infra/Metro,Urban Dev. Authority,17.8,221,83639000,81.7,0,2023-03-06,Stage 4 of 5,47.4,Low,70,2026-08-06,0.17,N,8
LA-2022-0838,Gujarat,Vadodara,22.7827,70.8278,Urban Infra/Metro,State Metro Rail Corp,13.6,102,71540000,52.0,0,2022-03-27,Stage 3 of 5,41.0,High,166,2026-08-02,0.325,Y,137
LA-2021-0839,Andhra Pradesh,Visakhapatnam,15.7239,79.1662,Railway,State Railway Infra Corp,22.2,137,182098000,0.0,12,2021-10-03,Stage 3 of 5,0.0,High,177,2026-05-04,1.206,Y,1127
LA-2023-0840,Gujarat,Vadodara,22.6425,71.6489,Power Transmission,Power Grid Corp,10.8,31,71365000,50.8,0,2023-05-21,Stage 2 of 5,40.3,Low,81,2026-06-30,0.384,Y,174
LA-2021-0841,Gujarat,Ahmedabad,22.7778,71.1665,Irrigation/Water Res.,State Water Resources Dept,4.0,48,24345000,79.4,0,2021-02-03,Stage 4 of 5,68.1,Medium,226,2026-08-24,0.063,N,15
LA-2020-0842,Gujarat,Bharuch,22.4915,71.7349,Highway,State PWD,27.7,30,166371000,88.3,0,2020-11-19,Stage 4 of 5,74.8,Medium,93,2026-08-13,0.062,N,7
LA-2025-0843,Madhya Pradesh,Bhopal,22.6754,78.4832,Highway,NHAI,18.2,74,131218000,38.1,5,2025-06-24,Stage 3 of 5,35.2,High,196,2025-07-25,0.557,Y,155
LA-2020-0844,Gujarat,Ahmedabad,21.9409,71.6042,Power Transmission,Power Grid Corp,14.8,95,76376000,90.6,0,2020-09-10,Stage 4 of 5,70.6,Low,230,2026-08-24,0.14,N,3
LA-2021-0845,Rajasthan,Udaipur,27.3557,74.0106,Irrigation/Water Res.,State Water Resources Dept,39.0,150,191411000,86.5,0,2021-05-31,Stage 5 of 5,59.5,Medium,306,2026-08-05,0.134,N,14
LA-2025-0846,Uttar Pradesh,Varanasi,26.512,81.0769,Industrial Corridor,State Industrial Dev. Corp,16.4,67,61268000,78.8,0,2025-02-14,Stage 4 of 5,76.0,Medium,250,2026-08-21,0.0,N,15
LA-2022-0847,Bihar,Darbhanga,24.5157,84.922,Railway,Ministry of Railways,13.0,34,57603000,23.5,5,2022-12-12,Stage 2 of 5,13.8,Medium,305,2025-07-26,0.673,Y,369
LA-2022-0848,Maharashtra,Raigad,19.6322,75.1656,Highway,State PWD,13.0,64,95219000,58.0,0,2022-11-09,Stage 3 of 5,52.7,Medium,395,2026-08-15,0.243,N,1
LA-2025-0849,Uttar Pradesh,Ghaziabad,26.8551,81.2742,Industrial Corridor,DMIC/NICDC,20.2,36,66862000,43.3,1,2025-06-22,Stage 2 of 5,50.0,High,230,2026-08-22,0.327,Y,105
